EVENT_ID,CZ_NAME_STR,BEGIN_LOCATION,BEGIN_DATE,BEGIN_TIME,EVENT_TYPE,MAGNITUDE,TOR_F_SCALE,DEATHS_DIRECT,INJURIES_DIRECT,DAMAGE_PROPERTY_NUM,DAMAGE_CROPS_NUM,CZ_TIMEZONE,MAGNITUDE_TYPE,EPISODE_ID,CZ_TYPE,CZ_FIPS,WFO,INJURIES_INDIRECT,DEATHS_INDIRECT,SOURCE,FLOOD_CAUSE,TOR_LENGTH,TOR_WIDTH,BEGIN_RANGE,BEGIN_AZIMUTH,END_RANGE,END_AZIMUTH,END_LOCATION,END_DATE,END_TIME,BEGIN_LAT,BEGIN_LON,END_LAT,END_LON,EVENT_NARRATIVE,EPISODE_NARRATIVE,STATE
"1242546","CARTER CO.","LONE GROVE","03/04/2025","428","Tornado","","EF1","0","3","500000","0","CST-6","","199105","C","19","OUN","0","0","Emergency Manager","","0.5","120","3.62","N","4.09","N","LONE GROVE","03/04/2025","429","34.232","-97.268","34.239","-97.265","A tornado developed east of Newport Road and Cardinal Road and moved north-northeast. At least three small homes were severely damaged. Three injuries were reported from one of these homes.","An intense upper-level trough impacted the WFO Norman Forecast Area during the late evening of the 3rd through the 4th. Initial thunderstorm development occurred along an attendant cold front, moving west to east across the area early in the period. These initial thunderstorms produced reports of large hail and wind damage across western Oklahoma. A few hours later, during the predawn hours of the 4th, a maturing mesoscale convective system (MCS) swept across portions of south-central into southeastern Oklahoma, producing several tornadoes and widespread damaging winds. ||Finally, during daytime hours on the 4th, a strong pressure gradient and low-level jet axis promoted a widespread synoptic high wind episode across the forecast area. As a note, the first, last and highest magnitude wind gusts are those included in this episode for a particular zone (county).","OKLAHOMA"
"1242549","CARTER CO.","GENE AUTRY","03/04/2025","443","Tornado","","EF0","0","0","100000","0","CST-6","","199105","C","19","OUN","0","0","Emergency Manager","","1.2","40","0.5","NNE","0.5","SSE","(ADM)ARDMORE APT","03/04/2025","444","34.287","-97.038","34.293","-97.018","This tornado developed on the northern edge of the community of Gene Autry where a mobile home suffered roof damage and a camper was blown over. The tornado moved east-northeast crossing State Highway 53 and moving into the southern portion of Ardmore Municipal Airport. A barn was damaged along Highway 53, and windows were damaged in on outbuilding on the airport grounds.","An intense upper-level trough impacted the WFO Norman Forecast Area during the late evening of the 3rd through the 4th. Initial thunderstorm development occurred along an attendant cold front, moving west to east across the area early in the period. These initial thunderstorms produced reports of large hail and wind damage across western Oklahoma. A few hours later, during the predawn hours of the 4th, a maturing mesoscale convective system (MCS) swept across portions of south-central into southeastern Oklahoma, producing several tornadoes and widespread damaging winds. ||Finally, during daytime hours on the 4th, a strong pressure gradient and low-level jet axis promoted a widespread synoptic high wind episode across the forecast area. As a note, the first, last and highest magnitude wind gusts are those included in this episode for a particular zone (county).","OKLAHOMA"
"1242552","PONTOTOC CO.","FITTSTOWN","03/04/2025","503","Tornado","","EF0","0","0","200000","0","CST-6","","199105","C","123","OUN","0","0","NWS Storm Survey","","8.8","100","7.07","SW","2.44","N","FITTSTOWN","03/04/2025","512","34.545","-96.726","34.645","-96.636","The Fittstown tornado developed just southwest of the Fittstown mesonet station about 7 miles southwest of the town of Fittstown. (The Fittstown mesonet station measured an 87 mph is listed separately)  An RV was blown over and an outbuilding damaged near the beginning of the path. The tornado moved northeast damaging trees and producing shingle damage to a home. One other outbuilding was damaged just west of US Highway 377 as the tornado was dissipating.","An intense upper-level trough impacted the WFO Norman Forecast Area during the late evening of the 3rd through the 4th. Initial thunderstorm development occurred along an attendant cold front, moving west to east across the area early in the period. These initial thunderstorms produced reports of large hail and wind damage across western Oklahoma. A few hours later, during the predawn hours of the 4th, a maturing mesoscale convective system (MCS) swept across portions of south-central into southeastern Oklahoma, producing several tornadoes and widespread damaging winds. ||Finally, during daytime hours on the 4th, a strong pressure gradient and low-level jet axis promoted a widespread synoptic high wind episode across the forecast area. As a note, the first, last and highest magnitude wind gusts are those included in this episode for a particular zone (county).","OKLAHOMA"
"1242554","PONTOTOC CO.","ADA","03/04/2025","511","Tornado","","EF1","0","1","10000000","0","CST-6","","199105","C","123","OUN","0","0","NWS Storm Survey","","3.7","200","1.48","W","2.22","ENE","ADA","03/04/2025","515","34.768","-96.706","34.786","-96.646","The Ada Tornado developed on the west side of Ada just west of State Highway 1 near Reeves Road, and moved generally east-northeast down Main Street through central and dissipated on the northeast side of Ada northeast of East Central University and Arlington Center. Numerous homes, businesses, trees and utility poles were damaged along the path. A motel suffered significant roof damage along Main Street. An apartment complex northeast of East Central University received roof damage. One person was injured outside of the motel when the tornado hit.","An intense upper-level trough impacted the WFO Norman Forecast Area during the late evening of the 3rd through the 4th. Initial thunderstorm development occurred along an attendant cold front, moving west to east across the area early in the period. These initial thunderstorms produced reports of large hail and wind damage across western Oklahoma. A few hours later, during the predawn hours of the 4th, a maturing mesoscale convective system (MCS) swept across portions of south-central into southeastern Oklahoma, producing several tornadoes and widespread damaging winds. ||Finally, during daytime hours on the 4th, a strong pressure gradient and low-level jet axis promoted a widespread synoptic high wind episode across the forecast area. As a note, the first, last and highest magnitude wind gusts are those included in this episode for a particular zone (county).","OKLAHOMA"
"1242555","PONTOTOC CO.","STONEWALL","03/04/2025","516","Tornado","","EF1","0","0","300000","0","CST-6","","199105","C","123","OUN","0","0","NWS Storm Survey","","1","40","4.78","NW","4.24","NW","STONEWALL","03/04/2025","517","34.694","-96.595","34.697","-96.578","The Union Valley Tornado developed just east of State Highway 3 along County Road E1600 and moved east-northeast. One home received roof damage, the Union Valley Volunteer Fire Station was heavily damaged and numerous trees were damaged along the path. The tornado dissipated soon after hitting the Union Valley fire station.","An intense upper-level trough impacted the WFO Norman Forecast Area during the late evening of the 3rd through the 4th. Initial thunderstorm development occurred along an attendant cold front, moving west to east across the area early in the period. These initial thunderstorms produced reports of large hail and wind damage across western Oklahoma. A few hours later, during the predawn hours of the 4th, a maturing mesoscale convective system (MCS) swept across portions of south-central into southeastern Oklahoma, producing several tornadoes and widespread damaging winds. ||Finally, during daytime hours on the 4th, a strong pressure gradient and low-level jet axis promoted a widespread synoptic high wind episode across the forecast area. As a note, the first, last and highest magnitude wind gusts are those included in this episode for a particular zone (county).","OKLAHOMA"
"1242556","PONTOTOC CO.","ALLEN","03/04/2025","525","Tornado","","EF1","0","0","75000","0","CST-6","","199105","C","123","OUN","0","0","Emergency Manager","","4.8","150","4.46","WSW","0.5","NNE","ALLEN","03/04/2025","530","34.856","-96.483","34.887","-96.408","The Allen Tornado initially developed about 4.5 miles southwest of Allen where a mobile home, a barn and trees were damaged. The tornado moved northeast and produced home and other buildings on the north side of Allen.","An intense upper-level trough impacted the WFO Norman Forecast Area during the late evening of the 3rd through the 4th. Initial thunderstorm development occurred along an attendant cold front, moving west to east across the area early in the period. These initial thunderstorms produced reports of large hail and wind damage across western Oklahoma. A few hours later, during the predawn hours of the 4th, a maturing mesoscale convective system (MCS) swept across portions of south-central into southeastern Oklahoma, producing several tornadoes and widespread damaging winds. ||Finally, during daytime hours on the 4th, a strong pressure gradient and low-level jet axis promoted a widespread synoptic high wind episode across the forecast area. As a note, the first, last and highest magnitude wind gusts are those included in this episode for a particular zone (county).","OKLAHOMA"
"1242559","JOHNSTON CO.","NIDA","03/04/2025","537","Tornado","","EF0","0","0","200000","0","CST-6","","199105","C","69","OUN","0","0","Emergency Manager","","1.56","100","0.18","WSW","1.35","ENE","NIDA","03/04/2025","539","34.139","-96.503","34.147","-96.478","The Nida Tornado developed about a mile southwest of Nida where a mobile home and a barn were destroyed. The tornado moved northeast to Nida, then east along State Highway 22 before turning northeast destroying additional barns and outbuildings before dissipating near Prairie Dog Road.","An intense upper-level trough impacted the WFO Norman Forecast Area during the late evening of the 3rd through the 4th. Initial thunderstorm development occurred along an attendant cold front, moving west to east across the area early in the period. These initial thunderstorms produced reports of large hail and wind damage across western Oklahoma. A few hours later, during the predawn hours of the 4th, a maturing mesoscale convective system (MCS) swept across portions of south-central into southeastern Oklahoma, producing several tornadoes and widespread damaging winds. ||Finally, during daytime hours on the 4th, a strong pressure gradient and low-level jet axis promoted a widespread synoptic high wind episode across the forecast area. As a note, the first, last and highest magnitude wind gusts are those included in this episode for a particular zone (county).","OKLAHOMA"
"1242562","HUGHES CO.","HORNTOWN","03/04/2025","546","Tornado","","EF1","0","0","75000","0","CST-6","","199105","C","63","OUN","0","0","Emergency Manager","","2.88","50","1.28","ENE","2.79","W","LAMAR","03/04/2025","549","35.097","-96.229","35.105","-96.179","A tornado developed northeast of Horntown and moved east-northeast for about three miles damaging at least two buildings.","An intense upper-level trough impacted the WFO Norman Forecast Area during the late evening of the 3rd through the 4th. Initial thunderstorm development occurred along an attendant cold front, moving west to east across the area early in the period. These initial thunderstorms produced reports of large hail and wind damage across western Oklahoma. A few hours later, during the predawn hours of the 4th, a maturing mesoscale convective system (MCS) swept across portions of south-central into southeastern Oklahoma, producing several tornadoes and widespread damaging winds. ||Finally, during daytime hours on the 4th, a strong pressure gradient and low-level jet axis promoted a widespread synoptic high wind episode across the forecast area. As a note, the first, last and highest magnitude wind gusts are those included in this episode for a particular zone (county).","OKLAHOMA"
"1242781","OKMULGEE CO.","HENRYETTA ARPT","03/04/2025","606","Tornado","","EF1","0","0","80000","0","CST-6","","199647","C","111","TSA","0","0","NWS Storm Survey","","1.8","375","1.11","ENE","1.33","ESE","BLACKSTONE MINE","03/04/2025","609","35.404","-96.001","35.423","-95.978","This tornado developed west of the S 210 Road and south of the E 111 Road, where large tree limbs were snapped. It moved northeast across Henryetta Golf and Country Club uprooting and snapping numerous trees, and damaging outbuildings. It then crossed Lake Road, where homes were damaged, outbuildings were destroyed, and trees were uprooted. The tornado dissipated east of Lake Road and north of Country Club Road. Based on this damage, maximum estimated wind in the tornado was 90 to 100 mph.","Strong to severe thunderstorms developed into eastern Oklahoma during the early morning hours of the 4th, as a strong storm system translated from the Southern Rockies into the Southern Plains. Instability was weak but wind shear was very strong ahead of the attendant surface low pressure system and frontal boundaries. This allowed the thunderstorms to produce several tornadoes and damaging wind gusts.","OKLAHOMA"
"1242785","OKMULGEE CO.","HENRYETTA","03/04/2025","610","Tornado","","EF1","0","0","40000","0","CST-6","","199647","C","111","TSA","0","0","NWS Storm Survey","","3.3","350","2.27","SE","0.87","ESE","KUSA","03/04/2025","615","35.423","-95.957","35.447","-95.905","This tornado developed south of New Lake Road and east of the S 230 Road, where trees were snapped. It moved northeast across I-40, crossed Holly Road damaging outbuildings, and then Arbeka Road, where large tree limbs were snapped. It then dissipated north of Holly Road and east of Arbeka Road. Based on this damage, maximum estimated wind in the tornado was 90 to 95 mph.","Strong to severe thunderstorms developed into eastern Oklahoma during the early morning hours of the 4th, as a strong storm system translated from the Southern Rockies into the Southern Plains. Instability was weak but wind shear was very strong ahead of the attendant surface low pressure system and frontal boundaries. This allowed the thunderstorms to produce several tornadoes and damaging wind gusts.","OKLAHOMA"
"1242788","OKMULGEE CO.","MORRIS ARPT","03/04/2025","622","Tornado","","EF1","0","0","75000","0","CST-6","","199647","C","111","TSA","0","0","NWS Storm Survey","","2.7","400","2.51","WNW","1.8","N","MORRIS ARPT","03/04/2025","625","35.66","-95.893","35.676","-95.849","This tornado developed west of the N 270 Road and north of Gun Club Road, where an RV was rolled and large tree limbs were snapped. It moved east-northeast across the N 280 Road, where the roof of a home was damaged, and several power poles were snapped. The tornado then crossed Smith Road, blowing down power poles and damaging a home. It moved northeast across Highway 52 snapping large tree limbs and damaging the roof of another home before dissipating. Based on this damage, maximum estimated wind in the tornado was 90 to 95 mph.","Strong to severe thunderstorms developed into eastern Oklahoma during the early morning hours of the 4th, as a strong storm system translated from the Southern Rockies into the Southern Plains. Instability was weak but wind shear was very strong ahead of the attendant surface low pressure system and frontal boundaries. This allowed the thunderstorms to produce several tornadoes and damaging wind gusts.","OKLAHOMA"
"1242791","OKMULGEE CO.","ERAM","03/04/2025","625","Tornado","","EF0","0","0","10000","0","CST-6","","199647","C","111","TSA","0","0","NWS Storm Survey","","3.1","250","2.08","W","2.09","N","ERAM","03/04/2025","629","35.622","-95.787","35.65","-95.745","This tornado developed west of the N 330 Road and south of Watts Road, where large tree limbs were snapped. It moved northeast crossing the N 340 Road, where large tree limbs were snapped, and then crossed McKinley Road, damaging the roof of a house. It then crossed the N 350 Road, where large tree limbs were snapped, and dissipated south of Gun Club Road. Based on this damage, maximum estimated wind in the tornado was 75 to 80 mph.","Strong to severe thunderstorms developed into eastern Oklahoma during the early morning hours of the 4th, as a strong storm system translated from the Southern Rockies into the Southern Plains. Instability was weak but wind shear was very strong ahead of the attendant surface low pressure system and frontal boundaries. This allowed the thunderstorms to produce several tornadoes and damaging wind gusts.","OKLAHOMA"
"1242793","MCINTOSH CO.","EUFAULA MUNI ARPT","03/04/2025","633","Tornado","","EF1","0","0","20000","0","CST-6","","199647","C","91","TSA","0","0","NWS Storm Survey","","0.7","150","0.13","WNW","0.61","NE","EUFAULA MUNI ARPT","03/04/2025","634","35.301","-95.622","35.305","-95.611","A tornado developed east of Airport Drive, moved east-northeast across Pecan Lane, and dissipated north of Airport Road. The tornado damaged outbuildings and homes, and blew down trees. Based on this damage, maximum estimated wind in the tornado was 85 to 95 mph.","Strong to severe thunderstorms developed into eastern Oklahoma during the early morning hours of the 4th, as a strong storm system translated from the Southern Rockies into the Southern Plains. Instability was weak but wind shear was very strong ahead of the attendant surface low pressure system and frontal boundaries. This allowed the thunderstorms to produce several tornadoes and damaging wind gusts.","OKLAHOMA"
"1242795","MCINTOSH CO.","CHECOTAH","03/04/2025","651","Tornado","","EF0","0","0","50000","0","CST-6","","199647","C","91","TSA","0","0","NWS Storm Survey","","1.6","150","3.53","E","2.51","SSW","SHADY GROVE","03/04/2025","653","35.438","-95.458","35.445","-95.432","This tornado developed north of the E 1090 Road and west of New Texanna Road, where large tree limbs were snapped, the roof of a barn was blown off, and the roof of a home was damaged. The tornado moved northeast snapping large tree limbs as it crossed the S 4260 Road, and dissipated. Based on this damage, maximum estimated wind in the tornado was 80 to 85 mph.","Strong to severe thunderstorms developed into eastern Oklahoma during the early morning hours of the 4th, as a strong storm system translated from the Southern Rockies into the Southern Plains. Instability was weak but wind shear was very strong ahead of the attendant surface low pressure system and frontal boundaries. This allowed the thunderstorms to produce several tornadoes and damaging wind gusts.","OKLAHOMA"
"1243209","FLOYD CO.","LONE STAR","04/24/2025","1810","Tornado","","EFU","0","0","0","0","CST-6","","200583","C","153","LUB","0","0","Storm Chaser","","2.43","20","3.97","NE","6.26","ENE","LONE STAR","04/24/2025","1812","34.305","-101.3649","34.3125","-101.3232","Multiple storm chasers published photograph and video evidence of an anticyclonic tornado that crossed from northern Floyd County into southern Briscoe County over open fields.","Another day of widespread severe thunderstorms occurred on the afternoon and evening hours of the 24th. Persistent but weak southwesterly flow aloft increased on the 24th which allowed supercell thunderstorms to produce giant hail. Increased low level southeasterly winds also allowed these thunderstorms to produce numerous tornadoes. Thunderstorms initially developed late in the afternoon along a dryline along the Interstate 27/US Highway 87 corridor and quickly intensified as they moved east. These storms were able to take advantage of a very unstable atmosphere and rotate to generate large hail. One supercell thunderstorm tracked from southeastern Swisher County across a portion of Briscoe County into Floyd County and then ended in southwestern Motley County. This storm was particularly intense producing a long lived swath of hail in excess of four inches in diameter. The largest observation came in eastern Floyd County where a hail stone was measured at 5.20 inches with a caliper. This same storm produced a long track tornado from northeastern Floyd County into southwestern Motley County. Numerous storm chasers observed a large tornado which moved mostly over ranch land or open country producing no known damage. Flash flooding was observed with this storm in and around Roaring Springs as it slowly moved southeastward. Another storm which initially developed over eastern Lubbock County rapidly intensified when it crossed into Crosby County. This supercell thunderstorm became cyclic producing at least five known tornadoes over open country in rural portions of Crosby and Garza Counties. Similar to the previous long lived supercell thunderstorm, this one also produced areas of flash flooding. An NWS storm survey revealed water over numerous roads which made many area roadways muddy and impassable.","TEXAS"
"1243210","BRISCOE CO.","WHITELEY","04/24/2025","1812","Tornado","","EFU","0","0","0","0","CST-6","","200583","C","45","LUB","0","0","Storm Chaser","","1.8","20","2.62","S","0.83","SSE","WHITELEY","04/24/2025","1816","34.3125","-101.3232","34.3384","-101.326","Multiple storm chasers published photograph and video evidence of an anticyclonic tornado that crossed from northern Floyd County into southern Briscoe County over open fields.","Another day of widespread severe thunderstorms occurred on the afternoon and evening hours of the 24th. Persistent but weak southwesterly flow aloft increased on the 24th which allowed supercell thunderstorms to produce giant hail. Increased low level southeasterly winds also allowed these thunderstorms to produce numerous tornadoes. Thunderstorms initially developed late in the afternoon along a dryline along the Interstate 27/US Highway 87 corridor and quickly intensified as they moved east. These storms were able to take advantage of a very unstable atmosphere and rotate to generate large hail. One supercell thunderstorm tracked from southeastern Swisher County across a portion of Briscoe County into Floyd County and then ended in southwestern Motley County. This storm was particularly intense producing a long lived swath of hail in excess of four inches in diameter. The largest observation came in eastern Floyd County where a hail stone was measured at 5.20 inches with a caliper. This same storm produced a long track tornado from northeastern Floyd County into southwestern Motley County. Numerous storm chasers observed a large tornado which moved mostly over ranch land or open country producing no known damage. Flash flooding was observed with this storm in and around Roaring Springs as it slowly moved southeastward. Another storm which initially developed over eastern Lubbock County rapidly intensified when it crossed into Crosby County. This supercell thunderstorm became cyclic producing at least five known tornadoes over open country in rural portions of Crosby and Garza Counties. Similar to the previous long lived supercell thunderstorm, this one also produced areas of flash flooding. An NWS storm survey revealed water over numerous roads which made many area roadways muddy and impassable.","TEXAS"
"1243221","CROSBY CO.","CANYON VLY","04/24/2025","1801","Tornado","","EFU","0","0","0","0","CST-6","","200583","C","107","LUB","0","0","Storm Chaser","","3.37","440","4.49","NNE","3.08","ENE","CANYON VLY","04/24/2025","1815","33.4629","-101.3101","33.42","-101.2823","Storm chasers reported a large tornado approximately one quarter mile wide at peak intensity over open country in southern Crosby County.","Another day of widespread severe thunderstorms occurred on the afternoon and evening hours of the 24th. Persistent but weak southwesterly flow aloft increased on the 24th which allowed supercell thunderstorms to produce giant hail. Increased low level southeasterly winds also allowed these thunderstorms to produce numerous tornadoes. Thunderstorms initially developed late in the afternoon along a dryline along the Interstate 27/US Highway 87 corridor and quickly intensified as they moved east. These storms were able to take advantage of a very unstable atmosphere and rotate to generate large hail. One supercell thunderstorm tracked from southeastern Swisher County across a portion of Briscoe County into Floyd County and then ended in southwestern Motley County. This storm was particularly intense producing a long lived swath of hail in excess of four inches in diameter. The largest observation came in eastern Floyd County where a hail stone was measured at 5.20 inches with a caliper. This same storm produced a long track tornado from northeastern Floyd County into southwestern Motley County. Numerous storm chasers observed a large tornado which moved mostly over ranch land or open country producing no known damage. Flash flooding was observed with this storm in and around Roaring Springs as it slowly moved southeastward. Another storm which initially developed over eastern Lubbock County rapidly intensified when it crossed into Crosby County. This supercell thunderstorm became cyclic producing at least five known tornadoes over open country in rural portions of Crosby and Garza Counties. Similar to the previous long lived supercell thunderstorm, this one also produced areas of flash flooding. An NWS storm survey revealed water over numerous roads which made many area roadways muddy and impassable.","TEXAS"
"1243223","FLOYD CO.","FLOMOT","04/24/2025","1810","Tornado","","EFU","0","0","0","0","CST-6","","200583","C","153","LUB","0","0","Storm Chaser","","6.61","300","9.96","SW","9.6","WSW","WHITEFLAT","04/24/2025","1823","34.1329","-101.1188","34.062","-101.0413","Multiple storm chasers published photograph and video evidence of a large tornado that crossed over open ranch land from Floyd County into Motley County. No damage was reported or found with this tornado. However, trees and shrubs were lofted and power flashes observed on chaser video.","Another day of widespread severe thunderstorms occurred on the afternoon and evening hours of the 24th. Persistent but weak southwesterly flow aloft increased on the 24th which allowed supercell thunderstorms to produce giant hail. Increased low level southeasterly winds also allowed these thunderstorms to produce numerous tornadoes. Thunderstorms initially developed late in the afternoon along a dryline along the Interstate 27/US Highway 87 corridor and quickly intensified as they moved east. These storms were able to take advantage of a very unstable atmosphere and rotate to generate large hail. One supercell thunderstorm tracked from southeastern Swisher County across a portion of Briscoe County into Floyd County and then ended in southwestern Motley County. This storm was particularly intense producing a long lived swath of hail in excess of four inches in diameter. The largest observation came in eastern Floyd County where a hail stone was measured at 5.20 inches with a caliper. This same storm produced a long track tornado from northeastern Floyd County into southwestern Motley County. Numerous storm chasers observed a large tornado which moved mostly over ranch land or open country producing no known damage. Flash flooding was observed with this storm in and around Roaring Springs as it slowly moved southeastward. Another storm which initially developed over eastern Lubbock County rapidly intensified when it crossed into Crosby County. This supercell thunderstorm became cyclic producing at least five known tornadoes over open country in rural portions of Crosby and Garza Counties. Similar to the previous long lived supercell thunderstorm, this one also produced areas of flash flooding. An NWS storm survey revealed water over numerous roads which made many area roadways muddy and impassable.","TEXAS"
"1243224","MOTLEY CO.","WHITEFLAT","04/24/2025","1823","Tornado","","EFU","0","0","0","0","CST-6","","200583","C","345","LUB","0","0","Storm Chaser","","3.03","300","9.6","WSW","8.28","WSW","WHITEFLAT","04/24/2025","1838","34.062","-101.0413","34.0339","-101.0007","Multiple storm chasers published photograph and video evidence of a large tornado that crossed over open ranch land from Floyd County into Motley County. No damage was reported or found with this tornado. However, trees and shrubs were lofted and power flashes observed on chaser video.","Another day of widespread severe thunderstorms occurred on the afternoon and evening hours of the 24th. Persistent but weak southwesterly flow aloft increased on the 24th which allowed supercell thunderstorms to produce giant hail. Increased low level southeasterly winds also allowed these thunderstorms to produce numerous tornadoes. Thunderstorms initially developed late in the afternoon along a dryline along the Interstate 27/US Highway 87 corridor and quickly intensified as they moved east. These storms were able to take advantage of a very unstable atmosphere and rotate to generate large hail. One supercell thunderstorm tracked from southeastern Swisher County across a portion of Briscoe County into Floyd County and then ended in southwestern Motley County. This storm was particularly intense producing a long lived swath of hail in excess of four inches in diameter. The largest observation came in eastern Floyd County where a hail stone was measured at 5.20 inches with a caliper. This same storm produced a long track tornado from northeastern Floyd County into southwestern Motley County. Numerous storm chasers observed a large tornado which moved mostly over ranch land or open country producing no known damage. Flash flooding was observed with this storm in and around Roaring Springs as it slowly moved southeastward. Another storm which initially developed over eastern Lubbock County rapidly intensified when it crossed into Crosby County. This supercell thunderstorm became cyclic producing at least five known tornadoes over open country in rural portions of Crosby and Garza Counties. Similar to the previous long lived supercell thunderstorm, this one also produced areas of flash flooding. An NWS storm survey revealed water over numerous roads which made many area roadways muddy and impassable.","TEXAS"
"1243228","CROSBY CO.","OWENS","04/24/2025","1834","Tornado","","EFU","0","0","0","0","CST-6","","200583","C","107","LUB","0","0","Law Enforcement","","1.48","30","3.64","SW","3.46","SSW","OWENS","04/24/2025","1837","33.5334","-101.3955","33.5236","-101.3727","Law enforcement in Crosby County observed a brief tornado over an open field east of Texas State Highway 207. No damage was reported.","Another day of widespread severe thunderstorms occurred on the afternoon and evening hours of the 24th. Persistent but weak southwesterly flow aloft increased on the 24th which allowed supercell thunderstorms to produce giant hail. Increased low level southeasterly winds also allowed these thunderstorms to produce numerous tornadoes. Thunderstorms initially developed late in the afternoon along a dryline along the Interstate 27/US Highway 87 corridor and quickly intensified as they moved east. These storms were able to take advantage of a very unstable atmosphere and rotate to generate large hail. One supercell thunderstorm tracked from southeastern Swisher County across a portion of Briscoe County into Floyd County and then ended in southwestern Motley County. This storm was particularly intense producing a long lived swath of hail in excess of four inches in diameter. The largest observation came in eastern Floyd County where a hail stone was measured at 5.20 inches with a caliper. This same storm produced a long track tornado from northeastern Floyd County into southwestern Motley County. Numerous storm chasers observed a large tornado which moved mostly over ranch land or open country producing no known damage. Flash flooding was observed with this storm in and around Roaring Springs as it slowly moved southeastward. Another storm which initially developed over eastern Lubbock County rapidly intensified when it crossed into Crosby County. This supercell thunderstorm became cyclic producing at least five known tornadoes over open country in rural portions of Crosby and Garza Counties. Similar to the previous long lived supercell thunderstorm, this one also produced areas of flash flooding. An NWS storm survey revealed water over numerous roads which made many area roadways muddy and impassable.","TEXAS"
"1243229","GARZA CO.","POST","04/24/2025","1948","Tornado","","EFU","0","0","0","0","CST-6","","200583","C","169","LUB","0","0","Public","","1.16","30","14.63","NE","14.27","NE","POST","04/24/2025","1951","33.3403","-101.2145","33.3256","-101.2049","A slow moving supercell thunderstorm produced five known tornadoes. This is the first of the five tornadoes. A report was received from the public of a brief tornado over open country. No damage was reported.","Another day of widespread severe thunderstorms occurred on the afternoon and evening hours of the 24th. Persistent but weak southwesterly flow aloft increased on the 24th which allowed supercell thunderstorms to produce giant hail. Increased low level southeasterly winds also allowed these thunderstorms to produce numerous tornadoes. Thunderstorms initially developed late in the afternoon along a dryline along the Interstate 27/US Highway 87 corridor and quickly intensified as they moved east. These storms were able to take advantage of a very unstable atmosphere and rotate to generate large hail. One supercell thunderstorm tracked from southeastern Swisher County across a portion of Briscoe County into Floyd County and then ended in southwestern Motley County. This storm was particularly intense producing a long lived swath of hail in excess of four inches in diameter. The largest observation came in eastern Floyd County where a hail stone was measured at 5.20 inches with a caliper. This same storm produced a long track tornado from northeastern Floyd County into southwestern Motley County. Numerous storm chasers observed a large tornado which moved mostly over ranch land or open country producing no known damage. Flash flooding was observed with this storm in and around Roaring Springs as it slowly moved southeastward. Another storm which initially developed over eastern Lubbock County rapidly intensified when it crossed into Crosby County. This supercell thunderstorm became cyclic producing at least five known tornadoes over open country in rural portions of Crosby and Garza Counties. Similar to the previous long lived supercell thunderstorm, this one also produced areas of flash flooding. An NWS storm survey revealed water over numerous roads which made many area roadways muddy and impassable.","TEXAS"
"1243230","MOTLEY CO.","ROARING SPGS","04/24/2025","1901","Tornado","","EFU","0","0","0","0","CST-6","","200583","C","345","LUB","0","0","Law Enforcement","","1.85","30","4.34","WNW","3.95","W","ROARING SPGS","04/24/2025","1906","33.927","-100.9184","33.9002","-100.9189","Law enforcement in Motley County observed a brief tornado over open fields west of Roaring Springs. No damage was reported.","Another day of widespread severe thunderstorms occurred on the afternoon and evening hours of the 24th. Persistent but weak southwesterly flow aloft increased on the 24th which allowed supercell thunderstorms to produce giant hail. Increased low level southeasterly winds also allowed these thunderstorms to produce numerous tornadoes. Thunderstorms initially developed late in the afternoon along a dryline along the Interstate 27/US Highway 87 corridor and quickly intensified as they moved east. These storms were able to take advantage of a very unstable atmosphere and rotate to generate large hail. One supercell thunderstorm tracked from southeastern Swisher County across a portion of Briscoe County into Floyd County and then ended in southwestern Motley County. This storm was particularly intense producing a long lived swath of hail in excess of four inches in diameter. The largest observation came in eastern Floyd County where a hail stone was measured at 5.20 inches with a caliper. This same storm produced a long track tornado from northeastern Floyd County into southwestern Motley County. Numerous storm chasers observed a large tornado which moved mostly over ranch land or open country producing no known damage. Flash flooding was observed with this storm in and around Roaring Springs as it slowly moved southeastward. Another storm which initially developed over eastern Lubbock County rapidly intensified when it crossed into Crosby County. This supercell thunderstorm became cyclic producing at least five known tornadoes over open country in rural portions of Crosby and Garza Counties. Similar to the previous long lived supercell thunderstorm, this one also produced areas of flash flooding. An NWS storm survey revealed water over numerous roads which made many area roadways muddy and impassable.","TEXAS"
"1243272","GARZA CO.","AUGUSTUS","04/24/2025","2008","Tornado","","EFU","0","0","0","0","CST-6","","200583","C","169","LUB","0","0","Storm Chaser","","2.02","30","12.29","NE","14.31","NE","AUGUSTUS","04/24/2025","2014","33.2598","-101.1546","33.2811","-101.1307","A slow moving supercell thunderstorm produced five known tornadoes. This is the second of the five tornadoes. Storm chasers reported a brief touchdown in an open field. No damage was reported.","Another day of widespread severe thunderstorms occurred on the afternoon and evening hours of the 24th. Persistent but weak southwesterly flow aloft increased on the 24th which allowed supercell thunderstorms to produce giant hail. Increased low level southeasterly winds also allowed these thunderstorms to produce numerous tornadoes. Thunderstorms initially developed late in the afternoon along a dryline along the Interstate 27/US Highway 87 corridor and quickly intensified as they moved east. These storms were able to take advantage of a very unstable atmosphere and rotate to generate large hail. One supercell thunderstorm tracked from southeastern Swisher County across a portion of Briscoe County into Floyd County and then ended in southwestern Motley County. This storm was particularly intense producing a long lived swath of hail in excess of four inches in diameter. The largest observation came in eastern Floyd County where a hail stone was measured at 5.20 inches with a caliper. This same storm produced a long track tornado from northeastern Floyd County into southwestern Motley County. Numerous storm chasers observed a large tornado which moved mostly over ranch land or open country producing no known damage. Flash flooding was observed with this storm in and around Roaring Springs as it slowly moved southeastward. Another storm which initially developed over eastern Lubbock County rapidly intensified when it crossed into Crosby County. This supercell thunderstorm became cyclic producing at least five known tornadoes over open country in rural portions of Crosby and Garza Counties. Similar to the previous long lived supercell thunderstorm, this one also produced areas of flash flooding. An NWS storm survey revealed water over numerous roads which made many area roadways muddy and impassable.","TEXAS"
"1243273","GARZA CO.","AUGUSTUS","04/24/2025","2024","Tornado","","EFU","0","0","0","0","CST-6","","200583","C","169","LUB","0","0","Storm Chaser","","1.84","30","14.3","NNE","15.7","NE","POST","04/24/2025","2030","33.3156","-101.1905","33.3422","-101.1898","A slow moving supercell thunderstorm produced five known tornadoes. This is the third of the five tornadoes. Storm chasers reported a tornado over open country. No damage was reported.","Another day of widespread severe thunderstorms occurred on the afternoon and evening hours of the 24th. Persistent but weak southwesterly flow aloft increased on the 24th which allowed supercell thunderstorms to produce giant hail. Increased low level southeasterly winds also allowed these thunderstorms to produce numerous tornadoes. Thunderstorms initially developed late in the afternoon along a dryline along the Interstate 27/US Highway 87 corridor and quickly intensified as they moved east. These storms were able to take advantage of a very unstable atmosphere and rotate to generate large hail. One supercell thunderstorm tracked from southeastern Swisher County across a portion of Briscoe County into Floyd County and then ended in southwestern Motley County. This storm was particularly intense producing a long lived swath of hail in excess of four inches in diameter. The largest observation came in eastern Floyd County where a hail stone was measured at 5.20 inches with a caliper. This same storm produced a long track tornado from northeastern Floyd County into southwestern Motley County. Numerous storm chasers observed a large tornado which moved mostly over ranch land or open country producing no known damage. Flash flooding was observed with this storm in and around Roaring Springs as it slowly moved southeastward. Another storm which initially developed over eastern Lubbock County rapidly intensified when it crossed into Crosby County. This supercell thunderstorm became cyclic producing at least five known tornadoes over open country in rural portions of Crosby and Garza Counties. Similar to the previous long lived supercell thunderstorm, this one also produced areas of flash flooding. An NWS storm survey revealed water over numerous roads which made many area roadways muddy and impassable.","TEXAS"
"1243275","GARZA CO.","AUGUSTUS","04/24/2025","2024","Tornado","","EFU","0","0","0","0","CST-6","","200583","C","169","LUB","0","0","Storm Chaser","","1.78","30","11.88","NE","13.57","NE","AUGUSTUS","04/24/2025","2032","33.2423","-101.1444","33.2518","-101.1158","A slow moving supercell thunderstorm produced five known tornadoes. This is the fourth of the five tornadoes. Storm chasers reported a tornado over open country. No damage was reported.","Another day of widespread severe thunderstorms occurred on the afternoon and evening hours of the 24th. Persistent but weak southwesterly flow aloft increased on the 24th which allowed supercell thunderstorms to produce giant hail. Increased low level southeasterly winds also allowed these thunderstorms to produce numerous tornadoes. Thunderstorms initially developed late in the afternoon along a dryline along the Interstate 27/US Highway 87 corridor and quickly intensified as they moved east. These storms were able to take advantage of a very unstable atmosphere and rotate to generate large hail. One supercell thunderstorm tracked from southeastern Swisher County across a portion of Briscoe County into Floyd County and then ended in southwestern Motley County. This storm was particularly intense producing a long lived swath of hail in excess of four inches in diameter. The largest observation came in eastern Floyd County where a hail stone was measured at 5.20 inches with a caliper. This same storm produced a long track tornado from northeastern Floyd County into southwestern Motley County. Numerous storm chasers observed a large tornado which moved mostly over ranch land or open country producing no known damage. Flash flooding was observed with this storm in and around Roaring Springs as it slowly moved southeastward. Another storm which initially developed over eastern Lubbock County rapidly intensified when it crossed into Crosby County. This supercell thunderstorm became cyclic producing at least five known tornadoes over open country in rural portions of Crosby and Garza Counties. Similar to the previous long lived supercell thunderstorm, this one also produced areas of flash flooding. An NWS storm survey revealed water over numerous roads which made many area roadways muddy and impassable.","TEXAS"
"1243277","GARZA CO.","AUGUSTUS","04/24/2025","2050","Tornado","","EFU","0","0","0","0","CST-6","","200583","C","169","LUB","0","0","COOP Observer","","1.75","30","11.9","NE","12.86","NE","AUGUSTUS","04/24/2025","2055","33.2579","-101.1621","33.2524","-101.1325","A slow moving supercell thunderstorm produced five known tornadoes. This is the fifth of the five tornadoes. An NWS cooperative weather observer observed a brief tornado over open country. No damage was reported.","Another day of widespread severe thunderstorms occurred on the afternoon and evening hours of the 24th. Persistent but weak southwesterly flow aloft increased on the 24th which allowed supercell thunderstorms to produce giant hail. Increased low level southeasterly winds also allowed these thunderstorms to produce numerous tornadoes. Thunderstorms initially developed late in the afternoon along a dryline along the Interstate 27/US Highway 87 corridor and quickly intensified as they moved east. These storms were able to take advantage of a very unstable atmosphere and rotate to generate large hail. One supercell thunderstorm tracked from southeastern Swisher County across a portion of Briscoe County into Floyd County and then ended in southwestern Motley County. This storm was particularly intense producing a long lived swath of hail in excess of four inches in diameter. The largest observation came in eastern Floyd County where a hail stone was measured at 5.20 inches with a caliper. This same storm produced a long track tornado from northeastern Floyd County into southwestern Motley County. Numerous storm chasers observed a large tornado which moved mostly over ranch land or open country producing no known damage. Flash flooding was observed with this storm in and around Roaring Springs as it slowly moved southeastward. Another storm which initially developed over eastern Lubbock County rapidly intensified when it crossed into Crosby County. This supercell thunderstorm became cyclic producing at least five known tornadoes over open country in rural portions of Crosby and Garza Counties. Similar to the previous long lived supercell thunderstorm, this one also produced areas of flash flooding. An NWS storm survey revealed water over numerous roads which made many area roadways muddy and impassable.","TEXAS"
"1244599","HOCKLEY CO.","ROUNDUP","04/30/2025","1433","Tornado","","EFU","0","0","0","0","CST-6","","200665","C","219","LUB","0","0","Broadcast Media","","1.31","30","5.77","WSW","6","S","ANTON","04/30/2025","1436","33.737","-102.1923","33.7332","-102.17","Local broadcast media relayed a report of a brief tornado south of Anton that remained over open fields.","A short wave trough approaching the area from the west initiated another afternoon of severe weather across the South Plains and Rolling Plains of West Texas. Scattered thunderstorms initially developed over the western South Plains and moved eastward into a more favorable environment for severe thunderstorms. Thunderstorms produced a mix of severe hail and severe wind gusts across portions of the central South Plains and Rolling Plains. Another notable part of this afternoon was the generation of numerous landspout tornadoes on the caprock. Several landspout tornado occurred from Hockley County into Lubbock County causing no known damage.","TEXAS"
"1244816","PECOS CO.","BAKERSFIELD","04/29/2025","1442","Tornado","","EFU","0","0","0","0","CST-6","","200772","C","371","MAF","0","0","Storm Chaser","","1","50","6.27","NNW","7.41","SSE","GIRVIN","04/29/2025","1447","30.9627","-102.3237","30.9804","-102.3334","A storm chaser shared video evidence of a brief tornado over rural fields in Pecos County. No damage was reported by landowners, and no damage was able to be found. The tornado was therefore rated EF-Unknown. The approximate tornado track and width were estimated.","A cold front draped across portions of north and west Texas into Southeast New Mexico, with a dryline extending south to the Stockton Plateau, would be the focus for strong to severe thunderstorms as a trough approached the region.","TEXAS"
"1244971","BAILEY CO.","BULA","04/25/2025","1456","Tornado","","EFU","0","0","0","0","CST-6","","200603","C","17","LUB","0","0","Storm Chaser","","2.05","300","1.81","N","2.09","ENE","BULA","04/25/2025","1501","33.9461","-102.6467","33.931","-102.616","Numerous storm chasers and Texas Tech University researchers observed a large dusty tornado that tracked from eastern Bailey County into western Lamb County. The tornado became multi-vortex for a short time, then became occluded toward the end of its life cycle. Several small gustnadoes were also observed along the rear-flank gust front. No reports of damage were received.","Low level atmospheric moisture continued to increase for another consecutive day across the South Plains and Rolling Plains of West Texas on the afternoon of the 25th. Numerous outflow boundaries, a dryline, and a cold front provided a focus for thunderstorm initiation during the afternoon hours. Three rounds of severe storms affected the Texas South Plains region from the afternoon of the 25th to the early morning hours of the 26th. A supercell thunderstorm developed just east of the Muleshoe National Wildlife Refuge (Bailey County) late in the afternoon. As the storm moved slowly southeast, it produced at least one tornado that passed just north of the small community of Bula (Bailey County). This first tornado, which lofted copious amounts of dust, was well-documented by storm chasers, with numerous photos and videos of it before it dissipated in southwestern Lamb County. The supercell thunderstorm continued to produce periods of strong low-level rotation as it inched southeast into northern Hockley County. The storm may have spawned additional brief tornadoes based on radar data, but there was no confirmation of any additional tornadoes. However, the slow-moving supercell dropped massive amounts of rainfall, particularly in northeast Hockley County. This resulted in flash flooding around Anton and Smyer in Hockley County resulting in numerous roads becoming impassable. This same supercell thunderstorm also produced very large hail up to four inches in diameter. Severe storms continued through the rest of the evening into the morning hours on Saturday producing very large hail. Another supercell thunderstorm tracked from Bailey County across Lamb and Castro Counties. This storm produced at least one tornado that narrowly missed the towns of Springlake (Lamb County) and Hart (Castro County). A photograph taken by a storm chaser west of Hart is the only definitive evidence of a tornado as no wind damage was reported. Lastly, a small complex of storms moved slowly across the far southeastern Texas Panhandle early Saturday morning producing extensive flash flooding and numerous road closures. Localized rainfall amounts were estimated to be between four and five inches over northeastern Hall County.","TEXAS"
"1244972","LAMB CO.","FRIENDSHIP","04/25/2025","1501","Tornado","","EFU","0","0","0","0","CST-6","","200603","C","279","LUB","0","0","Storm Chaser","","2.24","300","3.51","SSW","3.26","WSW","BECK","04/25/2025","1524","33.931","-102.616","33.9245","-102.5778","Numerous storm chasers and Texas Tech University researchers observed a large dusty tornado that tracked from eastern Bailey County into western Lamb County. The tornado became multi-vortex for a short time, then became occluded toward the end of its life cycle. Several small gustnadoes were also observed along the rear-flank gust front. No reports of damage were received.","Low level atmospheric moisture continued to increase for another consecutive day across the South Plains and Rolling Plains of West Texas on the afternoon of the 25th. Numerous outflow boundaries, a dryline, and a cold front provided a focus for thunderstorm initiation during the afternoon hours. Three rounds of severe storms affected the Texas South Plains region from the afternoon of the 25th to the early morning hours of the 26th. A supercell thunderstorm developed just east of the Muleshoe National Wildlife Refuge (Bailey County) late in the afternoon. As the storm moved slowly southeast, it produced at least one tornado that passed just north of the small community of Bula (Bailey County). This first tornado, which lofted copious amounts of dust, was well-documented by storm chasers, with numerous photos and videos of it before it dissipated in southwestern Lamb County. The supercell thunderstorm continued to produce periods of strong low-level rotation as it inched southeast into northern Hockley County. The storm may have spawned additional brief tornadoes based on radar data, but there was no confirmation of any additional tornadoes. However, the slow-moving supercell dropped massive amounts of rainfall, particularly in northeast Hockley County. This resulted in flash flooding around Anton and Smyer in Hockley County resulting in numerous roads becoming impassable. This same supercell thunderstorm also produced very large hail up to four inches in diameter. Severe storms continued through the rest of the evening into the morning hours on Saturday producing very large hail. Another supercell thunderstorm tracked from Bailey County across Lamb and Castro Counties. This storm produced at least one tornado that narrowly missed the towns of Springlake (Lamb County) and Hart (Castro County). A photograph taken by a storm chaser west of Hart is the only definitive evidence of a tornado as no wind damage was reported. Lastly, a small complex of storms moved slowly across the far southeastern Texas Panhandle early Saturday morning producing extensive flash flooding and numerous road closures. Localized rainfall amounts were estimated to be between four and five inches over northeastern Hall County.","TEXAS"
"1244988","LAMB CO.","CIRCLE","04/26/2025","28","Tornado","","EFU","0","0","0","0","CST-6","","200603","C","279","LUB","0","0","Storm Chaser","","10.49","440","2.27","WSW","7.33","NE","SPRINGLAKE","04/26/2025","123","34.1659","-102.2658","34.313","-102.22","A long lived supercell tracked from Bailey County into Lamb County and then into Castro County producing periodic severe hail and a tornado from Lamb County into Castro County. Several funnel and tornado reports were received early in the morning of the 26th as WSR-88D data showed increasing and tightening low-level circulation east of Springlake. A photograph of a wedge-type tornado was taken by a storm chaser at 0135 CST southwest of Hart. No reports of damage were received.","Low level atmospheric moisture continued to increase for another consecutive day across the South Plains and Rolling Plains of West Texas on the afternoon of the 25th. Numerous outflow boundaries, a dryline, and a cold front provided a focus for thunderstorm initiation during the afternoon hours. Three rounds of severe storms affected the Texas South Plains region from the afternoon of the 25th to the early morning hours of the 26th. A supercell thunderstorm developed just east of the Muleshoe National Wildlife Refuge (Bailey County) late in the afternoon. As the storm moved slowly southeast, it produced at least one tornado that passed just north of the small community of Bula (Bailey County). This first tornado, which lofted copious amounts of dust, was well-documented by storm chasers, with numerous photos and videos of it before it dissipated in southwestern Lamb County. The supercell thunderstorm continued to produce periods of strong low-level rotation as it inched southeast into northern Hockley County. The storm may have spawned additional brief tornadoes based on radar data, but there was no confirmation of any additional tornadoes. However, the slow-moving supercell dropped massive amounts of rainfall, particularly in northeast Hockley County. This resulted in flash flooding around Anton and Smyer in Hockley County resulting in numerous roads becoming impassable. This same supercell thunderstorm also produced very large hail up to four inches in diameter. Severe storms continued through the rest of the evening into the morning hours on Saturday producing very large hail. Another supercell thunderstorm tracked from Bailey County across Lamb and Castro Counties. This storm produced at least one tornado that narrowly missed the towns of Springlake (Lamb County) and Hart (Castro County). A photograph taken by a storm chaser west of Hart is the only definitive evidence of a tornado as no wind damage was reported. Lastly, a small complex of storms moved slowly across the far southeastern Texas Panhandle early Saturday morning producing extensive flash flooding and numerous road closures. Localized rainfall amounts were estimated to be between four and five inches over northeastern Hall County.","TEXAS"
"1244989","CASTRO CO.","SUNNYSIDE","04/26/2025","123","Tornado","","EFU","0","0","0","0","CST-6","","200603","C","69","LUB","0","0","Storm Chaser","","6.65","440","5.23","ESE","1.43","SW","ROSS","04/26/2025","144","34.313","-102.22","34.4079","-102.2004","A long lived supercell tracked from Bailey County into Lamb County and then into Castro County producing periodic severe hail and a tornado from Lamb County into Castro County. Several funnel and tornado reports were received early in the morning of the 26th as WSR-88D data showed increasing and tightening low-level circulation east of Springlake. A photograph of a wedge-type tornado was taken by a storm chaser at 0135 CST southwest of Hart. No reports of damage were received.","Low level atmospheric moisture continued to increase for another consecutive day across the South Plains and Rolling Plains of West Texas on the afternoon of the 25th. Numerous outflow boundaries, a dryline, and a cold front provided a focus for thunderstorm initiation during the afternoon hours. Three rounds of severe storms affected the Texas South Plains region from the afternoon of the 25th to the early morning hours of the 26th. A supercell thunderstorm developed just east of the Muleshoe National Wildlife Refuge (Bailey County) late in the afternoon. As the storm moved slowly southeast, it produced at least one tornado that passed just north of the small community of Bula (Bailey County). This first tornado, which lofted copious amounts of dust, was well-documented by storm chasers, with numerous photos and videos of it before it dissipated in southwestern Lamb County. The supercell thunderstorm continued to produce periods of strong low-level rotation as it inched southeast into northern Hockley County. The storm may have spawned additional brief tornadoes based on radar data, but there was no confirmation of any additional tornadoes. However, the slow-moving supercell dropped massive amounts of rainfall, particularly in northeast Hockley County. This resulted in flash flooding around Anton and Smyer in Hockley County resulting in numerous roads becoming impassable. This same supercell thunderstorm also produced very large hail up to four inches in diameter. Severe storms continued through the rest of the evening into the morning hours on Saturday producing very large hail. Another supercell thunderstorm tracked from Bailey County across Lamb and Castro Counties. This storm produced at least one tornado that narrowly missed the towns of Springlake (Lamb County) and Hart (Castro County). A photograph taken by a storm chaser west of Hart is the only definitive evidence of a tornado as no wind damage was reported. Lastly, a small complex of storms moved slowly across the far southeastern Texas Panhandle early Saturday morning producing extensive flash flooding and numerous road closures. Localized rainfall amounts were estimated to be between four and five inches over northeastern Hall County.","TEXAS"
"1245170","OKMULGEE CO.","MORRIS ARPT","03/29/2025","2333","Tornado","","EF0","0","0","20000","0","CST-6","","199652","C","111","TSA","0","0","NWS Storm Survey","","2.3","300","2.17","N","2.13","SSE","BALD HILL","03/29/2025","2336","35.681","-95.844","35.702","-95.814","This tornado developed south of Liberty Road and west of the N 300 Road, where large tree limbs were snapped. The tornado moved northeast, damaging multiple outbuildings as it approached Bald Hill Road, and damaged trees until it dissipated east of the N 310 Road and north of Bald Hill Road. Based on this damage, maximum estimated wind in the tornado was 80 to 85 mph.","Strong to severe thunderstorms developed into eastern Oklahoma during the late evening of the 29th, ahead of an approaching cold front as a strong upper level disturbance translated into the Southern Plains. The combination of moderately strong instability and strong wind shear allowed the strongest storms to produce a tornado, and damaging wind gusts.","OKLAHOMA"
"1245595","TYLER CO.","DOUCETTE","03/04/2025","949","Tornado","","EF1","0","0","25000","0","CST-6","","200870","C","457","LCH","0","0","NWS Storm Survey","","0.51","75","3.88","W","3.44","W","DOUCETTE","03/04/2025","952","30.8225","-94.4954","30.8256","-94.4876","The tornado began roughly 0.5 miles west of HWY 287 where several trees were damaged along with some outbuildings. The tornado then continued northeast where it damaged a home, an outbuilding was destroyed, and several pine trees were snapped at the trunk. Two by fours were impaled into the roof of the home as well. Roughly 30% of roof was peeled off of the home. The tornado then continued east towards HWY 287 where tree damage was found near Little Cypress Creek.  This was the end of the Little Cypress Tornado. Max estimated wind was 95 mph.","A strong area of low pressure moved across the plains during early March. Severe weather affected portions of southeast Texas as the associated upper disturbance and cold front moved through.","TEXAS"
"1248200","DALLAS CO.","SOWERS","03/04/2025","524","Tornado","","EF1","0","0","1000000","0","CST-6","","200442","C","113","FWD","0","0","NWS Storm Survey","","0.42","85","1.33","E","1.74","E","SOWERS","03/04/2025","525","32.8179","-96.9572","32.8188","-96.9501","A brief tornado occurred in Irving within a larger area of wind damage. The tornado was verified with radar data after a ground survey was completed. The tornado began near Pecan Drive, south of West Pioneer Dr. Mostly tree damage was observed along this street. One vehicle was damaged due to falling trees. The tornado then impacted the Tree Country Apartments causing EF-1 wind damage to the roof of nearly every apartment building in the complex. Tree and roof damage was also noted next door at the Learning Tree Academy. Across the street, the Irving Police Family Advocacy Center lost half of its roof and the covering off a second story balcony. The tornado tracked east-northeast from here and dissipated between Cedar Drive and North O'Connor Road. Damage to the La Hacienda Apartments was caused by RFD-type winds at the end of the tornado track. Maximum estimated winds were 110 mph at the Tree Country Apartments.","A deep upper trough moving east through the Plains was accompanied by a Pacific cold front, along which a line of strong to severe thunderstorms developed early in the morning of March 4. This line of storms produced damaging winds in the 80-100 mph at times, a few hail reports, and two tornadoes as it pushed east through North and Central Texas the morning of March 4. The damaging thunderstorm winds left notable widespread damage across mostly North Texas. In the afternoon hours following this system, a High Wind Warning was in effect for some of the western half of the region for strong gradient winds and wind gusts behind the front. Gusts over 60 mph were observed.","TEXAS"
"1248204","WISE CO.","COTTONDALE","03/04/2025","430","Tornado","","EF1","0","0","750000","0","CST-6","","200442","C","497","FWD","0","0","NWS Storm Survey","","3.17","250","3.07","NW","2.83","NNE","COTTONDALE","03/04/2025","435","33.1057","-97.7517","33.1062","-97.6972","Widespread damaging straight-line winds occurred across much of Wise County during the predawn hours of March 4th, 2025. Within this broad wind field, a NWS WFO Fort Worth survey team identified a relatively short track tornado north of the Cottondale community. This tornado formed near the intersection of FM 2123 and FM 3552, where a wood frame residence lost much of its roof and internal rafters. The peak intensity of the tornado was determined from the damage at this residence, with EF-1 intensity winds estimated around 110 mph. The tornado impacted two outbuildings nearby, producing EF-0 roof damage. The tornado moved eastward, roughly paralleling County Road 3470 for at least two miles. Along this path, many larger hardwood trees exhibited limb damage, and a few outbuildings, frame residences, and manufactured homes also exhibited mostly high end EF-0 and low end EF-1 roof and fascia damage. The tornado dissipated near the intersection of County Road 3470 and School House Road.","A deep upper trough moving east through the Plains was accompanied by a Pacific cold front, along which a line of strong to severe thunderstorms developed early in the morning of March 4. This line of storms produced damaging winds in the 80-100 mph at times, a few hail reports, and two tornadoes as it pushed east through North and Central Texas the morning of March 4. The damaging thunderstorm winds left notable widespread damage across mostly North Texas. In the afternoon hours following this system, a High Wind Warning was in effect for some of the western half of the region for strong gradient winds and wind gusts behind the front. Gusts over 60 mph were observed.","TEXAS"
"1248897","HIDALGO CO.","EDCOUCH","03/27/2025","1450","Tornado","","EF0","0","0","500000","0","CST-6","","200858","C","215","BRO","0","0","NWS Storm Survey","","0.25","75","1.3","ESE","1.57","ESE","EDCOUCH","03/27/2025","1451","26.2927","-97.9507","26.2952","-97.9453","A small tornado briefly touched down about 1.5 |miles east of Edcouch, lifting the sheet metal roof of a warehouse|belonging to a crop dusting company. Pieces of the roof were |blown to the northeast along the 0.25 mile path, landing in open |fields on the north and south side of SH-107. The debris was |scattered in varying directions along the path. Partial metal wall|failure was also noted to the building, which was a total loss. A|metal building structure (MBS) hangar that sheltered one of the |crop-dusting aircraft was also damaged, with a small portion of |the roof lifted off and the garage door bent inward, toward the |center of the circulation. The aircraft inside was also impacted, |with an estimated $500 thousand in damage to it. Each structure |was old with generally poor connectors and rusted metal parts, |each built more than 80 years ago, according to the owner.||Other damage included parts of an unanchored fence blown down at |a drive-through convenience store, several large mesquite limbs |snapped off in open areas along the track, one rotting and unused |telephone pole snapped, and another one bent. ||A resident of a manufactured home who witnessed the event noted a|swirling column of rain as the tornado passed by, indicating that|the tornado was likely rain-wrapped.","Several rounds of showers and thunderstorms pummeled the Lower Rio Grande Valley, especially during the afternoon and overnight hours of March 27th into early on March 28th, resulting in historic seasonal rainfall and widespread flash and areal flooding across the RGV.  Total rainfall ranged from 8 to nearly 19 inches based on trusted observations, with 10 inches or more falling across some of the highest populated locations from south McAllen through the south side of Interstate Highway 2 in Hidalgo County, then farther north in Cameron County, where 12 to nearly 19 inches fell between La Feria and Rio Hondo, including Harlingen and San Benito. Trusted radar estimates indicated up to 20.5 inches in east Harlingen, but as of this writing there were no verified values this high from trusted observers.||Initial rainfall began late on March 26th in eastern and southern Cameron County, with flooding in east Brownsville toward Port Isabel around sunrise on the 27th. ||Nearly five thousand homes and other structures were impacted, with more than two thousand having major damage or destruction due to 2 or more feet of water in them. Hundreds of local roads were flooded with up to 4 feet of water in some places, and at least one thousand vehicles trapped on flooded roads were damaged or totaled. Unfortunately, there were fatalities, with five dead on the U.S. side of the Rio Grande due to drowning and a lightning-induced fire, and one on the Mexican side of the border in Reynosa.||In addition to the flooding, wind damage occurred in several locations, with two small tornadoes touching down during the late afternoon of the 27th near Edcouch, and just after midnight on the 28th in Port Isabel.||Though damage estimates were still unknown as of late May, it is estimated that total damage was upwards of $100 million.  By early July, damage estimates had risen to $157 million; these numbers only included initial values of Public Assistance (PA) of $94 million, and $63 million in Individual Assistance in much of the Rio Grande Valley.  These values did not include privately-insured damage, and totals were likely to exceed $200 million. Additional damage estimates will be available by the end of 2025.","TEXAS"
"1249629","SHELBY CO.","HURSTOWN","03/28/2025","1248","Tornado","","EF1","0","0","0","0","CST-6","","201287","C","419","SHV","0","0","NWS Storm Survey","","5.64","472","1.75","NNW","4.1","NE","SHELBYVILLE","03/28/2025","1303","31.7024","-94.0339","31.7834","-94.0223","An EF1 tornado with estimated maximum winds near 95 mph developed during the early afternoon on March 28th, 2025, associated with a mini-supercell and initially began southwest of Shelbyville near the Hurstown community at the intersection of Highway 87 and County Road 2130. At this location, the tornado removed a few metal roof panels from some chicken houses and snapped and uprooted a few trees. The tornado then moved northward snapping and uprooting more trees along County Road 2130. More snapped hardwood and softwood trees were noted as the tornado crossed County Road 2625, County Road 2635, and Farm-to-Market Road 2694. The tornado finally lifted along Forest Service Road 143 just south of Farm-to-Market Road 417. Despite a relatively weak velocity couplet on the KSHV WSR-88D radar, the damage path was well observed in the vicinity of a TDS in the correlation coefficient data.","Numerous showers and thunderstorms developed across the Four State Region on March 28th in response to an upper-level disturbance moving across the Red River Valley of North Texas and Southern Oklahoma. As the afternoon hours progressed, strong southerly flow allowed for temperatures and dew points to rise, creating a more unstable atmosphere with MLCAPE values approaching 1000 J/kg. Thunderstorms started to strengthen in intensity during this period, with modest shear profiles across East Texas, Western Louisiana and adjacent Southwest Arkansas. Rotational signatures were detected in several of the stronger storms through the evening hours. This required the issuance of several tornado warnings across the aforementioned areas. As a result, an EF1 tornado was reported in Shelby County Texas.","TEXAS"
"1249735","MORRIS CO.","CASON","03/04/2025","744","Tornado","","EF1","0","0","25000","0","CST-6","","200373","C","343","SHV","0","0","NWS Storm Survey","","8.98","735","3.74","NNE","2.51","ENE","DANGERFIELD ARPT","03/04/2025","755","33.103","-94.8072","33.1437","-94.6599","This EF1 tornado with estimated maximum winds near 88 mph developed within a QLCS and began along Farm-to-Market Road 144 just north of Highway 49 in extreme eastern Morris County. The tornado moved east northeast across Hunt Road/County Road 1235, Green Street Road/County Road 1233, and County Road 3208, uprooting numerous trees and breaking large branches. The tornado continued northeast crossing Wilson Road, Kelly Road, Foster Road, and Old Daingerfield Road before moving across U.S. Highway 259 north of Rocky Branch. More tree limbs were downed as the tornado crossed County Road 4212, Highway 338, and Daniels Chapel Road. The tornado uprooted more softwood trees before lifting on Daniels Chapel Road just east of its intersection with Leeves Road and just west of the Morris/Cass County line. Just east of there, a significant number of large pine trees were uprooted at a property at the intersection of Daniels Chapel Road and FM Road 161. However, the damage pattern of these uproots was consistent with straight-line wind damage and not a tornado. The tornado had a maximum width of 735 yards and tracked nearly 9 miles.","A very mature squall line developed along and ahead of an advancing cold front across the Ark-La-Tex region during the mid to late morning into early afternoon on March 4th. Damaging wind gusts were the primary threat with this squall line, but numerous strong mesovorticies became embedded within this quasi-linear convective system (QLCS). Dew points were in the mid to upper 60s with over 500 J/kg of MLCAPE and 450 m2/s2 of 0-1 km storm relative helicity (SRH). As temperatures continued to warm into the lower 70s with MLCAPE increasing to around 1000 J/kg MLCAPE, the increasing threat of supercell thunderstorm development only heightened the tornado threat. As a result, numerous reports of damaging straight-line wind gusts and several tornadoes were documented across East and Northeast Texas.","TEXAS"
"1249736","BOWIE CO.","DALBY SPGS","03/04/2025","751","Tornado","","EF1","0","0","500000","0","CST-6","","200373","C","37","SHV","0","0","NWS Storm Survey","","18.87","580","2.17","SSE","0.65","ENE","NEW BOSTON","03/04/2025","809","33.3404","-94.7073","33.4526","-94.4091","This QLCS-embedded EF1 tornado began along U.S. Highway 259 in southwest Bowie County and moved east northeast across County Road 4307, Interstate 30, County Road 4210, County Road 4230, and Farm-to-Market Road 561, damaging numerous trees. Most of the trees were either uprooted or snapped with several large limbs being downed on power lines. As the tornado continued northeast, it removed most of the metal roof covering from a house at the intersection County Road 4206 and County Road 4204. More tree damage was noted as the tornado crossed County Road 990, County Road 4121, County Road 4122, and County Road 4120. More tree damage occurred along Highway 98, County Road 4015, County Road 4011, and County Road 4116. At the Barry B. Telford Unit, a large metal building system on the southeast side of the prison property was destroyed when the metal frame was pulled free from its anchors. Three camper trailers in the prison's RV park were overturned and destroyed. The tornado continued northeast, breaking more large softwood limbs along FM Road 1840 and Highway 8 in the southern portion of New Boston where it finally lifted. The tornado had a maximum width of 580 yards and tracked nearly 19 miles.","A very mature squall line developed along and ahead of an advancing cold front across the Ark-La-Tex region during the mid to late morning into early afternoon on March 4th. Damaging wind gusts were the primary threat with this squall line, but numerous strong mesovorticies became embedded within this quasi-linear convective system (QLCS). Dew points were in the mid to upper 60s with over 500 J/kg of MLCAPE and 450 m2/s2 of 0-1 km storm relative helicity (SRH). As temperatures continued to warm into the lower 70s with MLCAPE increasing to around 1000 J/kg MLCAPE, the increasing threat of supercell thunderstorm development only heightened the tornado threat. As a result, numerous reports of damaging straight-line wind gusts and several tornadoes were documented across East and Northeast Texas.","TEXAS"
"1249737","HARRISON CO.","SCOTTSVILLE","03/04/2025","846","Tornado","","EF1","0","0","25000","0","CST-6","","200373","C","203","SHV","0","0","NWS Storm Survey","","1.04","100","0.9","NNW","0.94","NE","SCOTTSVILLE","03/04/2025","847","32.5412","-94.2378","32.5406","-94.22","This brief EF1 tornado with estimated maximum winds of 90 mph began at Harkins Lane and traveled eastward for approximately 1 mile just north of Farm-to-Market Road 1998. Nearly all of the damage was to softwood and hardwood trees in the form of uproots and snaps. The highest concentration of tree damage was in the neighboring Scottsville and Rock Springs Cemeteries near the start of the path. It is possible the tornado was on the|ground a bit longer than one mile, but the lack of ground access hindered the ability of the survey team to confirm this. Fortunately, there were no injuries in association with this brief tornado and the maximum width was only 100 yards.","A very mature squall line developed along and ahead of an advancing cold front across the Ark-La-Tex region during the mid to late morning into early afternoon on March 4th. Damaging wind gusts were the primary threat with this squall line, but numerous strong mesovorticies became embedded within this quasi-linear convective system (QLCS). Dew points were in the mid to upper 60s with over 500 J/kg of MLCAPE and 450 m2/s2 of 0-1 km storm relative helicity (SRH). As temperatures continued to warm into the lower 70s with MLCAPE increasing to around 1000 J/kg MLCAPE, the increasing threat of supercell thunderstorm development only heightened the tornado threat. As a result, numerous reports of damaging straight-line wind gusts and several tornadoes were documented across East and Northeast Texas.","TEXAS"
"1249738","SABINE CO.","YELLOWPINE","03/04/2025","1029","Tornado","","EF1","0","0","10000","0","CST-6","","200373","C","403","SHV","0","0","NWS Storm Survey","","5.58","625","5.13","S","3.02","NNW","FAIRMOUNT","03/04/2025","1036","31.206","-93.824","31.2429","-93.74","This strong EF1 tornado with estimated maximum winds near 105 mph touched down in the Sabine National Forest along Forest Road 144, where numerous softwood trees were snapped and uprooted. The heaviest concentration of damage was near the intersection of Forest Road 144 and Forest Road 144A, where the tornado was at its strongest and widest. This tornado tracked northeast across inaccessible areas of the forest, before crossing Highway 87 just south of the Six Mile community. Numerous additional softwood trees were snapped and uprooted between Forest Road 182 and Shawnee Shores Drive, before lifting within a cove in Toledo Bend Reservoir along Shawnee Shores Drive. The tornado had a maximum width of 625 yards and tracked over 5 miles.","A very mature squall line developed along and ahead of an advancing cold front across the Ark-La-Tex region during the mid to late morning into early afternoon on March 4th. Damaging wind gusts were the primary threat with this squall line, but numerous strong mesovorticies became embedded within this quasi-linear convective system (QLCS). Dew points were in the mid to upper 60s with over 500 J/kg of MLCAPE and 450 m2/s2 of 0-1 km storm relative helicity (SRH). As temperatures continued to warm into the lower 70s with MLCAPE increasing to around 1000 J/kg MLCAPE, the increasing threat of supercell thunderstorm development only heightened the tornado threat. As a result, numerous reports of damaging straight-line wind gusts and several tornadoes were documented across East and Northeast Texas.","TEXAS"
"1249739","FRANKLIN CO.","CYPRESS","03/04/2025","715","Tornado","","EF1","0","0","250000","0","CST-6","","200373","C","159","SHV","0","0","NWS Storm Survey","","10.74","858","3.25","S","5.18","ENE","NEW HOPE","03/04/2025","726","33.0033","-95.2739","33.0389","-95.0935","This EF1 tornado with estimated maximum winds near 104 mph developed within a QLCS and began along Highway 37 just north of Winnsboro in southwest Franklin County where it snapped and uprooted several trees. The tornado continued east along Farm-to-Market Road 3357, County Road 3430, and County Road 4340 and continued snapping and uprooting numerous trees as it crossed County Road 4335, County Road 4345, and began to move along FM Road 1448. Tree damage became more extensive as it approached the intersection of FM Road 1448 and FM Road 115. At this location, most of the metal roof panels were removed from a|South Franklin Fire Department building. Farther east, two homes in the New Hope community were damaged. One house lost almost all of the upwind portion of its roof when the section overhanging a porch was uplifted. A manufactured home also lost a portion of its roof, causing part of a wall failure. Two residents were in this part of the manufactured home at the time but were uninjured. Metal roof panels on a neighboring outbuilding were also peeled back and twisted. Farther north, a church on County Road|4395 lost some of its roof. More softwood trees were snapped and uprooted along County Road 4396 before the tornado moved over Lake Bob Sandlin and crossed into Camp County. The tornado tracked just over 10 miles in southern Franklin County.","A very mature squall line developed along and ahead of an advancing cold front across the Ark-La-Tex region during the mid to late morning into early afternoon on March 4th. Damaging wind gusts were the primary threat with this squall line, but numerous strong mesovorticies became embedded within this quasi-linear convective system (QLCS). Dew points were in the mid to upper 60s with over 500 J/kg of MLCAPE and 450 m2/s2 of 0-1 km storm relative helicity (SRH). As temperatures continued to warm into the lower 70s with MLCAPE increasing to around 1000 J/kg MLCAPE, the increasing threat of supercell thunderstorm development only heightened the tornado threat. As a result, numerous reports of damaging straight-line wind gusts and several tornadoes were documented across East and Northeast Texas.","TEXAS"
"1249740","CAMP CO.","LEESBURG","03/04/2025","726","Tornado","","EF1","0","3","250000","0","CST-6","","200373","C","63","SHV","0","0","NWS Storm Survey","","7.7","858","4.14","N","0.31","ESE","HARVARD","03/04/2025","735","33.0389","-95.0935","33.0681","-94.9652","This EF1 tornado was the continuation of a tornado that began in Franklin County. At this point, damage was difficult to locate as the tornado skirted the southern shore of Lake Bob Sandlin. Some tree damage indicative of a tornado was found along County Road 2417 and along Farm-to-Market Road 21. Move extensive tree damage was found beginning at County Road 2332, County Road 2330, and within the Thunderbird community just south of Lake Bob Sandlin. As the tornado continued east and moved along FM 1520, several structures were damaged at a fishing and recreational vehicle|campground. One outbuilding used as a cabin that was sitting on wooden beams and cinder blocks was blown away and destroyed. The cabin was blown into a neighboring RV, which was then overturned. Another RV was also overturned in this campground. Three injuries occurred to occupants of the RV campers. The tornado then crossed a cove of Lake Bob Sandlin, and damage started to become much more sporadic. More hardwood and softwood trees were snapped just north of Highway 255 and again just west of U.S. Highway 271 south of the Camp/Titus County Line where the tornado finally lifted. The tornado tracked nearly 8 miles across northern Camp County.","A very mature squall line developed along and ahead of an advancing cold front across the Ark-La-Tex region during the mid to late morning into early afternoon on March 4th. Damaging wind gusts were the primary threat with this squall line, but numerous strong mesovorticies became embedded within this quasi-linear convective system (QLCS). Dew points were in the mid to upper 60s with over 500 J/kg of MLCAPE and 450 m2/s2 of 0-1 km storm relative helicity (SRH). As temperatures continued to warm into the lower 70s with MLCAPE increasing to around 1000 J/kg MLCAPE, the increasing threat of supercell thunderstorm development only heightened the tornado threat. As a result, numerous reports of damaging straight-line wind gusts and several tornadoes were documented across East and Northeast Texas.","TEXAS"
"1249741","RED RIVER CO.","LYDIA","03/04/2025","747","Tornado","","EF1","0","0","10000","0","CST-6","","200373","C","387","SHV","0","0","NWS Storm Survey","","1.69","850","1.11","SSW","1.49","ESE","LYDIA","03/04/2025","749","33.4345","-94.7749","33.4409","-94.7466","An EF-1 tornado with estimated maximum winds near 100 mph touched down on Farm-to-Market Road 44 South approximately one mile southwest of the town of Lydia, lifting a roof off of a shed adjacent to a residential home. The tornado then moved east northeast toward downtown Lydia, producing tree damage across County Road 4645 before crossing into Bowie County. This tornado tracked just under two miles in far eastern Red River County before exiting into Bowie County. However, it should be noted that the tornado intensity in Southeast Red River County near Lydia was weaker than its peak intensity in Bowie County, with wind speeds in Red River County estimated near 90 mph.","A very mature squall line developed along and ahead of an advancing cold front across the Ark-La-Tex region during the mid to late morning into early afternoon on March 4th. Damaging wind gusts were the primary threat with this squall line, but numerous strong mesovorticies became embedded within this quasi-linear convective system (QLCS). Dew points were in the mid to upper 60s with over 500 J/kg of MLCAPE and 450 m2/s2 of 0-1 km storm relative helicity (SRH). As temperatures continued to warm into the lower 70s with MLCAPE increasing to around 1000 J/kg MLCAPE, the increasing threat of supercell thunderstorm development only heightened the tornado threat. As a result, numerous reports of damaging straight-line wind gusts and several tornadoes were documented across East and Northeast Texas.","TEXAS"
"1249742","BOWIE CO.","HODGSON","03/04/2025","749","Tornado","","EF1","0","0","50000","0","CST-6","","200373","C","37","SHV","0","0","NWS Storm Survey","","16.89","850","3.36","SW","0.87","SSE","DANIELS CHAPEL","03/04/2025","807","33.4409","-94.7466","33.5081","-94.4649","This EF1 tornado was the continuation of a tornado that began in Red River County. Upon exiting Red River County, the tornado continued east toward the town of New Hope, continuing to produce extensive tree damage in the form of snapped trunks and uproots. After moving east of New Hope, the tornado followed along County Road 4303 toward Hubbard, eventually crossing Farm-to-Market Road 1840 before heading toward the town of Malta. The tornado crossed U.S. Highway 82 near Malta and continued east northeast for a few more miles, before eventually lifting near the intersection of County Road 3014 and FM Road 3378. The tornado tracked nearly 17 miles across western and northwestern parts of Bowie County with a maximum width of 850 yards and estimated peak wind speeds of 100 mph.","A very mature squall line developed along and ahead of an advancing cold front across the Ark-La-Tex region during the mid to late morning into early afternoon on March 4th. Damaging wind gusts were the primary threat with this squall line, but numerous strong mesovorticies became embedded within this quasi-linear convective system (QLCS). Dew points were in the mid to upper 60s with over 500 J/kg of MLCAPE and 450 m2/s2 of 0-1 km storm relative helicity (SRH). As temperatures continued to warm into the lower 70s with MLCAPE increasing to around 1000 J/kg MLCAPE, the increasing threat of supercell thunderstorm development only heightened the tornado threat. As a result, numerous reports of damaging straight-line wind gusts and several tornadoes were documented across East and Northeast Texas.","TEXAS"
"1249958","CAMERON CO.","PORT ISABEL","03/28/2025","110","Tornado","","EF0","0","0","15000","0","CST-6","","200858","C","61","BRO","0","0","Public","","0.14","75","0.16","NW","0.06","WSW","PORT ISABEL","03/28/2025","112","26.0714","-97.2021","26.0696","-97.2009","The manager and security officer of the Long Island Village (Port Isabel) swing bridge reported damage from a likely small and brief tornado that crossed the bridge just after 1 AM CST (2 AM CDT) on March 28th.  Dollar value of the damage is estimated.","Several rounds of showers and thunderstorms pummeled the Lower Rio Grande Valley, especially during the afternoon and overnight hours of March 27th into early on March 28th, resulting in historic seasonal rainfall and widespread flash and areal flooding across the RGV.  Total rainfall ranged from 8 to nearly 19 inches based on trusted observations, with 10 inches or more falling across some of the highest populated locations from south McAllen through the south side of Interstate Highway 2 in Hidalgo County, then farther north in Cameron County, where 12 to nearly 19 inches fell between La Feria and Rio Hondo, including Harlingen and San Benito. Trusted radar estimates indicated up to 20.5 inches in east Harlingen, but as of this writing there were no verified values this high from trusted observers.||Initial rainfall began late on March 26th in eastern and southern Cameron County, with flooding in east Brownsville toward Port Isabel around sunrise on the 27th. ||Nearly five thousand homes and other structures were impacted, with more than two thousand having major damage or destruction due to 2 or more feet of water in them. Hundreds of local roads were flooded with up to 4 feet of water in some places, and at least one thousand vehicles trapped on flooded roads were damaged or totaled. Unfortunately, there were fatalities, with five dead on the U.S. side of the Rio Grande due to drowning and a lightning-induced fire, and one on the Mexican side of the border in Reynosa.||In addition to the flooding, wind damage occurred in several locations, with two small tornadoes touching down during the late afternoon of the 27th near Edcouch, and just after midnight on the 28th in Port Isabel.||Though damage estimates were still unknown as of late May, it is estimated that total damage was upwards of $100 million.  By early July, damage estimates had risen to $157 million; these numbers only included initial values of Public Assistance (PA) of $94 million, and $63 million in Individual Assistance in much of the Rio Grande Valley.  These values did not include privately-insured damage, and totals were likely to exceed $200 million. Additional damage estimates will be available by the end of 2025.","TEXAS"
"1253511","TOM GREEN CO.","CARLSBAD","04/19/2025","2029","Tornado","","EF1","0","0","0","0","CST-6","","201777","C","451","SJT","0","0","NWS Storm Survey","","0.17","100","4.93","E","5.02","E","CARLSBAD","04/19/2025","2031","31.6035","-100.5464","31.6057","-100.545","A supercell thunderstorm moved across Grape Creek Saturday |evening, producing a brief tornado that damaged numerous trees, |and uprooted at least two trees. The tornado also blew off many |roof shingles from a house, uplifted metal roofing panels from a |small outbuilding, moved a metal carport at least 15 feet, moved |and blew over a trash dumpster, and pushed a trailer a few feet |off its parked location on a stationary block.","The combination of a stationary front, surface dryline and an upper level low pressure system to the west resulted in many severe thunderstorms developing on the afternoon and evening along the stationary front on April 19th. Also, moderate to strong instability and strong vertical wind shear helped with the severe storm development. The severe storms produced very large hail and damaging winds and a few tornadoes mainly across portions of the Concho Valley. Also, redeveloping thunderstorms and abundant low to mid level moisture resulted in very heavy rain and localized flash flooding.","TEXAS"
"1253521","TOM GREEN CO.","WATER VLY","04/19/2025","1500","Tornado","","EFU","0","0","0","0","CST-6","","201777","C","451","SJT","0","0","Trained Spotter","","2.04","200","22.75","WSW","22.03","WSW","WATER VLY","04/19/2025","1508","31.55","-101.09","31.5795","-101.089","A tornado was confirmed by a trained spotter.","The combination of a stationary front, surface dryline and an upper level low pressure system to the west resulted in many severe thunderstorms developing on the afternoon and evening along the stationary front on April 19th. Also, moderate to strong instability and strong vertical wind shear helped with the severe storm development. The severe storms produced very large hail and damaging winds and a few tornadoes mainly across portions of the Concho Valley. Also, redeveloping thunderstorms and abundant low to mid level moisture resulted in very heavy rain and localized flash flooding.","TEXAS"
"1253522","TOM GREEN CO.","WATER VLY","04/19/2025","1555","Tornado","","EFU","0","0","0","0","CST-6","","201777","C","451","SJT","0","0","Storm Chaser","","0.15","25","0.91","NE","1.05","NE","WATER VLY","04/19/2025","1556","31.68","-100.72","31.6819","-100.7188","A storm chaser reported a brief tornado touchdown.","The combination of a stationary front, surface dryline and an upper level low pressure system to the west resulted in many severe thunderstorms developing on the afternoon and evening along the stationary front on April 19th. Also, moderate to strong instability and strong vertical wind shear helped with the severe storm development. The severe storms produced very large hail and damaging winds and a few tornadoes mainly across portions of the Concho Valley. Also, redeveloping thunderstorms and abundant low to mid level moisture resulted in very heavy rain and localized flash flooding.","TEXAS"
"1254063","KNOX CO.","VERA","04/29/2025","1722","Tornado","","EF2","0","0","500000","0","CST-6","","201687","C","275","OUN","0","0","NWS Storm Survey","","5.75","700","0.58","W","4.97","E","VERA","04/29/2025","1736","33.629","-99.57","33.624","-99.474","This tornado started just southwest of Vera and initially moved southeast for about a mile before turning east. A number of trees were damaged, a crane was toppled and a blade of a wind turbine was broken south of Vera. As the tornado moved east approaching US Highway 82, at least two metal buildings were significantly damaged, and one outbuilding was destroyed with pieces of the building blown onto the highway. One home near the county line also suffered roof damage. The tornado then crossed into Baylor County along and north of US-82.","Multiple rounds of severe convection and flooding occurred from the predawn hours of the 29th into morning hours of the 30th. The most significant round of severe thunderstorm activity occurred across portions of western-north Texas on the evening of the 29th, where intense supercell thunderstorms produced very large hail, damaging wind gusts and a pair of significant (EF-2+) tornadoes.","TEXAS"
"1254065","BAYLOR CO.","RED SPRINGS","04/29/2025","1736","Tornado","","EF2","0","0","200000","0","CST-6","","201687","C","23","OUN","0","0","NWS Storm Survey","","6","1000","3.81","WNW","2.26","ENE","RED SPRINGS","04/29/2025","1747","33.624","-99.474","33.623","-99.374","This tornado moved into Baylor County from Knox County along and north of US Highway 82. The tornado moved east-northeast to northwest of Red Springs, and then turned east-southeast along County Road 140. In Baylor County, a metal building at a feed lot was heavily damaged and a wind turbine was damaged. Northwest and north of Red Springs, a barn was damaged, two outbuilding were destroyed and ranch implements were tossed. Tree damage occurred at numerous places along the path. The tornado dissipated about 2 miles east-northeast of Red Springs.","Multiple rounds of severe convection and flooding occurred from the predawn hours of the 29th into morning hours of the 30th. The most significant round of severe thunderstorm activity occurred across portions of western-north Texas on the evening of the 29th, where intense supercell thunderstorms produced very large hail, damaging wind gusts and a pair of significant (EF-2+) tornadoes.","TEXAS"
"1254067","BAYLOR CO.","SEYMOUR MUNI ARPT","04/29/2025","1758","Tornado","","EF3","0","0","400000","0","CST-6","","201687","C","23","OUN","0","0","NWS Storm Survey","","3.7","650","2.32","WNW","0.4","E","SEYMOUR MUNI ARPT","04/29/2025","1804","33.668","-99.294","33.65","-99.253","This tornado developed just north of FM-1919 about 2.5 miles northwest of the Seymour airport and initially moved south destroying farm buildings and equipment. As the tornado approached FM-2069, it veered sharply and began moving east along and north of FM-2069 damaging the roof of a home and heavily damaging some outbuildings. The tornado continued moving east through the Seymour Municipal Airport destroying hangars, planes and vehicles at the airport.  The tornado likely continued east and northeast from the airport, but this area was inaccessible to the ground survey team.","Multiple rounds of severe convection and flooding occurred from the predawn hours of the 29th into morning hours of the 30th. The most significant round of severe thunderstorm activity occurred across portions of western-north Texas on the evening of the 29th, where intense supercell thunderstorms produced very large hail, damaging wind gusts and a pair of significant (EF-2+) tornadoes.","TEXAS"
"1254069","WOODWARD CO.","MOORELAND ARPT","04/24/2025","1721","Tornado","","EFU","0","0","0","0","CST-6","","201681","C","153","OUN","0","0","Broadcast Media","","0.3","30","21.01","N","21.01","N","MOORELAND ARPT","04/24/2025","1721","36.782","-99.234","36.782","-99.234","Storm chasers for OKC television stations observed a tornado estimated to be about 6 miles west of Freedom, likely in the inaccessible salt flats of the Cimarron River. There was no damage reported to the NWS or emergency management.","A cluster of supercell thunderstorms developed along a modified surface boundary across northwestern Oklahoma during the evening of the 24th. While generally weak quasi-zonal flow fostered deep-layer wind shear magnitudes on the fringes for organized thunderstorms, very strong instability and enhanced vorticity along the surface boundary aided in rotating thunderstorms. Very large hail and a few tornadoes occurred with a pair of initially dominant supercell thunderstorms across Woodward and Woods County. Additional development occurred along the southwest flank of initial thunderstorms, with further reports of damaging winds occurring into the evening.","OKLAHOMA"
"1254071","WOODS CO.","CAMP HOUSTON","04/24/2025","1744","Tornado","","EFU","0","0","0","0","CST-6","","201681","C","151","OUN","0","0","Broadcast Media","","0.3","30","8.24","W","8.24","W","CAMP HOUSTON","04/24/2025","1744","36.791","-99.267","36.791","-99.267","Chasers from OKC Television stations observed a second tornado estimated to be approximately 8 or 9 miles west of Camp Houston in an inaccessible area of salt flats of the Cimarron River, this time likely on the Woods County side of the river. No damage was reported to NWS or emergency management.","A cluster of supercell thunderstorms developed along a modified surface boundary across northwestern Oklahoma during the evening of the 24th. While generally weak quasi-zonal flow fostered deep-layer wind shear magnitudes on the fringes for organized thunderstorms, very strong instability and enhanced vorticity along the surface boundary aided in rotating thunderstorms. Very large hail and a few tornadoes occurred with a pair of initially dominant supercell thunderstorms across Woodward and Woods County. Additional development occurred along the southwest flank of initial thunderstorms, with further reports of damaging winds occurring into the evening.","OKLAHOMA"
"1254072","BRYAN CO.","BOKCHITO","04/26/2025","1330","Tornado","","EFU","0","0","0","0","CST-6","","201682","C","13","OUN","0","0","Storm Chaser","","3","30","1.74","N","4.61","N","BOKCHITO","04/26/2025","1344","34.045","-96.143","34.086","-96.128","A storm chaser shared video of this tornado north of Bokchito. No damage was reported as the tornado did not appear to affect any structures, although some tree damage may have occurred. The path is based on detailed location and observational information provided by the storm chaser.","A slow-moving mesoscale convective vortex (MCV) produced severe weather and flash flooding during the morning and afternoon of the 26th. An initial complex of thunderstorms across southwestern Oklahoma and western-north Texas produced reports of thunderstorm wind damage and large hail, especially with a supercell thunderstorm that moved near the city of Lawton. Areas of persistent heavy rainfall also led to flash flooding across this area, with a flood-related fatality occurring in Lawton as a motorist drove into flooding beneath an underpass. By the afternoon, as the broader convective vortex moved eastward and instability developed, additional thunderstorms developed across southeastern Oklahoma. A few of these thunderstorms, exhibiting brief supercellular characteristics, produced hail and a tornado as they interacted with a remanent surface boundary across the area.","OKLAHOMA"
"1254140","DICKENS CO.","AFTON","05/25/2025","1553","Tornado","","EFU","0","0","0","0","CST-6","","201805","C","125","LUB","0","0","Storm Chaser","","0.7","30","7.27","ENE","7.96","ENE","AFTON","05/25/2025","1554","33.7902","-100.6831","33.7943","-100.672","A storm chaser posted a photograph on social media of a brief tornado over open ranch land.","A short wave trough moving out of northern Mexico into the Southern High Plains brought widespread and intense convection to the South Plains and Rolling Plains of West Texas on the afternoon and evening of the 25th. This short wave trough brought the necessary large scale ascent that was missing the past several days to create the more widespread activity on the 25th. At the same time, a slow moving cold front was moving southward through the southern Texas Panhandle and a dryline was positioned across the central South Plains. Very warm temperatures in the 90s allowed for rapid destabilization of the atmosphere underneath a weak cap. The cap would be overcome early in the afternoon due to the strong heating. A very moist lower atmosphere also allowed for mixed layer instability values to rise in excess of 2500 J/kg. This led to explosive convective development beginning early in the afternoon. Areas across the Rolling Plains saw a majority of the severe weather this day including a hail stone estimated to be six inches in diameter near Afton (Dickens County). Several swaths of up to baseball size hail were observed across the region. The same storm that produced gargantuan hail also produced severe winds destroying several power poles along US Highway 83 north of Guthrie (King County). A brief tornado was also observed over open ranch land in Dickens County with this supercell thunderstorm. A storm merger in southern Motley County brought extremely heavy rainfall near the Roaring Springs Ranch Club near Texas Highway State 70. As a result, rapid runoff allowed water to flow within the South Pease River (Tongue River) in southern Motley County and was reportedly over the road where this river met Texas State Highway 70.","TEXAS"
"1254289","LOVE CO.","RUBOTTOM","04/19/2025","1919","Tornado","","EF2","0","0","300000","0","CST-6","","201678","C","85","OUN","0","0","NWS Storm Survey","","1.3","300","4.98","WSW","4.5","WSW","RUBOTTOM","04/19/2025","1930","33.916","-97.542","33.927","-97.537","This tornado developed in far southwestern Love County about one mile north of the Red River and 1 mile east of the Jefferson County line. This slow-moving tornado initially moved northwest and then east. A house suffered significant roof and exterior wall damage and a church suffered roof damage. Trees and power lines were also damaged.","A severe weather and flash flood episode occurred across central and southern portions of the WFO Norman Forecast Area from the evening of the 19th into the early morning hours of the 20th. A slow-moving upper system continued to approach the area on the 19th. This, along with strong/moist low-level ascent atop a quasi-stationary boundary, helped initiate widespread thunderstorms across the region mentioned above. Strong wind shear and instability, especially along and ahead of the surface boundary, promoted organized thunderstorms, producing hail, wind and tornadoes. A few strong tornadoes also occurred (near Courtney in Love County and Little City in Marshall County). This episode also observed the first fatal weak (F/EF0-1) tornado since 1988 across the WFO Norman Forecast Area. Flash flooding also became a concern by the late evening of the 19th, with two flood-related fatalities occurring in the city of Moore, as multiple vehicles were swept off of Eastern Avenue into a nearby creek.","OKLAHOMA"
"1254292","LOVE CO.","RUBOTTOM","04/19/2025","1944","Tornado","","EFU","0","0","0","0","CST-6","","201678","C","85","OUN","0","0","Trained Spotter","","0.7","20","6.54","NNE","7.18","NNE","RUBOTTOM","04/19/2025","1945","34.029","-97.421","34.039","-97.422","Multiple spotters and fire personnel observed this tornado near Oswalt Road and State Highway 76. The path is estimated as damage was not observed by storm survey personnel in accessible areas.","A severe weather and flash flood episode occurred across central and southern portions of the WFO Norman Forecast Area from the evening of the 19th into the early morning hours of the 20th. A slow-moving upper system continued to approach the area on the 19th. This, along with strong/moist low-level ascent atop a quasi-stationary boundary, helped initiate widespread thunderstorms across the region mentioned above. Strong wind shear and instability, especially along and ahead of the surface boundary, promoted organized thunderstorms, producing hail, wind and tornadoes. A few strong tornadoes also occurred (near Courtney in Love County and Little City in Marshall County). This episode also observed the first fatal weak (F/EF0-1) tornado since 1988 across the WFO Norman Forecast Area. Flash flooding also became a concern by the late evening of the 19th, with two flood-related fatalities occurring in the city of Moore, as multiple vehicles were swept off of Eastern Avenue into a nearby creek.","OKLAHOMA"
"1254315","MURRAY CO.","DOUGHERTY","04/19/2025","2040","Tornado","","EFU","0","0","0","0","CST-6","","201678","C","99","OUN","0","0","Storm Chaser","","0.5","100","4.49","SSE","4.49","SSE","DOUGHERTY","04/19/2025","2041","34.341","-97.017","34.341","-97.017","A storm chaser on U.S. Highway 177 photographed a tornado to the west. This tornado occurred in inaccessible areas of the Arbuckle Mountains and is estimated to have been about 4 to 5 miles south-southeast of Dougherty.","A severe weather and flash flood episode occurred across central and southern portions of the WFO Norman Forecast Area from the evening of the 19th into the early morning hours of the 20th. A slow-moving upper system continued to approach the area on the 19th. This, along with strong/moist low-level ascent atop a quasi-stationary boundary, helped initiate widespread thunderstorms across the region mentioned above. Strong wind shear and instability, especially along and ahead of the surface boundary, promoted organized thunderstorms, producing hail, wind and tornadoes. A few strong tornadoes also occurred (near Courtney in Love County and Little City in Marshall County). This episode also observed the first fatal weak (F/EF0-1) tornado since 1988 across the WFO Norman Forecast Area. Flash flooding also became a concern by the late evening of the 19th, with two flood-related fatalities occurring in the city of Moore, as multiple vehicles were swept off of Eastern Avenue into a nearby creek.","OKLAHOMA"
"1254323","PONTOTOC CO.","BYNG","04/19/2025","2110","Tornado","","EF1","0","0","50000","0","CST-6","","201678","C","123","OUN","0","0","Trained Spotter","","0.4","30","2.78","SE","2.94","SE","BYNG","04/19/2025","2111","34.831","-96.636","34.834","-96.629","A barn was damaged and a home had windows blown in by a tornado southwest of the community of Oakman.","A severe weather and flash flood episode occurred across central and southern portions of the WFO Norman Forecast Area from the evening of the 19th into the early morning hours of the 20th. A slow-moving upper system continued to approach the area on the 19th. This, along with strong/moist low-level ascent atop a quasi-stationary boundary, helped initiate widespread thunderstorms across the region mentioned above. Strong wind shear and instability, especially along and ahead of the surface boundary, promoted organized thunderstorms, producing hail, wind and tornadoes. A few strong tornadoes also occurred (near Courtney in Love County and Little City in Marshall County). This episode also observed the first fatal weak (F/EF0-1) tornado since 1988 across the WFO Norman Forecast Area. Flash flooding also became a concern by the late evening of the 19th, with two flood-related fatalities occurring in the city of Moore, as multiple vehicles were swept off of Eastern Avenue into a nearby creek.","OKLAHOMA"
"1254332","PONTOTOC CO.","ADA","04/19/2025","2103","Tornado","","EF1","0","1","750000","0","CST-6","","201678","C","123","OUN","0","0","NWS Storm Survey","","4.3","100","1.16","NNW","4.47","SSW","FRANCIS","04/19/2025","2111","34.786","-96.686","34.809","-96.616","For the second time this spring, a tornado struck the city of Ada. This tornado began on the north side of Ada, near the intersection of North Broadway Avenue and NW JA Richardson Loop. Several homes suffered roof damage along Cottage street as the tornado moved east and northeast. EF1 damage was noted at a hotel along the Loop, where damage to roofs and awnings were observed and one person was injured.  The tornado moved across the North Hills Shopping Center, damaging several businesses before moving to the northeast and dissipating northeast of Ada.","A severe weather and flash flood episode occurred across central and southern portions of the WFO Norman Forecast Area from the evening of the 19th into the early morning hours of the 20th. A slow-moving upper system continued to approach the area on the 19th. This, along with strong/moist low-level ascent atop a quasi-stationary boundary, helped initiate widespread thunderstorms across the region mentioned above. Strong wind shear and instability, especially along and ahead of the surface boundary, promoted organized thunderstorms, producing hail, wind and tornadoes. A few strong tornadoes also occurred (near Courtney in Love County and Little City in Marshall County). This episode also observed the first fatal weak (F/EF0-1) tornado since 1988 across the WFO Norman Forecast Area. Flash flooding also became a concern by the late evening of the 19th, with two flood-related fatalities occurring in the city of Moore, as multiple vehicles were swept off of Eastern Avenue into a nearby creek.","OKLAHOMA"
"1254340","HUGHES CO.","SPAULDING","04/19/2025","2132","Tornado","","EF1","1","1","400000","0","CST-6","","201678","C","63","OUN","0","0","NWS Storm Survey","","2.1","150","0.7","SW","1.28","NE","SPAULDING","04/19/2025","2136","35.004","-96.45","35.023","-96.424","Tornado began south of Spaulding, moving to the north into Spaulding and then northeast. EF1 damage was found in Spaulding at a manufactured home which suffered major damage along E138 Road where one man was killed and a woman injured. Several homes had at least minor damage, with several homes losing roofs, windows, and walls.","A severe weather and flash flood episode occurred across central and southern portions of the WFO Norman Forecast Area from the evening of the 19th into the early morning hours of the 20th. A slow-moving upper system continued to approach the area on the 19th. This, along with strong/moist low-level ascent atop a quasi-stationary boundary, helped initiate widespread thunderstorms across the region mentioned above. Strong wind shear and instability, especially along and ahead of the surface boundary, promoted organized thunderstorms, producing hail, wind and tornadoes. A few strong tornadoes also occurred (near Courtney in Love County and Little City in Marshall County). This episode also observed the first fatal weak (F/EF0-1) tornado since 1988 across the WFO Norman Forecast Area. Flash flooding also became a concern by the late evening of the 19th, with two flood-related fatalities occurring in the city of Moore, as multiple vehicles were swept off of Eastern Avenue into a nearby creek.","OKLAHOMA"
"1254341","MARSHALL CO.","LEBANON","04/19/2025","2134","Tornado","","EF1","0","0","300000","0","CST-6","","201678","C","95","OUN","0","0","NWS Storm Survey","","10","500","3.73","SSE","3.52","NW","KINGSTON","04/19/2025","2150","33.935","-96.874","34.04","-96.758","A tornado moved northeast across southwestern Marshall County, forming near the Red River and passed west of Kingston before dissipating south of Madill. A few homes suffered roof damage along the path, and many trees and power poles were damaged.","A severe weather and flash flood episode occurred across central and southern portions of the WFO Norman Forecast Area from the evening of the 19th into the early morning hours of the 20th. A slow-moving upper system continued to approach the area on the 19th. This, along with strong/moist low-level ascent atop a quasi-stationary boundary, helped initiate widespread thunderstorms across the region mentioned above. Strong wind shear and instability, especially along and ahead of the surface boundary, promoted organized thunderstorms, producing hail, wind and tornadoes. A few strong tornadoes also occurred (near Courtney in Love County and Little City in Marshall County). This episode also observed the first fatal weak (F/EF0-1) tornado since 1988 across the WFO Norman Forecast Area. Flash flooding also became a concern by the late evening of the 19th, with two flood-related fatalities occurring in the city of Moore, as multiple vehicles were swept off of Eastern Avenue into a nearby creek.","OKLAHOMA"
"1254346","MARSHALL CO.","MADILL","04/19/2025","2156","Tornado","","EF2","0","0","200000","0","CST-6","","201678","C","95","OUN","0","0","NWS Storm Survey","","3","50","3.68","ESE","3.07","WNW","LITTLE CITY","04/19/2025","2201","34.079","-96.707","34.101","-96.662","A barn was damaged along State Highway 199 east of Madill. A home suffered significant damage and an outbuilding was destroyed along Four Corners Road.","A severe weather and flash flood episode occurred across central and southern portions of the WFO Norman Forecast Area from the evening of the 19th into the early morning hours of the 20th. A slow-moving upper system continued to approach the area on the 19th. This, along with strong/moist low-level ascent atop a quasi-stationary boundary, helped initiate widespread thunderstorms across the region mentioned above. Strong wind shear and instability, especially along and ahead of the surface boundary, promoted organized thunderstorms, producing hail, wind and tornadoes. A few strong tornadoes also occurred (near Courtney in Love County and Little City in Marshall County). This episode also observed the first fatal weak (F/EF0-1) tornado since 1988 across the WFO Norman Forecast Area. Flash flooding also became a concern by the late evening of the 19th, with two flood-related fatalities occurring in the city of Moore, as multiple vehicles were swept off of Eastern Avenue into a nearby creek.","OKLAHOMA"
"1254356","JOHNSTON CO.","NIDA","04/19/2025","2206","Tornado","","EF1","0","0","150000","0","CST-6","","201678","C","69","OUN","0","0","Emergency Manager","","12","300","4.31","W","2.25","SSW","COLEMAN","04/19/2025","2226","34.128","-96.574","34.242","-96.44","This tornado moved across southeastern Johnston County, developing southeast of the Tishomingo National Wildlife Refuge near the community of Bee, and moving northeast and then north to south of Coleman. Damage was primarily to trees, but at least two homes had roof damage and a couple of outbuildings were damaged.","A severe weather and flash flood episode occurred across central and southern portions of the WFO Norman Forecast Area from the evening of the 19th into the early morning hours of the 20th. A slow-moving upper system continued to approach the area on the 19th. This, along with strong/moist low-level ascent atop a quasi-stationary boundary, helped initiate widespread thunderstorms across the region mentioned above. Strong wind shear and instability, especially along and ahead of the surface boundary, promoted organized thunderstorms, producing hail, wind and tornadoes. A few strong tornadoes also occurred (near Courtney in Love County and Little City in Marshall County). This episode also observed the first fatal weak (F/EF0-1) tornado since 1988 across the WFO Norman Forecast Area. Flash flooding also became a concern by the late evening of the 19th, with two flood-related fatalities occurring in the city of Moore, as multiple vehicles were swept off of Eastern Avenue into a nearby creek.","OKLAHOMA"
"1254378","ATOKA CO.","BOGGY DEPOT STATE PARK","04/19/2025","2242","Tornado","","EF0","0","0","0","0","CST-6","","201678","C","5","OUN","0","0","Emergency Manager","","3.3","300","3.95","ENE","4.69","W","ATOKA","04/19/2025","2246","34.35","-96.251","34.385","-96.212","This tornado generally moved northeast. A church had roof and steeple damage and a at least four barns were damaged. Otherwise damage was primarily to trees.","A severe weather and flash flood episode occurred across central and southern portions of the WFO Norman Forecast Area from the evening of the 19th into the early morning hours of the 20th. A slow-moving upper system continued to approach the area on the 19th. This, along with strong/moist low-level ascent atop a quasi-stationary boundary, helped initiate widespread thunderstorms across the region mentioned above. Strong wind shear and instability, especially along and ahead of the surface boundary, promoted organized thunderstorms, producing hail, wind and tornadoes. A few strong tornadoes also occurred (near Courtney in Love County and Little City in Marshall County). This episode also observed the first fatal weak (F/EF0-1) tornado since 1988 across the WFO Norman Forecast Area. Flash flooding also became a concern by the late evening of the 19th, with two flood-related fatalities occurring in the city of Moore, as multiple vehicles were swept off of Eastern Avenue into a nearby creek.","OKLAHOMA"
"1254384","COAL CO.","LEHIGH","04/19/2025","2254","Tornado","","EF1","0","0","75000","0","CST-6","","201678","C","29","OUN","0","0","Emergency Manager","","0.5","30","4.19","ESE","4.42","ESE","LEHIGH","04/19/2025","2255","34.447","-96.152","34.451","-96.146","The roof of a home was damaged, a shed destroyed and numerous trees were damaged just west of the Coal-Atoka County line near E1770 Road.","A severe weather and flash flood episode occurred across central and southern portions of the WFO Norman Forecast Area from the evening of the 19th into the early morning hours of the 20th. A slow-moving upper system continued to approach the area on the 19th. This, along with strong/moist low-level ascent atop a quasi-stationary boundary, helped initiate widespread thunderstorms across the region mentioned above. Strong wind shear and instability, especially along and ahead of the surface boundary, promoted organized thunderstorms, producing hail, wind and tornadoes. A few strong tornadoes also occurred (near Courtney in Love County and Little City in Marshall County). This episode also observed the first fatal weak (F/EF0-1) tornado since 1988 across the WFO Norman Forecast Area. Flash flooding also became a concern by the late evening of the 19th, with two flood-related fatalities occurring in the city of Moore, as multiple vehicles were swept off of Eastern Avenue into a nearby creek.","OKLAHOMA"
"1255527","LIVE OAK CO.","GEORGE WEST","06/12/2025","639","Tornado","","EF0","0","0","0","0","CST-6","","201868","C","297","CRP","0","0","Emergency Manager","","0.6","50","0.61","E","0.61","E","GEORGE WEST","06/12/2025","639","28.33","-98.11","28.33","-98.11","Live Oak County EMC confirmed minor tree and porch damage along a narrow path through George West. Media relayed photo of well  developed funnel cloud with this storm.","During the second/third week of June, South Texas experienced an active and dynamic weather pattern that led to several impactful weather events, including heavy rainfall, flash flooding, thunderstorm wind damage, a weak tornado, and a waterspout. The unsettled conditions were driven by a combination of deep tropical moisture, persistent upper-level disturbances, and an unstable atmosphere. PWATs frequently exceeded 2.0 inches (well above the climatological average) supporting efficient rainfall production. A series of MCSs and repeated rounds of convection produced widespread rainfall totals between 0.5-2.5 inches across much of the region, with localized amounts exceeding 9 inches, especially in the northeast Coastal Bend. These intense rainfall rates, coupled with slow-moving or training storms, resulted in significant flash flooding, prompting Flood Watches and multiple Flash Flood Warnings. The severe weather was not limited to flooding. Strong to severe thunderstorms also brought damaging winds, particularly across the Victoria Crossroads and Coastal Plains. Outflow boundaries from earlier storms helped initiate new rounds of convection, some of which strengthened rapidly in the presence of deep-layer shear and enhanced low-level inflow. This environment also proved favorable for brief, low-end tornadoes and waterspouts, with at least one weak tornado and a waterspout being reported during the active stretch.","TEXAS"
"1255851","ROBERTS CO.","CODMAN","04/24/2025","2005","Tornado","","EF1","0","0","90000","0","CST-6","","202092","C","393","AMA","0","0","NWS Storm Survey","","11.26","200","10.71","NNW","0.12","SE","MIAMI","04/24/2025","2041","35.7908","-100.7943","35.6986","-100.6288","This tornado touched down in central Roberts County, roughly seven miles to the southeast of Highway 70, to the south of Farm to Market Road 283. The initial touchdown location and time were estimated based on a combination of radar imagery and storm spotter reports. This tornado grew in size very quickly, with several reports of it taking on a cone and stovepipe shape to it. As the tornado tracked to the southeast, it traversed very rugged terrain which did not provide much in the way of damage indicators or survey access. The highest concentration of visual and known damage was along FM 283 near the intersection with FM 2699. Here, there was minor branch and tree damage, but the more significant damage was a center pivot was completely overturned. It also appeared that some part of it was twisted. Given the angle of the pivot to the direction of motion as well as the presence of winter wheat in the field, it is probable that it took a higher wind speed to flip this pivot and this is one place where the highest rating occurred, somewhere between 105-110mph.  The tornado then continued to the southeast, crossing FM 283 a few times. Along FM 283, near Quarter Horse Road, the tornado downed a power pole and twisted barbed wire fencing. Additional large branches were blown in this area. As the tornado once again crossed FM 283 south of Quarter Horse Road, it downed nine additional power poles. All along its track, surveyors noted several traffic warning signs bent over at the base and even some were broken and twisted at the base, and from the ground. The tornado traveled just to the north of Miami, with no known damage to the town. Storm spotters indicated it crossed Highway 60 before dissipating. Little damage was noted but the ending point was depicted on the south side of the highway per visual confirmation. The maximum estimated wind speed was 110mph.","Thunderstorms developed along and east of the dryline that formed in the west central Panhandles during the afternoon and evening of April 24th. These storms became severe with large hail, damaging winds occurring mainly across the eastern Texas and Oklahoma Panhandles. A tornado also occurred in Roberts County.","TEXAS"
"1255905","RANDALL CO.","CANYON","04/25/2025","2308","Tornado","","EF0","0","0","3000","0","CST-6","","202096","C","381","AMA","0","0","NWS Storm Survey","","0.16","25","6.23","N","6.25","WNW","TIMBERCREEK CANYON","04/25/2025","2309","35.0699","-101.9277","35.0721","-101.9271","This was a very weak and brief tornado. It dropped down just to the south of McCormick Road, along Burrell Street. It resulted in some minor tree damage and tossed a trampoline in another resident's yard. It took a very narrow path to the northeast and|caused some damage to a barn near McCormick Road. The maximum estimated winds were 74mph.","A cold front moved through the combined Panhandles. This combined with increased wind shear, instability and moisture to bring severe storms to the southern portions of the Texas Panhandle. Several tornadoes occurred during the late night into early morning hours of April 25th to 26th. Large hail and areas of flooding also occurred as storms continue to move over the same locations.","TEXAS"
"1255906","RANDALL CO.","CANYON","04/25/2025","2232","Tornado","","EF1","0","0","500000","0","CST-6","","202096","C","381","AMA","0","0","NWS Storm Survey","","0.88","100","1.5","NNW","1.73","NW","CANYON","04/25/2025","2237","34.9985","-101.934","34.9984","-101.9406","This tornado started around Northridge Drive where it brought down some tree limbs, It then crossed Hunsley Road where it began to impact homes, resulting in roof damage and fencing damage. It caused some fencing damage and minor roof damage to Freedom Fellowship Church. It then moved through the Madison Park subdivision, turning more to the west and following along Tatum Schulte Lane and Willeford Lane. Here, several homes received roof damage, fencing damage and some tree damage. Many of the homes sustained damage as a result of failure to the garage or porch roofs. One home had damage to cars and the home as a result|of a camper that went airborne, finally resting on between houses three doors down. The tornado then turned back to the southwest, crossing FM 2590 and causing additional tree and roof damage to some homes along Aztec Road. It crossed Hunsley Road again and the tornado lifted in the field behind a home. The maximum estimated winds were 110mph.","A cold front moved through the combined Panhandles. This combined with increased wind shear, instability and moisture to bring severe storms to the southern portions of the Texas Panhandle. Several tornadoes occurred during the late night into early morning hours of April 25th to 26th. Large hail and areas of flooding also occurred as storms continue to move over the same locations.","TEXAS"
"1255909","DEAF SMITH CO.","HEREFORD","04/25/2025","2208","Tornado","","EF1","0","0","50000","0","CST-6","","202096","C","117","AMA","0","0","NWS Storm Survey","","0.59","50","7.29","W","7.55","W","HEREFORD","04/25/2025","2213","34.8229","-102.5284","34.8308","-102.5324","This tornado touched down near County Road K and FM 1058. It caused damage to a property near this intersection, including some minor roofing damage and a few snapped trees. As this tornado crossed FM1058, seemingly tracking to the north to northwest, it broke a couple of power poles. It looked to continue along County Road K, where it deposited some debris and partially overturned an irrigation pivot before lifting. Given limited damage indicators, track of the tornado is also estimated using radar data. The maximum estimated winds with this tornado was 100mph. Thank you to the Deaf Smith County Emergency Management for their help in the completion of this tornado survey.","A cold front moved through the combined Panhandles. This combined with increased wind shear, instability and moisture to bring severe storms to the southern portions of the Texas Panhandle. Several tornadoes occurred during the late night into early morning hours of April 25th to 26th. Large hail and areas of flooding also occurred as storms continue to move over the same locations.","TEXAS"
"1256242","RED RIVER CO.","ROSALIE","04/04/2025","1427","Tornado","","EF2","0","0","850000","0","CST-6","","202107","C","387","SHV","0","0","NWS Storm Survey","","21.11","580","1.68","NNE","1.24","NNE","REEDS SETTLEMENT","04/04/2025","1506","33.4931","-95.1707","33.7155","-94.9192","A strong EF-2 tornado with estimated maximum winds near 130 mph touched down northeast of Bogota in the Rosalie community along CR 1305, moving northeast while intensifying as it snapped multiple hardwood and softwood trees. A home north of CR 1325 suffered major damage, including the destruction of the attached garage and a significant portion of roof loss. A nearby tree was also partially debarked. While the survey team was unable to access the property as it was behind locked gates, the Red River County Office of Emergency Management and local firefighters described the house as having been shifted off its foundation. Since the survey team was unable to closely inspect the house, the damage was rated as a high-end EF-2. The tornado continued northeast and moved into an oil field that was not accessible. However, the survey team met the field owner, who stated that a pump jack anchored in a concrete foundation was partially lifted from the foundation and blown over. The owner also said that there was a consistent and continuous path of snapped hardwood trees. Analysis of NDVI differencing of high-resolution satellite data imagery revealed the tornado damage path across this oil field. A consistent path of very large, snapped hardwood trees was found along CR 1340 to the intersection of CR 1357 and CR 1355. CR 1357 and 1355 were blocked by fallen trees and not accessible by the survey team. A couple of outbuildings were also destroyed. Given the size of the hardwood trees and consistent amount of trunk snappings observed, this damage was also rated as EF-2. The tornado continued to track northeast roughly parallel to FM 909, snapping smaller hardwood trees as it crossed CR 1355 and FM 909 south of the Red River County Airport. The damage became somewhat sporadic as the tornado crossed the intersection of Highway 82 and FM 1159 just east of Clarksville, but continued to damage more trees while crossing CR 3200, FM 1700, and CR 3202. The damage path generally followed along FM 1700 before moving north into a wooded area that was not accessible by ground. NDVI differencing indicated a sporadic damage path in this area as the tornado continued northward crossing CR 3217. The survey team observed one final point of tree damage along CR 3230 indicating the tornado lifting here, just north of the Reeds Settlement community.","A stationary front extended across portions of Northeast Texas and Southwest Arkansas during the early morning hours on April 4th, but lifted north into Southeast Oklahoma and Western Arkansas during the day. This was in response to an intensifying low level jet that developed ahead of a large upper trough that extended from the Intermountain West into the Plains, which provided the necessary lift across the very warm, moist, and unstable air mass in place south of this front across much of the region. As a result, numerous showers and thunderstorms developed across the area during the afternoon and evening, which produced damaging winds, large hail, and tornadoes. As these storms moved repeatedly over the same areas, flash flooding also became an issue across Northeast Texas and Southwest Arkansas through the 5th, where total rainfall amounts of 4-8 inches fell.","TEXAS"
"1256268","MCCURTAIN CO.","MILLERTON","04/04/2025","1437","Tornado","","EF1","0","0","100000","0","CST-6","","202047","C","89","SHV","0","0","NWS Storm Survey","","24.37","303","2.43","SE","3.91","SSE","MT HERMAN","04/04/2025","1523","33.9582","-94.9867","34.2701","-94.7877","A strong EF-1 tornado with estimated maximum winds near 105 mph touched down just west of Snows Arena Road and south of Highway 70 between Millerton and Garvin, where numerous trees were snapped and uprooted as the tornado tracked towards Highway 70. Before the tornado crossed the highway, tree damage was noted near a home, with a small outbuilding appearing to have collapsed next to the home. After the tornado crossed Highway 70, it produced extensive tree damage along Quails Nest Road, and another small shed/outbuilding was also damaged along this road, with the metal roof having been blown off and carried across the street into a neighboring yard. Documentation of continued damage north-northeast of this road was difficult due to inaccessibility, but based on radar data and noted damage into the North Pole community, the track continued across the Cedar Mountains. In North Pole, very extensive tree damage was found, with numerous snaps and uproots found along Pine View Road. Here, a large tree was found to have fallen on a home. It was in this area that the tornado was expected to had been strongest, with peak winds around 105 mph. Roads were then difficult to follow north of Pine View Road, although extensive tree damage was found along Roadways 5000, 51033, and 50220 to Old Glory Mountain where trees were damaged up to the ridgeline. Roadway access was lost soon after reaching this area, but based on radar data and additional damage found along Highway 259 north of Hochatown and just south of Catfish Bay Road, the tornado track continued. Additional tree damage was found northeast of Catfish Bay Road before road access became problematic again. However, it appears the tornado lifted shortly thereafter over the mountainous terrain, with a nearly 25 mile long track while on the ground for just over 45 minutes.","A stationary front extended across portions of Northeast Texas and Southwest Arkansas during the early morning hours on April 4th, but lifted north into Southeast Oklahoma and Western Arkansas during the day. This was in response to an intensifying low level jet that developed ahead of a large upper trough that extended from the Intermountain West into the Plains, which provided the necessary lift across the very warm, moist, and unstable air mass in place south of this front across much of the region. As a result, numerous showers and thunderstorms developed across the area during the afternoon and evening, which produced damaging winds, large hail, and an isolated long-track tornado in Southern and Central McCurtain County Oklahoma.","OKLAHOMA"
"1256333","SMITH CO.","RED SPGS","04/04/2025","1524","Tornado","","EF1","0","0","0","0","CST-6","","202107","C","423","SHV","0","0","NWS Storm Survey","","3.57","1420","4.19","WNW","3.62","NNW","RED SPGS","04/04/2025","1527","32.5519","-95.337","32.5806","-95.286","Using a combination of the ground survey and NDVI differencing of high-resolution satellite imagery, an EF-1 tornado touched down in Northern Smith County along FM 2710 northeast of Lindale. Analysis of NDVI differencing revealed that tornado's path through the Sabine River bottoms before moving into Upshur County. Although the tornado's strength was rated EF-1 in Wood and Upshur Counties, the damage through the Sabine River bottoms was rated as EF-Unknown given the inaccessibility to this area, as well as the NDVI differencing of tree damage noted on satellite.","A stationary front extended across portions of Northeast Texas and Southwest Arkansas during the early morning hours on April 4th, but lifted north into Southeast Oklahoma and Western Arkansas during the day. This was in response to an intensifying low level jet that developed ahead of a large upper trough that extended from the Intermountain West into the Plains, which provided the necessary lift across the very warm, moist, and unstable air mass in place south of this front across much of the region. As a result, numerous showers and thunderstorms developed across the area during the afternoon and evening, which produced damaging winds, large hail, and tornadoes. As these storms moved repeatedly over the same areas, flash flooding also became an issue across Northeast Texas and Southwest Arkansas through the 5th, where total rainfall amounts of 4-8 inches fell.","TEXAS"
"1256341","WOOD CO.","BIG SANDY","04/04/2025","1527","Tornado","","EF1","0","1","200000","0","CST-6","","202107","C","499","SHV","0","0","NWS Storm Survey","","11.57","1420","10.83","W","2.58","NW","SHADY GROVE","04/04/2025","1547","32.5806","-95.286","32.705","-95.153","This is a continuation of the Northeast Smith County tornado. This EF-1 tornado with estimated maximum winds near 110 mph tracked from the Sabine River bottoms across Highway 80 west of Hawkins and south of West Upper Lake, where a fairly intense and concentrated area of snapped pine trees were observed along CR 3440. One home in this area lost a few metal roof panels. The tornado continued northeast, snapping and uprooting more trees as it crossed CR 3431 and CR 3419. One home along CR 3419 suffered the failure of a large, well-built carport. However, the bottom of the wooden posts supporting the carport appeared to be somewhat rotted. The tornado continued to track northeast, crossing CR 3480 and CR 3525. It entered a large area of open land with no roads, but the Shreveport Dopplar Radar indicated a near-continuous tornado debris signature (TDS) for the duration of its lifespan. The tornado caused significant roof damage to a water bottling plant north of Hawkins, with one injury occurring here to a driver in a semi-truck. The tornado once again moved into a large open area with no roads, but the TDS was still observed on radar. The survey team found the damage path again along CR 3550 east of Holly Lake Ranch, where it widened upon crossing into Western Upshur County.","A stationary front extended across portions of Northeast Texas and Southwest Arkansas during the early morning hours on April 4th, but lifted north into Southeast Oklahoma and Western Arkansas during the day. This was in response to an intensifying low level jet that developed ahead of a large upper trough that extended from the Intermountain West into the Plains, which provided the necessary lift across the very warm, moist, and unstable air mass in place south of this front across much of the region. As a result, numerous showers and thunderstorms developed across the area during the afternoon and evening, which produced damaging winds, large hail, and tornadoes. As these storms moved repeatedly over the same areas, flash flooding also became an issue across Northeast Texas and Southwest Arkansas through the 5th, where total rainfall amounts of 4-8 inches fell.","TEXAS"
"1256346","UPSHUR CO.","SHADY GROVE","04/04/2025","1547","Tornado","","EF1","0","0","125000","0","CST-6","","202107","C","459","SHV","0","0","NWS Storm Survey","","10.33","1420","2.58","NW","2.17","E","ENON","04/04/2025","1601","32.705","-95.153","32.7697","-94.9927","This is a continuation of the Wood County tornado. This EF-1 tornado with estimated maximum winds near 110 mph widened as it was crossing into Western Upshur County across Palm Road, FM 1092, Tangerine Road, Nutmeg Road, and FM 49. It continued northeast snapping and uprooting more trees as it crossed Highway 154, where it destroyed a home at the intersection of Highway 154 and Alligator Road. The survey team determined that the home was not built on a concrete slab foundation and was not well-constructed, with trees nearby receiving little to no damage. This was also consistent with damage recorded along the rest of the tornado's path. The tornado continued northeast, crossing FM 852, before finally lifting along Armadillo Road on the north side of Lake Gilmer. Some interesting damage was noted on the FM 852 bridge over Lake Gilmer where some pavement had been scoured on the southwest shoulder of the bridge. The tornado clearly passed north of the lake and did not cause this damage. However, it appears likely than intense Rear Flank Downdraft (RFD) winds estimated at 70-80 mph induced extreme wave action on the lake, washing up and over the bridge, which sits very low relative of the water. The waves eroded the pavement on the shoulder, evidenced by the erosion pattern, and the piling up of the scoured pavement which was perpendicular to the incoming waves and the RFD.","A stationary front extended across portions of Northeast Texas and Southwest Arkansas during the early morning hours on April 4th, but lifted north into Southeast Oklahoma and Western Arkansas during the day. This was in response to an intensifying low level jet that developed ahead of a large upper trough that extended from the Intermountain West into the Plains, which provided the necessary lift across the very warm, moist, and unstable air mass in place south of this front across much of the region. As a result, numerous showers and thunderstorms developed across the area during the afternoon and evening, which produced damaging winds, large hail, and tornadoes. As these storms moved repeatedly over the same areas, flash flooding also became an issue across Northeast Texas and Southwest Arkansas through the 5th, where total rainfall amounts of 4-8 inches fell.","TEXAS"
"1256349","UPSHUR CO.","BETTIE","04/04/2025","1607","Tornado","","EF1","0","0","0","0","CST-6","","202107","C","459","SHV","0","0","NWS Storm Survey","","1.1","1272","1.57","WSW","0.51","SW","BETTIE","04/04/2025","1608","32.7933","-94.9759","32.7957","-94.9572","An EF-1 tornado with estimated maximum winds near 95 mph touched down between the Union Hill and Delrose communities as the previous long track tornado occluded just northeast of Lake Gilmer. A few hardwood and softwood trees were snapped and uprooted along this brief track between Chipmunk and Bear Roads, before lifting prior to reaching Highway 271 shortly before reaching the Bettie community.","A stationary front extended across portions of Northeast Texas and Southwest Arkansas during the early morning hours on April 4th, but lifted north into Southeast Oklahoma and Western Arkansas during the day. This was in response to an intensifying low level jet that developed ahead of a large upper trough that extended from the Intermountain West into the Plains, which provided the necessary lift across the very warm, moist, and unstable air mass in place south of this front across much of the region. As a result, numerous showers and thunderstorms developed across the area during the afternoon and evening, which produced damaging winds, large hail, and tornadoes. As these storms moved repeatedly over the same areas, flash flooding also became an issue across Northeast Texas and Southwest Arkansas through the 5th, where total rainfall amounts of 4-8 inches fell.","TEXAS"
"1256352","MORRIS CO.","LONE STAR","04/04/2025","1632","Tornado","","EF2","0","0","750000","0","CST-6","","202107","C","343","SHV","0","0","NWS Storm Survey","","4.27","673","2.25","W","0.61","W","JENKINS","04/04/2025","1641","32.9221","-94.7387","32.9687","-94.6904","A EF-2 tornado with estimated maximum winds near 120 mph touched down along Sand Crossing Road/CR 4428 just north of Big Cypress Bayou, downing tree limbs and snapping a couple of softwood tree trunks. The tornado moved northeast, crossing CR 2225 and moved along or just west of CR 2223 on the western shore of Ellison Creek Reservoir. A large amount of tree damage consisting of snaps and uproots were observed. The tornado then strengthened to EF-2 intensity when it damaged three homes northeast of CR 2236. The most significant structural damage was to a house that had its garage door buckled, allowing the tornadic winds inside the home, which uplifted and removed most of the roof on the back of the house. Roof removal/collapse was also noted on a couple of boat docks in this vicinity. The tornado crossed Ellison Creek Reservoir and caused widespread tree damage at a church camp on the eastern shore between Camp Circle and Lacewood Drive. There was a concentrated area of dozens of very large pine trees that were snapped at a very consistent height. Six cars were rolled and thrown approximately 100 yards from a nearby church building into this area of concentrated tree damage. Approximately 120 people were in the building where the vehicles were parked. They received the Tornado Warning several minutes before the tornado struck and were able to take cover in a safe place. The tornado then moved northeast into a neighborhood and uprooted and snapped numerous trees. Dozens of homes sustained minor to major damage due to parts of trees or entire trees falling on them. The tornado crossed Highway 259, uprooted more trees, and caused minor roof damage to a home along Bunt Drive. It then crossed Forrest Hill Road and caused more tree damage along FM 3421 west of CR 2113. While the survey team was unable to locate additional damage due to limited road access, NDVI differencing of high-resolution imagery indicated that the tornado continued northeast and damaged more trees before lifting in a wooded area south of Ore Road and west of CR 2113.","A stationary front extended across portions of Northeast Texas and Southwest Arkansas during the early morning hours on April 4th, but lifted north into Southeast Oklahoma and Western Arkansas during the day. This was in response to an intensifying low level jet that developed ahead of a large upper trough that extended from the Intermountain West into the Plains, which provided the necessary lift across the very warm, moist, and unstable air mass in place south of this front across much of the region. As a result, numerous showers and thunderstorms developed across the area during the afternoon and evening, which produced damaging winds, large hail, and tornadoes. As these storms moved repeatedly over the same areas, flash flooding also became an issue across Northeast Texas and Southwest Arkansas through the 5th, where total rainfall amounts of 4-8 inches fell.","TEXAS"
"1256629","VAN ZANDT CO.","OAKLAND","04/04/2025","1417","Tornado","","EF0","0","0","100000","0","CST-6","","201780","C","467","FWD","0","0","NWS Storm Survey","","9.01","75","3.95","ENE","0.94","NNW","SILVER LAKE","04/04/2025","1430","32.5833","-95.7041","32.6831","-95.6045","An EF-0 tornado touched down around 9.5 miles east of Canton along CR 1321 then moved northeast passing south and east of Grand Saline before crossing US Highway 80 and lifting north of Silver Lake. One home on FM 1255 lost part of the wall on an addition built over the garage, and a mobile home along FM 1255 near CR 1605 had roof and porch damage. Another home suffered roof damage on CR 1701. Several trees were also uprooted or damaged along the path. The tornado may have crossed into Wood County for a short distance, but due to the lack of roads in the area this could not be confirmed. Maximum estimated winds were 80 mph.","Multiple rounds of showers and storms occurred as a cold front moved through North Texas and stalled in East/Central Texas. These storms produced large hail, damaging winds, a tornado, lightning related damage, and flash flooding. The largest hail stone fell in Eastland County on the 3rd, with a diameter of 2.5 inches. A EF-0 tornado was found to have occurred in Van Zandt County on the 4th.","TEXAS"
"1256649","JACK CO.","HENSLEY","04/19/2025","1711","Tornado","","EF0","0","0","75000","0","CST-6","","201782","C","237","FWD","0","0","NWS Storm Survey","","1.84","300","2.08","N","2.8","NW","STEWARTON","04/19/2025","1715","33.18","-98.1234","33.2","-98.1025","A tornado formed approximately 3.5 miles southeast of Jacksboro, near the intersection of Fields Lane and U.S. 281.  The tornado formed in open pasture south of Hwy 281, then moved northeast and impacted 2 manufactured homes along Fields Lane, producing light roofing and siding damage.  The tornado crossed Hwy 281, producing damage to a commercial building system and another manufactured home on the east side of 281.  The tornado tracked northeast over mostly open pastureland, crossing U.S. Hwy 380 southeast of Jacksboro before dissipating.  The most significant damage occurred to the commercial building along Hwy 281, consistent with high end EF-0 intensity winds of 80 mph.","Multiple upper level shortwaves moved overtop the Plains contributing to the development of severe storms near and along a cold front and dryline on and off between the 18th and 20th. Large hail, damaging winds, flash flooding, and tornadoes were all observed, particularly on the 19th. A total of 12 tornadoes occurred along and east of Highway 281 causing considerable damage: 1 EF-2, 5 EF-1s, and 6 EF-0s.","TEXAS"
"1256653","JACK CO.","MARVETTA","04/19/2025","1724","Tornado","","EF0","0","0","20000","0","CST-6","","201782","C","237","FWD","0","0","NWS Storm Survey","","0.64","200","3.06","SSE","3.18","SSE","MARVETTA","04/19/2025","1725","33.2588","-98.0505","33.2614","-98.0399","The second tornado in Jack County during this event formed approximately 8.5 miles northeast of Jacksboro, or about 3.5 miles south of the Cundiff community in eastern Jack County. The tornado developed just off Coca Cola Ranch Road, west of the intersection with Sims Road. Soon after formation, the tornado impacted a power substation, resulting in a power outage to portions of the county. The tornado tracked northeast producing scattered tree damage along Coca Cola Ranch Road. Near the end of the track, an abandoned frame home sustained roof and window damage, and significant tree damage.  The tornado dissipated in open country, shortly after impacting the frame residence. Damage along the path was consistent with high end EF-0 intensity winds of 80 mph.","Multiple upper level shortwaves moved overtop the Plains contributing to the development of severe storms near and along a cold front and dryline on and off between the 18th and 20th. Large hail, damaging winds, flash flooding, and tornadoes were all observed, particularly on the 19th. A total of 12 tornadoes occurred along and east of Highway 281 causing considerable damage: 1 EF-2, 5 EF-1s, and 6 EF-0s.","TEXAS"
"1256654","JACK CO.","MARVETTA","04/19/2025","1731","Tornado","","EF1","0","0","150000","0","CST-6","","201782","C","237","FWD","0","0","NWS Storm Survey","","2.52","250","1.09","ENE","0.77","W","CUNDIFF","04/19/2025","1734","33.3055","-98.0524","33.3209","-98.0133","The third tornado in Jack County on the evening of April 19th formed near the intersection of State Highway 59 and FM 1810, approximately 3.25 miles west of the Cundiff community in eastern Jack County.  Upon formation, the tornado moved northeast, paralleling FM 1810 for at least 2 miles.  Significant tree damage occurred along portions of the path, consistent with EF-1 winds of approximately 90 mph. Multiple outbuildings were impacted with roof damage, and at least 3 residences sustained roof damage as well.  An RV trailer at one residence was flipped over and totally destroyed. The tornado dissipated just west of the Cundiff community.","Multiple upper level shortwaves moved overtop the Plains contributing to the development of severe storms near and along a cold front and dryline on and off between the 18th and 20th. Large hail, damaging winds, flash flooding, and tornadoes were all observed, particularly on the 19th. A total of 12 tornadoes occurred along and east of Highway 281 causing considerable damage: 1 EF-2, 5 EF-1s, and 6 EF-0s.","TEXAS"
"1256673","JACK CO.","CUNDIFF","04/19/2025","1738","Tornado","","EF0","0","0","0","0","CST-6","","201782","C","237","FWD","0","0","NWS Storm Survey","","0.76","100","4.72","ENE","5.47","ENE","CUNDIFF","04/19/2025","1740","33.3544","-97.9294","33.3605","-97.9185","The fourth tornado which began in Jack County, formed over the extreme northeast portion of the county, near Cundiff Crafton Road and the Wise/Jack County line. The tornado moved northeast, producing scattered tree damage, before crossing the Jack/Wise County line and dissipating in the vicinity of the Crafton community in far NW Wise County. This tornado was rated an EF-0 with maximum winds of 75 mph.","Multiple upper level shortwaves moved overtop the Plains contributing to the development of severe storms near and along a cold front and dryline on and off between the 18th and 20th. Large hail, damaging winds, flash flooding, and tornadoes were all observed, particularly on the 19th. A total of 12 tornadoes occurred along and east of Highway 281 causing considerable damage: 1 EF-2, 5 EF-1s, and 6 EF-0s.","TEXAS"
"1256677","WISE CO.","CRAFTON","04/19/2025","1740","Tornado","","EF0","0","0","0","0","CST-6","","201782","C","497","FWD","0","0","NWS Storm Survey","","1.31","100","1.29","NW","1.68","N","CRAFTON","04/19/2025","1743","33.3605","-97.9185","33.3742","-97.9027","This is a continuation of a tornado that formed in the extreme northeast portion of Jack County. The tornado moved northeast, producing scattered tree damage, before crossing the Jack/Wise County line and dissipating in the vicinity of the Crafton community in far NW Wise County. This tornado was rated an EF-0 with maximum winds of 75 mph.","Multiple upper level shortwaves moved overtop the Plains contributing to the development of severe storms near and along a cold front and dryline on and off between the 18th and 20th. Large hail, damaging winds, flash flooding, and tornadoes were all observed, particularly on the 19th. A total of 12 tornadoes occurred along and east of Highway 281 causing considerable damage: 1 EF-2, 5 EF-1s, and 6 EF-0s.","TEXAS"
"1256714","MONTAGUE CO.","FRUITLAND","04/19/2025","1755","Tornado","","EF0","0","0","500000","0","CST-6","","201782","C","337","FWD","0","0","NWS Storm Survey","","4.75","250","4.43","WSW","1.52","NNW","FRUITLAND","04/19/2025","1803","33.4761","-97.8714","33.5205","-97.8094","An EF-0 tornado formed along the eastern shore of Lake Amon G Carter in far southwestern Montague County. Numerous trees were damaged within the neighborhood surrounding the Bowie Country Club near the lakeshore. A few homes also sustained minor roof damage, and fencing and outbuildings were also damaged. The tornado moved northeast, impacting some horse barns and other outbuildings near FM 1125. After crossing FM 1125, the tornado moved northeast, producing spotty wind damage. A media storm chasing team observed the tornado crossing US 287 near the Wagon Seller Rd Exit. The tornado dissipated just east of this interchange. Maximum estimated winds were 80 mph.","Multiple upper level shortwaves moved overtop the Plains contributing to the development of severe storms near and along a cold front and dryline on and off between the 18th and 20th. Large hail, damaging winds, flash flooding, and tornadoes were all observed, particularly on the 19th. A total of 12 tornadoes occurred along and east of Highway 281 causing considerable damage: 1 EF-2, 5 EF-1s, and 6 EF-0s.","TEXAS"
"1256721","ERATH CO.","CLAIRETTE","04/19/2025","1920","Tornado","","EF1","0","0","1000000","0","CST-6","","201782","C","143","FWD","0","0","NWS Storm Survey","","6.77","50","3.29","NE","0.48","SW","JOHNSVILLE","04/19/2025","1930","32.0588","-98.0752","32.1448","-98.0254","An EF-1 tornado with max winds of 110 mph touched down 5.7 miles northwest of Hico along FM 1824 and moved northeast, damaging a few trees and outbuildings. Along CR 238, several trees were snapped and uprooted and outbuildings damaged. Further to the northeast, a home on CR 229 received roof and siding damage and several trees and outbuildings were damaged. More homes and trees were damaged along CR 209, and a large dairy farm received damage to buildings. The worst damage occurred along CR 211 where one home lost much of its roof and siding, and a mobile home was completely destroyed with debris blown up to 700 yards away across fields. The tornado curved more eastward and weakened, with the last damage noted along FM 2481 to trees in the Johnsville community.","Multiple upper level shortwaves moved overtop the Plains contributing to the development of severe storms near and along a cold front and dryline on and off between the 18th and 20th. Large hail, damaging winds, flash flooding, and tornadoes were all observed, particularly on the 19th. A total of 12 tornadoes occurred along and east of Highway 281 causing considerable damage: 1 EF-2, 5 EF-1s, and 6 EF-0s.","TEXAS"
"1256724","MONTAGUE CO.","BOWIE MUNI","04/19/2025","1945","Tornado","","EF0","0","0","20000","0","CST-6","","201782","C","337","FWD","0","0","NWS Storm Survey","","0.28","125","2.13","WNW","1.87","WNW","BOWIE MUNI","04/19/2025","1947","33.6092","-97.8053","33.6095","-97.8004","An area of strong straight-line winds developed across central Montague County along the leading edge of a line of very strong thunderstorms. Within this larger area of straight line winds, a brief, narrow spin up tornado occurred and produced significant tree damage along Upper Montague Road. One residence suffered damage when a large tree branch fell and punctured its roof. Minor damage to the roof of an outbuilding also occurred. The tornado crossed Upper Montague Road east of the affected residences and dissipated in open pastureland shortly thereafter.","Multiple upper level shortwaves moved overtop the Plains contributing to the development of severe storms near and along a cold front and dryline on and off between the 18th and 20th. Large hail, damaging winds, flash flooding, and tornadoes were all observed, particularly on the 19th. A total of 12 tornadoes occurred along and east of Highway 281 causing considerable damage: 1 EF-2, 5 EF-1s, and 6 EF-0s.","TEXAS"
"1256728","HOOD CO.","PALUXY","04/19/2025","1955","Tornado","","EF2","0","0","3000000","0","CST-6","","201782","C","221","FWD","0","0","NWS Storm Survey","","13.61","250","3.58","WNW","5.23","WNW","THORP SPG","04/19/2025","2026","32.2977","-97.9718","32.4888","-97.917","An EF-2 tornado with maximum winds upwards of 115 mph touched down along the Hood/Erath County line around 4.2 miles northwest of Paluxy just south of Loftin Road. It then tracked northward before finally lifting 5.4 miles west of Thorp Spring. This tornado blew a 125 year old farm house several feet off of its foundation causing heavy damage to the home, snapped dozens of large trees in the area, and destroyed an outbuilding nearby. A woman was in the home when the tornado struck but was not injured. The tornado then moved north-northeast toward Glenn Cemetery Road, breaking some large tree branches. As the tornado continued north across US Highway 377 at Campbell Road, a side barn and house had metal roofing torn off which was scattered and blown up to 1/2 mile away across fields. The tornado continued north along Campbell Road and heavily damaged a double-wide mobile home roof and siding, a couple of RVs and outbuildings, and blew down several trees. Additional damage was found 2.5 miles northwest of Tolar where more large tree branches were broken on Tolar Highway. Several more trees and tree branches were blown down as the tornado weakened and crossed Lipan Highway, Stonehill Court, and Ridge Court before it dissipated.","Multiple upper level shortwaves moved overtop the Plains contributing to the development of severe storms near and along a cold front and dryline on and off between the 18th and 20th. Large hail, damaging winds, flash flooding, and tornadoes were all observed, particularly on the 19th. A total of 12 tornadoes occurred along and east of Highway 281 causing considerable damage: 1 EF-2, 5 EF-1s, and 6 EF-0s.","TEXAS"
"1256731","PARKER CO.","BROCK","04/19/2025","2101","Tornado","","EF0","0","0","12000","0","CST-6","","201782","C","367","FWD","0","0","NWS Storm Survey","","4.08","25","3.8","E","3.77","WSW","WEATHERFORD","04/19/2025","2110","32.688","-97.8654","32.7466","-97.8586","A small, weak, intermittent EF-0 tornado with max winds of 65 mph touched down around 6.2 miles southwest of Weatherford and moved northward before lifting in the Greenwood community around 3.7 miles west of Weatherford. Large tree branches were blown down and an outbuilding was flipped over along Royal Santana Run, and a few trees and tree branches were blown down along Old Brock Road and Coy Road. North of I-20, a few tree branches were blown down along Ranger Highway east of Greenwood Cut Off Road and near Desperado Way, and a home and barn received minor damage between Greenwood Cut Off Road and High Meadows Drive.","Multiple upper level shortwaves moved overtop the Plains contributing to the development of severe storms near and along a cold front and dryline on and off between the 18th and 20th. Large hail, damaging winds, flash flooding, and tornadoes were all observed, particularly on the 19th. A total of 12 tornadoes occurred along and east of Highway 281 causing considerable damage: 1 EF-2, 5 EF-1s, and 6 EF-0s.","TEXAS"
"1256737","PARKER CO.","WEATHERFORD","04/19/2025","2116","Tornado","","EF1","0","0","750000","0","CST-6","","201782","C","367","FWD","0","0","NWS Storm Survey","","3.53","250","3.38","WNW","2.2","SSE","PEASTER","04/19/2025","2122","32.7944","-97.8505","32.8426","-97.8307","The same fast-moving supercell that produced the EF-0 tornado near I-20 produced a second tornado northwest of Weatherford. The second tornado, rated an EF-1 with maximum winds of 110 mph, began between Garner Adell Road and the Lake Mineral Wells State Trailway. The tornado moved north-northeast, tracking west of Coldwater Creek Lane towards the intersection of FM 920 and Johnson Bend Road. South of FM 920, most of the damage was rated in the EF-1 category where damage occurred to numerous large trees, uprooting many of them and twisting large branches around snapped trunks. One home in this area sustained notable roof damage when the winds lifted the ceiling on an upstairs balcony. Two other homes sustained minor damage. After the tornado crossed FM 920, it tracked along Johnson Bend Road uprooting more trees and causing damage to sheds and outhouses. However, the tornado also directly impacted a small complex of duplexes, taking off half the roof covering on 3 of the buildings. Continuing along a path to the north-northeast, the tornado caused minor damage in a residential area along Oak Drive, north of Johnson Bend Road. The tornado continued tracking a little bit more to the northeast, damaging trees on a property on Adair Lane, before dissipating north of this area. The maximum width of the tornado was 250 yards when the tornado was doing its most intense damage near FM 920 and Johnson Bend Road.","Multiple upper level shortwaves moved overtop the Plains contributing to the development of severe storms near and along a cold front and dryline on and off between the 18th and 20th. Large hail, damaging winds, flash flooding, and tornadoes were all observed, particularly on the 19th. A total of 12 tornadoes occurred along and east of Highway 281 causing considerable damage: 1 EF-2, 5 EF-1s, and 6 EF-0s.","TEXAS"
"1256753","PARKER CO.","BENNETT","04/19/2025","2139","Tornado","","EF1","0","0","600000","0","CST-6","","201782","C","367","FWD","0","0","NWS Storm Survey","","4.37","110","3.09","ESE","2.28","E","MILLSAP","04/19/2025","2146","32.6966","-98.0047","32.7564","-97.9815","An EF-1 tornado began south of Millsap, a little bit north of I-20 and east of South FM 113. The tornado directly impacted a residential property at the beginning of its track, but the home only sustained minor damage. However, many large trees were lost on the property. This is where the tornado received its highest rating of EF-1 with maximum winds of 110 mph. Moving north, the tornado impacted another home along South FM 113, damaging a carport, sheds, barns, and trees. The tornado took a more northeasterly track after reaching East Poe Prairie Road, causing relatively minor damage as it moved north along the west side of Stephens Road. However, the tornado nearly directly hit another home on the north end of Stephens Road resulting in roof damage and considerable tree damage on the property. From here, the tornado was mostly tracked for another 2 to 3 miles by broken tree limbs and other tree damage until the tornado dissipated near Old Millsap Road and Sandy Hill Road. The maximum width of the tornado was 110 yards.","Multiple upper level shortwaves moved overtop the Plains contributing to the development of severe storms near and along a cold front and dryline on and off between the 18th and 20th. Large hail, damaging winds, flash flooding, and tornadoes were all observed, particularly on the 19th. A total of 12 tornadoes occurred along and east of Highway 281 causing considerable damage: 1 EF-2, 5 EF-1s, and 6 EF-0s.","TEXAS"
"1256759","PARKER CO.","ADELL","04/19/2025","2201","Tornado","","EF1","0","0","100000","0","CST-6","","201782","C","367","FWD","0","0","NWS Storm Survey","","4.34","200","2.11","SSW","2.24","NNE","ADELL","04/19/2025","2210","32.8536","-97.9382","32.9098","-97.9049","An EF-1 tornado with maximum estimated winds of 100 mph tracked near the Adell area. Damage along the path was mostly confined to tree damage, but some minor structural damage was observed at times along the track. The tornado began south of Walker Bend Road and west of Threatt Lane. Along Walker Bend Road, minor damage to homes, sheds, and barns was observed. Tracking northeast, the tornado continued to damage some trees and outbuildings, but received its EF-1 rating at the intersection of FM 1885 and Advance Road where more notable tree damage was observed. The tornado was tracked by minor damage, mostly to trees, for another few miles before dissipating near Russell Bend Road and Dub Lane. The maximum width of the tornado was 200 yards, early in the track.","Multiple upper level shortwaves moved overtop the Plains contributing to the development of severe storms near and along a cold front and dryline on and off between the 18th and 20th. Large hail, damaging winds, flash flooding, and tornadoes were all observed, particularly on the 19th. A total of 12 tornadoes occurred along and east of Highway 281 causing considerable damage: 1 EF-2, 5 EF-1s, and 6 EF-0s.","TEXAS"
"1256777","DENTON CO.","PARVIN","04/30/2025","837","Tornado","","EF0","0","0","0","0","CST-6","","201784","C","121","FWD","0","0","Emergency Manager","","0.06","25","3.98","N","4.02","NNE","PARVIN","04/30/2025","838","33.3265","-96.8368","33.327","-96.836","Picture and video evidence confirmed a brief tornado west of Celina. Minor tree damage was found along County Road 9. Maximum estimated winds were 70 mph. The tornado started in Denton County but crossed into Collin County briefly before dissipating.","A slow moving front and an upper trough generated scattered thunderstorms on April 29, and widespread showers and thunderstorms on April 30, across much of North and Central Texas. Some of these storms became severe with large hail and damaging winds, but the most impactful weather was flash flooding due to the slow movement of the front and the resulting    training    of thunderstorms along and near the front.","TEXAS"
"1256778","LAMAR CO.","BELK","04/30/2025","959","Tornado","","EF0","0","0","0","0","CST-6","","201784","C","277","FWD","0","0","Emergency Manager","","0.37","50","1.15","S","1.26","SSE","BELK","04/30/2025","1000","33.8134","-95.7196","33.8127","-95.7132","A short, brief, EF-0 tornado damaged one home and some tree branches along Country Road 35650 in northwestern Lamar County, west of Pat Mayse Lake. The wind of the tornado caught the west edge of the roof and peeled off much of the metal covering and some of the decking. A HVAC unit on the same side of the house was also affected, and tree damage was noted just east of the property near the intersection of CR 35650 and CR 35610. Maximum estimated winds were 80 mph.","A slow moving front and an upper trough generated scattered thunderstorms on April 29, and widespread showers and thunderstorms on April 30, across much of North and Central Texas. Some of these storms became severe with large hail and damaging winds, but the most impactful weather was flash flooding due to the slow movement of the front and the resulting    training    of thunderstorms along and near the front.","TEXAS"
"1256780","HILL CO.","MERTENS","04/30/2025","1228","Tornado","","EFU","0","0","0","0","CST-6","","201784","C","217","FWD","0","0","Public","","0.01","20","0.7","WSW","0.7","WSW","MERTENS","04/30/2025","1228","32.0651","-96.9104","32.0651","-96.9104","Video of a brief tornado near Mertens that appeared to be over a field. No damage was reported, and this tornado was rated EF-Unknown.","A slow moving front and an upper trough generated scattered thunderstorms on April 29, and widespread showers and thunderstorms on April 30, across much of North and Central Texas. Some of these storms became severe with large hail and damaging winds, but the most impactful weather was flash flooding due to the slow movement of the front and the resulting    training    of thunderstorms along and near the front.","TEXAS"
"1256784","COLLIN CO.","CELINA","04/30/2025","837","Tornado","","EF0","0","0","0","0","CST-6","","201784","C","85","FWD","0","0","Emergency Manager","","0.03","25","3.28","W","3.25","W","CELINA","04/30/2025","838","33.3268","-96.8362","33.3269","-96.8357","Picture and video evidence confirmed a brief tornado west of Celina. Minor tree damage was found along County Road 9. Maximum estimated winds were 70 mph. The tornado started in Denton County but crossed into Collin County briefly before dissipating.","A slow moving front and an upper trough generated scattered thunderstorms on April 29, and widespread showers and thunderstorms on April 30, across much of North and Central Texas. Some of these storms became severe with large hail and damaging winds, but the most impactful weather was flash flooding due to the slow movement of the front and the resulting    training    of thunderstorms along and near the front.","TEXAS"
"1256790","BURNET CO.","OAKALLA","05/01/2025","1529","Tornado","","EF1","0","1","100000","0","CST-6","","202164","C","53","EWX","0","0","NWS Storm Survey","","3.1","880","5.91","NW","3.62","NW","OAKALLA","05/01/2025","1554","31.0322","-97.9984","31.0047","-97.9758","A National Weather Service survey team, with additional help from spotter video footage, concluded a tornado occurred in far northeast Burnet County. The|tornado formed just west of CR 223, about 1/10 of a mile from the Burnet/Lampasas County line. The tornado continued south along CR 223 and the Lampasas River for a short distance, then turned to the southwest crossing Panther Creek Rd. Shortly after|it turned southeast following along and just east of CR 223. The tornado is estimated to have dissipated just east of Taylor Ln. Along the tornado path significant damage was observed, including trunks of trees snapped and damage to homes and outbuildings. Based on damage the peak wind of the tornado was estimated to be 110 mph (EF-1) around Panther Creek Rd. to the 4000-5000 block of CR 223. A home along Panther Creek Rd. had the garage destroyed and a significant portion of the roof removed. A multipurpose garage/outbuilding on top of a hill had the west side of it   s cinder block walls collapse inward along with a metal framed roof collapsed down. At least six structures along the path of the tornado were significantly damaged. In each of these cases high winds impacted these building at their weakest points, contributing to the degree of damage. There is evidence the tornado, at times, had an erratic forward motion based on radar data and ground survey. One minor injury was reported to the driver of a delivery truck that was flipped on its side.","Thunderstorms developed along an outflow boundary over the northern Texas Hill Country in a warm, moist airmass. Strong instability, vertical wind shear, and steep mid-level lapse rates led to supercells that produced three tornadoes and large hail.","TEXAS"
"1256791","BURNET CO.","BRIGGS","05/01/2025","1616","Tornado","","EFU","0","0","0","0","CST-6","","202164","C","53","EWX","0","0","NWS Storm Survey","","0.55","1","3.04","NW","2.7","NW","BRIGGS","05/01/2025","1630","30.9033","-97.9535","30.8954","-97.9545","Based on spotter footage, a tornado formed over open country just northwest of Briggs, and may at one point have lifted and reformed. The tornado occurred in an area that was not accessible by a National Weather Service survey team. The location and time is estimated based on radar data and spotter accounts. The width of this tornado is not known, and the entry is forced by the software.","Thunderstorms developed along an outflow boundary over the northern Texas Hill Country in a warm, moist airmass. Strong instability, vertical wind shear, and steep mid-level lapse rates led to supercells that produced three tornadoes and large hail.","TEXAS"
"1256902","COCHRAN CO.","BLEDSOE","06/05/2025","1610","Tornado","","EFU","0","0","0","0","CST-6","","202121","C","79","LUB","0","0","Storm Chaser","","2.53","50","12.82","N","13.25","N","BLEDSOE","06/05/2025","1615","33.8048","-103.0395","33.8108","-102.9961","An intense cyclic supercell thunderstorm produced a total of eight known tornadoes over portions of Cochran, Hockley, and Lubbock Counties. This was the first of the tornadoes. At least one brief tornado was observed by storm chasers over far northwestern Cochran County that moved over open country and produced no known damage.","During the afternoon and evening hours of the fifth, an intense supercell thunderstorm moved over the South Plains region of West Texas, producing several tornadoes over portions of Cochran, Hockley, and Lubbock Counties. This thunderstorm also produced widespread damage from very strong straight-line winds and large hail across western and southwestern portions of the City of Lubbock (Lubbock County) before it exited into Crosby and Garza Counties and weakened late in the evening. A cold front stalled south of the South Plains early in the afternoon before returning northward as a warm front. Very humid air returned to the region as the front moved northward and contributed to extreme atmospheric instability by the afternoon. This allowed for explosive thunderstorm development from far east-central New Mexico into the South Plains. This supercell initially produced a brief tornado over far northwestern Cochran County that moved over open country and produced no known damage. Shortly thereafter, the supercell produced a strong wedge-type tornado several miles northwest of Morton (Cochran County), which destroyed multiple large wooden power poles as it tracked eastward, eventually crossing Texas State Highway 214 about four miles north of Morton before dissipating over northeastern Cochran County. The supercell then produced another strong tornado over far northwestern Hockley County, about five miles northwest of the community of Pettit (Hockley County), which was directly observed by mobile research radar. A separate and very brief cone-type tornado was then observed only two miles north of Pettit. The supercell then began to track more southeastward, with no tornadoes observed for a period of approximately 15 minutes. Just as the supercell approached US Highway 385 in north-central Hockley County, it produced another strong tornado which crossed US Highway 385 about three miles south of the community of Whitharral (Hockley County). This tornado destroyed several additional wooden power poles, rolled a semi-truck traveling on the highway, and damaged buildings and trees along its path before dissipating about seven miles east of US Highway 385. The final three tornadoes produced by this supercell were observed as the storm crossed from eastern Hockley County into western Lubbock County. The first tornado developed approximately three miles northeast of Texas State Highway 114 and the community of Smyer (Hockley County), damaging and destroying multiple manufactured homes as it moved eastward before dissipating along the Hockley/Lubbock County line. The second tornado developed very close to the termination of the previous tornado, and damaged and destroyed several homes and buildings as it tracked southeastward and dissipated only about a quarter mile north of Texas State Highway 114. The final tornado produced during this event developed and tracked over southern portions of Reese Center (Lubbock County), toppling large trees and damaging roofs before dissipating just outside the Lubbock city limits. Although the storm did not produce any additional tornadoes after this point, the supercell did continue to produce very strong straight-line winds and large hail, which resulted in widespread damage to homes and businesses across western and southwestern portions of the City of Lubbock. Many buildings within the city experienced significant damage to roofs and windows, and hail up to the size of tennis balls was observed within the city limits. The supercell continued to produce large hail and severe wind gusts as it moved over the community of Slaton in southeastern Lubbock County, with the storm finally weakening over Crosby and Garza Counties with no additional severe weather reports after it moved to the east of the Caprock Escarpment. After the initial supercell thunderstorm moved east, additional thunderstorms developed over far eastern New Mexico and the South Plains bringing more severe storms late in the evening through the early morning hours of the sixth.","TEXAS"
"1256903","COCHRAN CO.","MORTON","06/05/2025","1630","Tornado","","EF2","0","0","0","0","CST-6","","202121","C","79","LUB","0","0","NWS Storm Survey","","9.92","1725","8.24","NW","3.55","NNE","MORTON COCHRAN CO AR","06/05/2025","1650","33.7961","-102.8805","33.7783","-102.709","An intense cyclic supercell thunderstorm produced a total of eight known tornadoes over portions of Cochran, Hockley, and Lubbock Counties. This was the second of the tornadoes. Shortly after the first tornado, the supercell produced a strong wedge-type tornado several miles northwest of Morton which destroyed multiple large wooden power poles as it tracked eastward. Numerous storm chasers documented this tornado as it crossed Texas Highway 214 about four miles north of Morton before dissipating over northeastern Cochran County.","During the afternoon and evening hours of the fifth, an intense supercell thunderstorm moved over the South Plains region of West Texas, producing several tornadoes over portions of Cochran, Hockley, and Lubbock Counties. This thunderstorm also produced widespread damage from very strong straight-line winds and large hail across western and southwestern portions of the City of Lubbock (Lubbock County) before it exited into Crosby and Garza Counties and weakened late in the evening. A cold front stalled south of the South Plains early in the afternoon before returning northward as a warm front. Very humid air returned to the region as the front moved northward and contributed to extreme atmospheric instability by the afternoon. This allowed for explosive thunderstorm development from far east-central New Mexico into the South Plains. This supercell initially produced a brief tornado over far northwestern Cochran County that moved over open country and produced no known damage. Shortly thereafter, the supercell produced a strong wedge-type tornado several miles northwest of Morton (Cochran County), which destroyed multiple large wooden power poles as it tracked eastward, eventually crossing Texas State Highway 214 about four miles north of Morton before dissipating over northeastern Cochran County. The supercell then produced another strong tornado over far northwestern Hockley County, about five miles northwest of the community of Pettit (Hockley County), which was directly observed by mobile research radar. A separate and very brief cone-type tornado was then observed only two miles north of Pettit. The supercell then began to track more southeastward, with no tornadoes observed for a period of approximately 15 minutes. Just as the supercell approached US Highway 385 in north-central Hockley County, it produced another strong tornado which crossed US Highway 385 about three miles south of the community of Whitharral (Hockley County). This tornado destroyed several additional wooden power poles, rolled a semi-truck traveling on the highway, and damaged buildings and trees along its path before dissipating about seven miles east of US Highway 385. The final three tornadoes produced by this supercell were observed as the storm crossed from eastern Hockley County into western Lubbock County. The first tornado developed approximately three miles northeast of Texas State Highway 114 and the community of Smyer (Hockley County), damaging and destroying multiple manufactured homes as it moved eastward before dissipating along the Hockley/Lubbock County line. The second tornado developed very close to the termination of the previous tornado, and damaged and destroyed several homes and buildings as it tracked southeastward and dissipated only about a quarter mile north of Texas State Highway 114. The final tornado produced during this event developed and tracked over southern portions of Reese Center (Lubbock County), toppling large trees and damaging roofs before dissipating just outside the Lubbock city limits. Although the storm did not produce any additional tornadoes after this point, the supercell did continue to produce very strong straight-line winds and large hail, which resulted in widespread damage to homes and businesses across western and southwestern portions of the City of Lubbock. Many buildings within the city experienced significant damage to roofs and windows, and hail up to the size of tennis balls was observed within the city limits. The supercell continued to produce large hail and severe wind gusts as it moved over the community of Slaton in southeastern Lubbock County, with the storm finally weakening over Crosby and Garza Counties with no additional severe weather reports after it moved to the east of the Caprock Escarpment. After the initial supercell thunderstorm moved east, additional thunderstorms developed over far eastern New Mexico and the South Plains bringing more severe storms late in the evening through the early morning hours of the sixth.","TEXAS"
"1257073","JOHNSTON CO.","MILL CREEK","04/19/2025","2110","Tornado","","EFU","0","0","0","0","CST-6","","201678","C","69","OUN","0","0","Trained Spotter","","0.5","50","6","N","6","N","MILL CREEK","04/19/2025","2111","34.4868","-96.82","34.4868","-96.82","Spotters in Pontotoc County observed a tornado that lasted almost two minutes that is estimated to have occurred in far northwestern Johnston County about 6 miles north of Mill Creek. No damage was reported.","A severe weather and flash flood episode occurred across central and southern portions of the WFO Norman Forecast Area from the evening of the 19th into the early morning hours of the 20th. A slow-moving upper system continued to approach the area on the 19th. This, along with strong/moist low-level ascent atop a quasi-stationary boundary, helped initiate widespread thunderstorms across the region mentioned above. Strong wind shear and instability, especially along and ahead of the surface boundary, promoted organized thunderstorms, producing hail, wind and tornadoes. A few strong tornadoes also occurred (near Courtney in Love County and Little City in Marshall County). This episode also observed the first fatal weak (F/EF0-1) tornado since 1988 across the WFO Norman Forecast Area. Flash flooding also became a concern by the late evening of the 19th, with two flood-related fatalities occurring in the city of Moore, as multiple vehicles were swept off of Eastern Avenue into a nearby creek.","OKLAHOMA"
"1257074","LOVE CO.","MARIETTA","04/20/2025","24","Tornado","","EF0","0","0","0","0","CST-6","","201678","C","85","OUN","0","0","NWS Storm Survey","","0.5","30","1.43","W","1.43","W","MARIETTA","04/20/2025","24","33.94","-97.145","33.94","-97.145","A tornado briefly occurred west of Marietta. The only known damage was some tree damage just west of Marietta along State Highway 32.","A severe weather and flash flood episode occurred across central and southern portions of the WFO Norman Forecast Area from the evening of the 19th into the early morning hours of the 20th. A slow-moving upper system continued to approach the area on the 19th. This, along with strong/moist low-level ascent atop a quasi-stationary boundary, helped initiate widespread thunderstorms across the region mentioned above. Strong wind shear and instability, especially along and ahead of the surface boundary, promoted organized thunderstorms, producing hail, wind and tornadoes. A few strong tornadoes also occurred (near Courtney in Love County and Little City in Marshall County). This episode also observed the first fatal weak (F/EF0-1) tornado since 1988 across the WFO Norman Forecast Area. Flash flooding also became a concern by the late evening of the 19th, with two flood-related fatalities occurring in the city of Moore, as multiple vehicles were swept off of Eastern Avenue into a nearby creek.","OKLAHOMA"
"1257078","OSAGE CO.","PEARSONIA","04/02/2025","413","Tornado","","EF1","0","0","10000","0","CST-6","","201318","C","113","TSA","0","0","NWS Storm Survey","","3.7","250","2.49","S","3.32","E","PEARSONIA","04/02/2025","418","36.764","-96.448","36.791","-96.391","A tornado produced a Tornadic Debris Signature (TDS) from the KINX WSR-88D in an area of trees northwest of Pawhuska that was inaccessible by road. The tornado moved northeast and snapped multiple power poles west of County Road 4201. Any damage that occurred other than the power poles was inaccessible by road, and could therefore not be assessed. Much of the path details are estimates based on the radar TDS and aerial imagery. Based on the damage to the string of power poles, maximum estimated wind in the tornado was 90 to 100 mph.","Strong to severe thunderstorms developed over western Oklahoma during the early morning hours of the 2nd, along and ahead of a cold front moving into the area. Moderately strong instability combined with strong low-level and deep layer wind shear resulted in the strongest storms developing organized rotation. A couple tornadoes and large hail up to quarter size occurred with the strongest storms in northeastern Oklahoma.","OKLAHOMA"
"1257103","TULSA CO.","TURLEY","04/02/2025","537","Tornado","","EF1","0","0","500000","0","CST-6","","201318","C","143","TSA","0","0","NWS Storm Survey","","7.6","600","2.15","E","3.12","NW","OWASSO ARPT","04/02/2025","544","36.255","-95.932","36.307","-95.812","This is the first segment of a two-segment tornado. This tornado developed just west of Highway 75 and south of E 76th Street N, where large tree limbs were snapped. It moved east-northeast damaging several industrial buildings east of Highway 75, then moved northeast across a subdivision north of E 76th Street N, where numerous homes were damaged, trees were blown down, and power poles were snapped. The tornado then moved across several neighborhoods east of N Mingo Road and west of Highway 169, where numerous homes were damaged, trees were snapped or uprooted, and power poles were snapped. It then crossed into Rogers County near E 106th Street N. Based on this damage, maximum estimated wind in this segment of the tornado was 100 to 110 mph.","Strong to severe thunderstorms developed over western Oklahoma during the early morning hours of the 2nd, along and ahead of a cold front moving into the area. Moderately strong instability combined with strong low-level and deep layer wind shear resulted in the strongest storms developing organized rotation. A couple tornadoes and large hail up to quarter size occurred with the strongest storms in northeastern Oklahoma.","OKLAHOMA"
"1257105","ROGERS CO.","COLLINSVILLE","04/02/2025","544","Tornado","","EF1","0","0","75000","0","CST-6","","201318","C","131","TSA","0","0","NWS Storm Survey","","3.1","400","4.47","SSE","4.99","SE","COLLINSVILLE","04/02/2025","547","36.307","-95.812","36.323","-95.762","This is the second segment of a two-segment tornado. The tornado crossed into Rogers County near E 106th Street N, where the roofs of homes were damaged and large tree limbs were snapped. The tornado dissipated north of Highway 20 and east of N 177th East Avenue, where an outbuilding was destroyed. Based on this damage, maximum estimated wind in this segment of the tornado was 90 to 100 mph.","Strong to severe thunderstorms developed over western Oklahoma during the early morning hours of the 2nd, along and ahead of a cold front moving into the area. Moderately strong instability combined with strong low-level and deep layer wind shear resulted in the strongest storms developing organized rotation. A couple tornadoes and large hail up to quarter size occurred with the strongest storms in northeastern Oklahoma.","OKLAHOMA"
"1257121","TULSA CO.","COLLINSVILLE","04/29/2025","605","Tornado","","EF1","0","0","80000","0","CST-6","","201836","C","143","TSA","0","0","NWS Storm Survey","","2.4","300","3.52","SW","3.43","NNE","OWASSO","04/29/2025","609","36.332","-95.872","36.318","-95.834","A tornado developed south of E 126th St N and west of N 97th East Ave, where trees were uprooted and large tree limbs were snapped. It moved east-southeast, damaging outbuildings and the roofs of several homes between N 97th East Ave and N Garnett Road, and snapped numerous large tree limbs as it crossed E 116th St N and N 123rd East Ave. The tornado dissipated before reaching N 129th East Ave. Based on this damage, maximum estimated wind in the tornado was 85 to 95 mph.","Strong to severe thunderstorms developed into portions of eastern Oklahoma during the morning hours of the 29th, along and ahead of a cold front moving into the area. Weak instability and strong wind shear combined to allow the storms to become organized, with the strongest producing several tornadoes, large hail up to golf ball size, and damaging wind gusts.","OKLAHOMA"
"1257133","DELAWARE CO.","GROVE","04/29/2025","655","Tornado","","EF1","0","0","150000","0","CST-6","","201836","C","41","TSA","0","0","NWS Storm Survey","","8.7","1000","4.17","W","2.21","NE","GROVE ARPT","04/29/2025","706","36.583","-94.845","36.618","-94.697","A tornado developed east of Monkey Island on Grand Lake o' the Cherokees. There is video of this tornado over the lake. The tornado moved northeast across Patricia Island, uprooting a couple trees and snapping large tree limbs. More large tree limbs and a few trees were uprooted near Highway 59. The tornado widened as it approached the S 620 Road, where the roof of a metal building system was damaged and trees were uprooted. The tornado continued to widen as it approached Grove Municipal Airport. Outbuildings were severely damaged, homes were damaged, and trees were snapped or uprooted near the airport. There is video of the tornado as it moved across the north side of the airport, damaging outbuildings. The tornado crossed Highway 10 and dissipated north of the E 280 Road. Based on this damage, maximum estimated wind in the tornado was 90 to 100 mph.","Strong to severe thunderstorms developed into portions of eastern Oklahoma during the morning hours of the 29th, along and ahead of a cold front moving into the area. Weak instability and strong wind shear combined to allow the storms to become organized, with the strongest producing several tornadoes, large hail up to golf ball size, and damaging wind gusts.","OKLAHOMA"
"1257140","DELAWARE CO.","JAY","04/29/2025","702","Tornado","","EF1","0","0","100000","0","CST-6","","201836","C","41","TSA","0","0","NWS Storm Survey","","7.9","950","3.18","N","4.49","NNE","SYCAMORE","04/29/2025","710","36.466","-94.801","36.456","-94.659","This tornado developed along the E 380 Road, west of Highway 59, where trees were uprooted and large tree limbs were snapped. The tornado moved east-southeast. Numerous trees were uprooted or snapped, several homes were damaged, and several outbuildings were destroyed when it moved across Highway 59, through the S 640 Road. The tornado turned to the southeast after moving through Yellow Bird Hollow, and uprooted trees and snapped large tree limbs along the E 390 Road and S 670 Road. It dissipated east of the S 680 Road. Based on this damage, maximum estimated wind in the tornado was 95 to 100 mph.","Strong to severe thunderstorms developed into portions of eastern Oklahoma during the morning hours of the 29th, along and ahead of a cold front moving into the area. Weak instability and strong wind shear combined to allow the storms to become organized, with the strongest producing several tornadoes, large hail up to golf ball size, and damaging wind gusts.","OKLAHOMA"
"1257143","DELAWARE CO.","GROVE ARPT","04/29/2025","707","Tornado","","EF1","0","0","0","0","CST-6","","201836","C","41","TSA","0","0","NWS Storm Survey","","2.3","450","2.05","E","4.22","ENE","GROVE ARPT","04/29/2025","709","36.601","-94.693","36.617","-94.657","This tornado developed north of the E 290 Road and west of the S 663 Road. The tornado moved northeast snapping large tree limbs and uprooting a few trees. It dissipated north of the E 280 Road and west of the S 680 Road. Based on this damage, maximum estimated wind in the tornado was 85 to 95 mph.","Strong to severe thunderstorms developed into portions of eastern Oklahoma during the morning hours of the 29th, along and ahead of a cold front moving into the area. Weak instability and strong wind shear combined to allow the storms to become organized, with the strongest producing several tornadoes, large hail up to golf ball size, and damaging wind gusts.","OKLAHOMA"
"1257148","HASKELL CO.","STIGLER","04/30/2025","1134","Tornado","","EFU","0","0","0","0","CST-6","","201839","C","61","TSA","0","0","Broadcast Media","","0.1","100","2.63","N","2.63","N","STIGLER","04/30/2025","1134","35.288","-95.128","35.288","-95.128","A storm chaser with the broadcast media reported a brief tornado on live television. No known damage occurred, thus it was rated EF-unknown.","Multiple rounds of strong to severe thunderstorms developed across portions of eastern Oklahoma on the 30th, along and ahead of a cold front moving into the area with the approach of an upper level disturbance. The first round moved into the area during the early morning hours with damaging wind, and the second round moved across the area during the late morning and afternoon with a couple tornadoes and damaging wind.","OKLAHOMA"
"1257153","SEQUOYAH CO.","AKINS","04/30/2025","1255","Tornado","","EF0","0","0","5000","0","CST-6","","201839","C","135","TSA","0","0","Broadcast Media","","0.3","150","2.46","ESE","2.46","ESE","AKINS","04/30/2025","1256","35.51","-94.658","35.51","-94.658","A storm chaser with broadcast media reported a brief tornado. The tornado snapped large tree limbs and damaged the roof of an outbuilding. Based on this damage, maximum estimated wind in the tornado was 75 to 80 mph.","Multiple rounds of strong to severe thunderstorms developed across portions of eastern Oklahoma on the 30th, along and ahead of a cold front moving into the area with the approach of an upper level disturbance. The first round moved into the area during the early morning hours with damaging wind, and the second round moved across the area during the late morning and afternoon with a couple tornadoes and damaging wind.","OKLAHOMA"
"1257242","COCHRAN CO.","MORTON COCHRAN CO AR","06/05/2025","1655","Tornado","","EFU","0","0","0","0","CST-6","","202121","C","79","LUB","0","0","NWS Storm Survey","","0.24","100","6.69","ENE","6.93","ENE","MORTON COCHRAN CO AR","06/05/2025","1656","33.7505","-102.6162","33.751","-102.612","An intense cyclic supercell thunderstorm produced a total of eight known tornadoes over portions of Cochran, Hockley, and Lubbock Counties. This was the third of the tornadoes. No damage was observed or reported with this tornado, however, it was directly observed by mobile research radar. This tornado began in far eastern Cochran County before moving into far western Hockley County.","During the afternoon and evening hours of the fifth, an intense supercell thunderstorm moved over the South Plains region of West Texas, producing several tornadoes over portions of Cochran, Hockley, and Lubbock Counties. This thunderstorm also produced widespread damage from very strong straight-line winds and large hail across western and southwestern portions of the City of Lubbock (Lubbock County) before it exited into Crosby and Garza Counties and weakened late in the evening. A cold front stalled south of the South Plains early in the afternoon before returning northward as a warm front. Very humid air returned to the region as the front moved northward and contributed to extreme atmospheric instability by the afternoon. This allowed for explosive thunderstorm development from far east-central New Mexico into the South Plains. This supercell initially produced a brief tornado over far northwestern Cochran County that moved over open country and produced no known damage. Shortly thereafter, the supercell produced a strong wedge-type tornado several miles northwest of Morton (Cochran County), which destroyed multiple large wooden power poles as it tracked eastward, eventually crossing Texas State Highway 214 about four miles north of Morton before dissipating over northeastern Cochran County. The supercell then produced another strong tornado over far northwestern Hockley County, about five miles northwest of the community of Pettit (Hockley County), which was directly observed by mobile research radar. A separate and very brief cone-type tornado was then observed only two miles north of Pettit. The supercell then began to track more southeastward, with no tornadoes observed for a period of approximately 15 minutes. Just as the supercell approached US Highway 385 in north-central Hockley County, it produced another strong tornado which crossed US Highway 385 about three miles south of the community of Whitharral (Hockley County). This tornado destroyed several additional wooden power poles, rolled a semi-truck traveling on the highway, and damaged buildings and trees along its path before dissipating about seven miles east of US Highway 385. The final three tornadoes produced by this supercell were observed as the storm crossed from eastern Hockley County into western Lubbock County. The first tornado developed approximately three miles northeast of Texas State Highway 114 and the community of Smyer (Hockley County), damaging and destroying multiple manufactured homes as it moved eastward before dissipating along the Hockley/Lubbock County line. The second tornado developed very close to the termination of the previous tornado, and damaged and destroyed several homes and buildings as it tracked southeastward and dissipated only about a quarter mile north of Texas State Highway 114. The final tornado produced during this event developed and tracked over southern portions of Reese Center (Lubbock County), toppling large trees and damaging roofs before dissipating just outside the Lubbock city limits. Although the storm did not produce any additional tornadoes after this point, the supercell did continue to produce very strong straight-line winds and large hail, which resulted in widespread damage to homes and businesses across western and southwestern portions of the City of Lubbock. Many buildings within the city experienced significant damage to roofs and windows, and hail up to the size of tennis balls was observed within the city limits. The supercell continued to produce large hail and severe wind gusts as it moved over the community of Slaton in southeastern Lubbock County, with the storm finally weakening over Crosby and Garza Counties with no additional severe weather reports after it moved to the east of the Caprock Escarpment. After the initial supercell thunderstorm moved east, additional thunderstorms developed over far eastern New Mexico and the South Plains bringing more severe storms late in the evening through the early morning hours of the sixth.","TEXAS"
"1257243","HOCKLEY CO.","PEP","06/05/2025","1656","Tornado","","EFU","0","0","0","0","CST-6","","202121","C","219","LUB","0","0","NWS Storm Survey","","4.29","500","5.34","SSW","2.3","NNW","PETTIT","06/05/2025","1707","33.751","-102.612","33.7321","-102.5408","An intense cyclic supercell thunderstorm produced a total of eight known tornadoes over portions of Cochran, Hockley, and Lubbock Counties. This was the third of the tornadoes. No damage was observed or reported with this tornado, however, it was directly observed by mobile research radar. This tornado began in far eastern Cochran County before moving into far western Hockley County.","During the afternoon and evening hours of the fifth, an intense supercell thunderstorm moved over the South Plains region of West Texas, producing several tornadoes over portions of Cochran, Hockley, and Lubbock Counties. This thunderstorm also produced widespread damage from very strong straight-line winds and large hail across western and southwestern portions of the City of Lubbock (Lubbock County) before it exited into Crosby and Garza Counties and weakened late in the evening. A cold front stalled south of the South Plains early in the afternoon before returning northward as a warm front. Very humid air returned to the region as the front moved northward and contributed to extreme atmospheric instability by the afternoon. This allowed for explosive thunderstorm development from far east-central New Mexico into the South Plains. This supercell initially produced a brief tornado over far northwestern Cochran County that moved over open country and produced no known damage. Shortly thereafter, the supercell produced a strong wedge-type tornado several miles northwest of Morton (Cochran County), which destroyed multiple large wooden power poles as it tracked eastward, eventually crossing Texas State Highway 214 about four miles north of Morton before dissipating over northeastern Cochran County. The supercell then produced another strong tornado over far northwestern Hockley County, about five miles northwest of the community of Pettit (Hockley County), which was directly observed by mobile research radar. A separate and very brief cone-type tornado was then observed only two miles north of Pettit. The supercell then began to track more southeastward, with no tornadoes observed for a period of approximately 15 minutes. Just as the supercell approached US Highway 385 in north-central Hockley County, it produced another strong tornado which crossed US Highway 385 about three miles south of the community of Whitharral (Hockley County). This tornado destroyed several additional wooden power poles, rolled a semi-truck traveling on the highway, and damaged buildings and trees along its path before dissipating about seven miles east of US Highway 385. The final three tornadoes produced by this supercell were observed as the storm crossed from eastern Hockley County into western Lubbock County. The first tornado developed approximately three miles northeast of Texas State Highway 114 and the community of Smyer (Hockley County), damaging and destroying multiple manufactured homes as it moved eastward before dissipating along the Hockley/Lubbock County line. The second tornado developed very close to the termination of the previous tornado, and damaged and destroyed several homes and buildings as it tracked southeastward and dissipated only about a quarter mile north of Texas State Highway 114. The final tornado produced during this event developed and tracked over southern portions of Reese Center (Lubbock County), toppling large trees and damaging roofs before dissipating just outside the Lubbock city limits. Although the storm did not produce any additional tornadoes after this point, the supercell did continue to produce very strong straight-line winds and large hail, which resulted in widespread damage to homes and businesses across western and southwestern portions of the City of Lubbock. Many buildings within the city experienced significant damage to roofs and windows, and hail up to the size of tennis balls was observed within the city limits. The supercell continued to produce large hail and severe wind gusts as it moved over the community of Slaton in southeastern Lubbock County, with the storm finally weakening over Crosby and Garza Counties with no additional severe weather reports after it moved to the east of the Caprock Escarpment. After the initial supercell thunderstorm moved east, additional thunderstorms developed over far eastern New Mexico and the South Plains bringing more severe storms late in the evening through the early morning hours of the sixth.","TEXAS"
"1257248","HOCKLEY CO.","PETTIT","06/05/2025","1713","Tornado","","EFU","0","0","0","0","CST-6","","202121","C","219","LUB","0","0","NWS Storm Survey","","0.89","500","1.4","N","1.51","NE","PETTIT","06/05/2025","1715","33.72","-102.5262","33.7155","-102.5116","An intense cyclic supercell thunderstorm produced a total of eight known tornadoes over portions of Cochran, Hockley, and Lubbock Counties. This was the fourth of the tornadoes. A brief cone-type tornado was observed by broadcast media approximately 1.5 miles north of Petit. No damage was observed or reported.","During the afternoon and evening hours of the fifth, an intense supercell thunderstorm moved over the South Plains region of West Texas, producing several tornadoes over portions of Cochran, Hockley, and Lubbock Counties. This thunderstorm also produced widespread damage from very strong straight-line winds and large hail across western and southwestern portions of the City of Lubbock (Lubbock County) before it exited into Crosby and Garza Counties and weakened late in the evening. A cold front stalled south of the South Plains early in the afternoon before returning northward as a warm front. Very humid air returned to the region as the front moved northward and contributed to extreme atmospheric instability by the afternoon. This allowed for explosive thunderstorm development from far east-central New Mexico into the South Plains. This supercell initially produced a brief tornado over far northwestern Cochran County that moved over open country and produced no known damage. Shortly thereafter, the supercell produced a strong wedge-type tornado several miles northwest of Morton (Cochran County), which destroyed multiple large wooden power poles as it tracked eastward, eventually crossing Texas State Highway 214 about four miles north of Morton before dissipating over northeastern Cochran County. The supercell then produced another strong tornado over far northwestern Hockley County, about five miles northwest of the community of Pettit (Hockley County), which was directly observed by mobile research radar. A separate and very brief cone-type tornado was then observed only two miles north of Pettit. The supercell then began to track more southeastward, with no tornadoes observed for a period of approximately 15 minutes. Just as the supercell approached US Highway 385 in north-central Hockley County, it produced another strong tornado which crossed US Highway 385 about three miles south of the community of Whitharral (Hockley County). This tornado destroyed several additional wooden power poles, rolled a semi-truck traveling on the highway, and damaged buildings and trees along its path before dissipating about seven miles east of US Highway 385. The final three tornadoes produced by this supercell were observed as the storm crossed from eastern Hockley County into western Lubbock County. The first tornado developed approximately three miles northeast of Texas State Highway 114 and the community of Smyer (Hockley County), damaging and destroying multiple manufactured homes as it moved eastward before dissipating along the Hockley/Lubbock County line. The second tornado developed very close to the termination of the previous tornado, and damaged and destroyed several homes and buildings as it tracked southeastward and dissipated only about a quarter mile north of Texas State Highway 114. The final tornado produced during this event developed and tracked over southern portions of Reese Center (Lubbock County), toppling large trees and damaging roofs before dissipating just outside the Lubbock city limits. Although the storm did not produce any additional tornadoes after this point, the supercell did continue to produce very strong straight-line winds and large hail, which resulted in widespread damage to homes and businesses across western and southwestern portions of the City of Lubbock. Many buildings within the city experienced significant damage to roofs and windows, and hail up to the size of tennis balls was observed within the city limits. The supercell continued to produce large hail and severe wind gusts as it moved over the community of Slaton in southeastern Lubbock County, with the storm finally weakening over Crosby and Garza Counties with no additional severe weather reports after it moved to the east of the Caprock Escarpment. After the initial supercell thunderstorm moved east, additional thunderstorms developed over far eastern New Mexico and the South Plains bringing more severe storms late in the evening through the early morning hours of the sixth.","TEXAS"
"1257249","HOCKLEY CO.","WHITHARRAL","06/05/2025","1727","Tornado","","EF2","0","0","0","0","CST-6","","202121","C","219","LUB","0","0","NWS Storm Survey","","8.82","1936","3.41","WSW","6.2","ESE","WHITHARRAL","06/05/2025","1754","33.7066","-102.3822","33.6984","-102.229","An intense cyclic supercell thunderstorm produced a total of eight known tornadoes over portions of Cochran, Hockley, and Lubbock Counties. This was the fifth of the tornadoes. As the supercell thunderstorm approached US Highway 385 in north-central Hockley County it produced another strong tornado. This tornado crossed US Highway 385 approximately three miles north of Whitharral. The tornado destroyed several wooden power poles, rolled a semi-truck traveling on the highway, and damaged buildings and trees along its path before dissipating about seven miles east of the highway.","During the afternoon and evening hours of the fifth, an intense supercell thunderstorm moved over the South Plains region of West Texas, producing several tornadoes over portions of Cochran, Hockley, and Lubbock Counties. This thunderstorm also produced widespread damage from very strong straight-line winds and large hail across western and southwestern portions of the City of Lubbock (Lubbock County) before it exited into Crosby and Garza Counties and weakened late in the evening. A cold front stalled south of the South Plains early in the afternoon before returning northward as a warm front. Very humid air returned to the region as the front moved northward and contributed to extreme atmospheric instability by the afternoon. This allowed for explosive thunderstorm development from far east-central New Mexico into the South Plains. This supercell initially produced a brief tornado over far northwestern Cochran County that moved over open country and produced no known damage. Shortly thereafter, the supercell produced a strong wedge-type tornado several miles northwest of Morton (Cochran County), which destroyed multiple large wooden power poles as it tracked eastward, eventually crossing Texas State Highway 214 about four miles north of Morton before dissipating over northeastern Cochran County. The supercell then produced another strong tornado over far northwestern Hockley County, about five miles northwest of the community of Pettit (Hockley County), which was directly observed by mobile research radar. A separate and very brief cone-type tornado was then observed only two miles north of Pettit. The supercell then began to track more southeastward, with no tornadoes observed for a period of approximately 15 minutes. Just as the supercell approached US Highway 385 in north-central Hockley County, it produced another strong tornado which crossed US Highway 385 about three miles south of the community of Whitharral (Hockley County). This tornado destroyed several additional wooden power poles, rolled a semi-truck traveling on the highway, and damaged buildings and trees along its path before dissipating about seven miles east of US Highway 385. The final three tornadoes produced by this supercell were observed as the storm crossed from eastern Hockley County into western Lubbock County. The first tornado developed approximately three miles northeast of Texas State Highway 114 and the community of Smyer (Hockley County), damaging and destroying multiple manufactured homes as it moved eastward before dissipating along the Hockley/Lubbock County line. The second tornado developed very close to the termination of the previous tornado, and damaged and destroyed several homes and buildings as it tracked southeastward and dissipated only about a quarter mile north of Texas State Highway 114. The final tornado produced during this event developed and tracked over southern portions of Reese Center (Lubbock County), toppling large trees and damaging roofs before dissipating just outside the Lubbock city limits. Although the storm did not produce any additional tornadoes after this point, the supercell did continue to produce very strong straight-line winds and large hail, which resulted in widespread damage to homes and businesses across western and southwestern portions of the City of Lubbock. Many buildings within the city experienced significant damage to roofs and windows, and hail up to the size of tennis balls was observed within the city limits. The supercell continued to produce large hail and severe wind gusts as it moved over the community of Slaton in southeastern Lubbock County, with the storm finally weakening over Crosby and Garza Counties with no additional severe weather reports after it moved to the east of the Caprock Escarpment. After the initial supercell thunderstorm moved east, additional thunderstorms developed over far eastern New Mexico and the South Plains bringing more severe storms late in the evening through the early morning hours of the sixth.","TEXAS"
"1257252","HOCKLEY CO.","SMYER","06/05/2025","1812","Tornado","","EF1","0","2","0","0","CST-6","","202121","C","219","LUB","0","0","NWS Storm Survey","","3.6","880","3.85","NNE","5.96","NE","SMYER","06/05/2025","1824","33.6324","-102.1472","33.6288","-102.0847","An intense cyclic supercell thunderstorm produced a total of eight known tornadoes over portions of Cochran, Hockley, and Lubbock Counties. This was the sixth of the tornadoes. This tornado developed approximately three miles northeast of Smyer damaging or destroying multiple manufactured homes as it moved eastward before dissipating along the Hockley/Lubbock County line. At least two manufactured homes were rolled off their foundations and heavily damaged causing two injuries.","During the afternoon and evening hours of the fifth, an intense supercell thunderstorm moved over the South Plains region of West Texas, producing several tornadoes over portions of Cochran, Hockley, and Lubbock Counties. This thunderstorm also produced widespread damage from very strong straight-line winds and large hail across western and southwestern portions of the City of Lubbock (Lubbock County) before it exited into Crosby and Garza Counties and weakened late in the evening. A cold front stalled south of the South Plains early in the afternoon before returning northward as a warm front. Very humid air returned to the region as the front moved northward and contributed to extreme atmospheric instability by the afternoon. This allowed for explosive thunderstorm development from far east-central New Mexico into the South Plains. This supercell initially produced a brief tornado over far northwestern Cochran County that moved over open country and produced no known damage. Shortly thereafter, the supercell produced a strong wedge-type tornado several miles northwest of Morton (Cochran County), which destroyed multiple large wooden power poles as it tracked eastward, eventually crossing Texas State Highway 214 about four miles north of Morton before dissipating over northeastern Cochran County. The supercell then produced another strong tornado over far northwestern Hockley County, about five miles northwest of the community of Pettit (Hockley County), which was directly observed by mobile research radar. A separate and very brief cone-type tornado was then observed only two miles north of Pettit. The supercell then began to track more southeastward, with no tornadoes observed for a period of approximately 15 minutes. Just as the supercell approached US Highway 385 in north-central Hockley County, it produced another strong tornado which crossed US Highway 385 about three miles south of the community of Whitharral (Hockley County). This tornado destroyed several additional wooden power poles, rolled a semi-truck traveling on the highway, and damaged buildings and trees along its path before dissipating about seven miles east of US Highway 385. The final three tornadoes produced by this supercell were observed as the storm crossed from eastern Hockley County into western Lubbock County. The first tornado developed approximately three miles northeast of Texas State Highway 114 and the community of Smyer (Hockley County), damaging and destroying multiple manufactured homes as it moved eastward before dissipating along the Hockley/Lubbock County line. The second tornado developed very close to the termination of the previous tornado, and damaged and destroyed several homes and buildings as it tracked southeastward and dissipated only about a quarter mile north of Texas State Highway 114. The final tornado produced during this event developed and tracked over southern portions of Reese Center (Lubbock County), toppling large trees and damaging roofs before dissipating just outside the Lubbock city limits. Although the storm did not produce any additional tornadoes after this point, the supercell did continue to produce very strong straight-line winds and large hail, which resulted in widespread damage to homes and businesses across western and southwestern portions of the City of Lubbock. Many buildings within the city experienced significant damage to roofs and windows, and hail up to the size of tennis balls was observed within the city limits. The supercell continued to produce large hail and severe wind gusts as it moved over the community of Slaton in southeastern Lubbock County, with the storm finally weakening over Crosby and Garza Counties with no additional severe weather reports after it moved to the east of the Caprock Escarpment. After the initial supercell thunderstorm moved east, additional thunderstorms developed over far eastern New Mexico and the South Plains bringing more severe storms late in the evening through the early morning hours of the sixth.","TEXAS"
"1257255","HOCKLEY CO.","SMYER","06/05/2025","1819","Tornado","","EF2","0","0","0","0","CST-6","","202121","C","219","LUB","0","0","NWS Storm Survey","","2.24","968","4.93","NE","5.19","E","SMYER","06/05/2025","1834","33.6205","-102.0994","33.592","-102.081","An intense cyclic supercell thunderstorm produced a total of eight known tornadoes over portions of Cochran, Hockley, and Lubbock Counties. This was the seventh of the tornadoes. This new tornado formed close to the termination of the previous tornado just before it dissipated. An NWS storm survey revealed that a manufactured home had been rolled off its foundation and completely destroyed resulting in the EF-2 rating. Additional damage to structures was found as far south as the intersection of Texas State Highway 114 and Farm to Market Road 2378 in Lubbock County. The tornado then dissipated in Lubbock County just north of Texas State Highway 114.","During the afternoon and evening hours of the fifth, an intense supercell thunderstorm moved over the South Plains region of West Texas, producing several tornadoes over portions of Cochran, Hockley, and Lubbock Counties. This thunderstorm also produced widespread damage from very strong straight-line winds and large hail across western and southwestern portions of the City of Lubbock (Lubbock County) before it exited into Crosby and Garza Counties and weakened late in the evening. A cold front stalled south of the South Plains early in the afternoon before returning northward as a warm front. Very humid air returned to the region as the front moved northward and contributed to extreme atmospheric instability by the afternoon. This allowed for explosive thunderstorm development from far east-central New Mexico into the South Plains. This supercell initially produced a brief tornado over far northwestern Cochran County that moved over open country and produced no known damage. Shortly thereafter, the supercell produced a strong wedge-type tornado several miles northwest of Morton (Cochran County), which destroyed multiple large wooden power poles as it tracked eastward, eventually crossing Texas State Highway 214 about four miles north of Morton before dissipating over northeastern Cochran County. The supercell then produced another strong tornado over far northwestern Hockley County, about five miles northwest of the community of Pettit (Hockley County), which was directly observed by mobile research radar. A separate and very brief cone-type tornado was then observed only two miles north of Pettit. The supercell then began to track more southeastward, with no tornadoes observed for a period of approximately 15 minutes. Just as the supercell approached US Highway 385 in north-central Hockley County, it produced another strong tornado which crossed US Highway 385 about three miles south of the community of Whitharral (Hockley County). This tornado destroyed several additional wooden power poles, rolled a semi-truck traveling on the highway, and damaged buildings and trees along its path before dissipating about seven miles east of US Highway 385. The final three tornadoes produced by this supercell were observed as the storm crossed from eastern Hockley County into western Lubbock County. The first tornado developed approximately three miles northeast of Texas State Highway 114 and the community of Smyer (Hockley County), damaging and destroying multiple manufactured homes as it moved eastward before dissipating along the Hockley/Lubbock County line. The second tornado developed very close to the termination of the previous tornado, and damaged and destroyed several homes and buildings as it tracked southeastward and dissipated only about a quarter mile north of Texas State Highway 114. The final tornado produced during this event developed and tracked over southern portions of Reese Center (Lubbock County), toppling large trees and damaging roofs before dissipating just outside the Lubbock city limits. Although the storm did not produce any additional tornadoes after this point, the supercell did continue to produce very strong straight-line winds and large hail, which resulted in widespread damage to homes and businesses across western and southwestern portions of the City of Lubbock. Many buildings within the city experienced significant damage to roofs and windows, and hail up to the size of tennis balls was observed within the city limits. The supercell continued to produce large hail and severe wind gusts as it moved over the community of Slaton in southeastern Lubbock County, with the storm finally weakening over Crosby and Garza Counties with no additional severe weather reports after it moved to the east of the Caprock Escarpment. After the initial supercell thunderstorm moved east, additional thunderstorms developed over far eastern New Mexico and the South Plains bringing more severe storms late in the evening through the early morning hours of the sixth.","TEXAS"
"1257256","LUBBOCK CO.","(REE)REESE AFB LUBBO","06/05/2025","1834","Tornado","","EF2","0","0","0","0","CST-6","","202121","C","303","LUB","0","0","NWS Storm Survey","","1.01","968","1.87","WSW","1.25","SW","(REE)REESE AFB LUBBO","06/05/2025","1842","33.592","-102.081","33.5867","-102.0647","An intense cyclic supercell thunderstorm produced a total of eight known tornadoes over portions of Cochran, Hockley, and Lubbock Counties. This was the seventh of the tornadoes. This new tornado formed close to the termination of the previous tornado just before it dissipated. An NWS storm survey revealed that a manufactured home had been rolled off its foundation and completely destroyed resulting in the EF-2 rating. Additional damage to structures was found as far south as the intersection of Texas State Highway 114 and Farm to Market Road 2378 in Lubbock County. The tornado then dissipated in Lubbock County just north of Texas State Highway 114.","During the afternoon and evening hours of the fifth, an intense supercell thunderstorm moved over the South Plains region of West Texas, producing several tornadoes over portions of Cochran, Hockley, and Lubbock Counties. This thunderstorm also produced widespread damage from very strong straight-line winds and large hail across western and southwestern portions of the City of Lubbock (Lubbock County) before it exited into Crosby and Garza Counties and weakened late in the evening. A cold front stalled south of the South Plains early in the afternoon before returning northward as a warm front. Very humid air returned to the region as the front moved northward and contributed to extreme atmospheric instability by the afternoon. This allowed for explosive thunderstorm development from far east-central New Mexico into the South Plains. This supercell initially produced a brief tornado over far northwestern Cochran County that moved over open country and produced no known damage. Shortly thereafter, the supercell produced a strong wedge-type tornado several miles northwest of Morton (Cochran County), which destroyed multiple large wooden power poles as it tracked eastward, eventually crossing Texas State Highway 214 about four miles north of Morton before dissipating over northeastern Cochran County. The supercell then produced another strong tornado over far northwestern Hockley County, about five miles northwest of the community of Pettit (Hockley County), which was directly observed by mobile research radar. A separate and very brief cone-type tornado was then observed only two miles north of Pettit. The supercell then began to track more southeastward, with no tornadoes observed for a period of approximately 15 minutes. Just as the supercell approached US Highway 385 in north-central Hockley County, it produced another strong tornado which crossed US Highway 385 about three miles south of the community of Whitharral (Hockley County). This tornado destroyed several additional wooden power poles, rolled a semi-truck traveling on the highway, and damaged buildings and trees along its path before dissipating about seven miles east of US Highway 385. The final three tornadoes produced by this supercell were observed as the storm crossed from eastern Hockley County into western Lubbock County. The first tornado developed approximately three miles northeast of Texas State Highway 114 and the community of Smyer (Hockley County), damaging and destroying multiple manufactured homes as it moved eastward before dissipating along the Hockley/Lubbock County line. The second tornado developed very close to the termination of the previous tornado, and damaged and destroyed several homes and buildings as it tracked southeastward and dissipated only about a quarter mile north of Texas State Highway 114. The final tornado produced during this event developed and tracked over southern portions of Reese Center (Lubbock County), toppling large trees and damaging roofs before dissipating just outside the Lubbock city limits. Although the storm did not produce any additional tornadoes after this point, the supercell did continue to produce very strong straight-line winds and large hail, which resulted in widespread damage to homes and businesses across western and southwestern portions of the City of Lubbock. Many buildings within the city experienced significant damage to roofs and windows, and hail up to the size of tennis balls was observed within the city limits. The supercell continued to produce large hail and severe wind gusts as it moved over the community of Slaton in southeastern Lubbock County, with the storm finally weakening over Crosby and Garza Counties with no additional severe weather reports after it moved to the east of the Caprock Escarpment. After the initial supercell thunderstorm moved east, additional thunderstorms developed over far eastern New Mexico and the South Plains bringing more severe storms late in the evening through the early morning hours of the sixth.","TEXAS"
"1257258","LUBBOCK CO.","(REE)REESE AFB LUBBO","06/05/2025","1843","Tornado","","EF1","0","0","0","0","CST-6","","202121","C","303","LUB","0","0","NWS Storm Survey","","2.58","792","0.41","WNW","1.13","S","REESE VLG","06/05/2025","1854","33.6018","-102.0568","33.5838","-102.0176","An intense cyclic supercell thunderstorm produced a total of eight known tornadoes over portions of Cochran, Hockley, and Lubbock Counties. This was the eighth and final tornado. This tornado developed and tracked over southern portions of Reese Center, toppling large trees and damaging roofs before dissipating just west of Inler Avenue.","During the afternoon and evening hours of the fifth, an intense supercell thunderstorm moved over the South Plains region of West Texas, producing several tornadoes over portions of Cochran, Hockley, and Lubbock Counties. This thunderstorm also produced widespread damage from very strong straight-line winds and large hail across western and southwestern portions of the City of Lubbock (Lubbock County) before it exited into Crosby and Garza Counties and weakened late in the evening. A cold front stalled south of the South Plains early in the afternoon before returning northward as a warm front. Very humid air returned to the region as the front moved northward and contributed to extreme atmospheric instability by the afternoon. This allowed for explosive thunderstorm development from far east-central New Mexico into the South Plains. This supercell initially produced a brief tornado over far northwestern Cochran County that moved over open country and produced no known damage. Shortly thereafter, the supercell produced a strong wedge-type tornado several miles northwest of Morton (Cochran County), which destroyed multiple large wooden power poles as it tracked eastward, eventually crossing Texas State Highway 214 about four miles north of Morton before dissipating over northeastern Cochran County. The supercell then produced another strong tornado over far northwestern Hockley County, about five miles northwest of the community of Pettit (Hockley County), which was directly observed by mobile research radar. A separate and very brief cone-type tornado was then observed only two miles north of Pettit. The supercell then began to track more southeastward, with no tornadoes observed for a period of approximately 15 minutes. Just as the supercell approached US Highway 385 in north-central Hockley County, it produced another strong tornado which crossed US Highway 385 about three miles south of the community of Whitharral (Hockley County). This tornado destroyed several additional wooden power poles, rolled a semi-truck traveling on the highway, and damaged buildings and trees along its path before dissipating about seven miles east of US Highway 385. The final three tornadoes produced by this supercell were observed as the storm crossed from eastern Hockley County into western Lubbock County. The first tornado developed approximately three miles northeast of Texas State Highway 114 and the community of Smyer (Hockley County), damaging and destroying multiple manufactured homes as it moved eastward before dissipating along the Hockley/Lubbock County line. The second tornado developed very close to the termination of the previous tornado, and damaged and destroyed several homes and buildings as it tracked southeastward and dissipated only about a quarter mile north of Texas State Highway 114. The final tornado produced during this event developed and tracked over southern portions of Reese Center (Lubbock County), toppling large trees and damaging roofs before dissipating just outside the Lubbock city limits. Although the storm did not produce any additional tornadoes after this point, the supercell did continue to produce very strong straight-line winds and large hail, which resulted in widespread damage to homes and businesses across western and southwestern portions of the City of Lubbock. Many buildings within the city experienced significant damage to roofs and windows, and hail up to the size of tennis balls was observed within the city limits. The supercell continued to produce large hail and severe wind gusts as it moved over the community of Slaton in southeastern Lubbock County, with the storm finally weakening over Crosby and Garza Counties with no additional severe weather reports after it moved to the east of the Caprock Escarpment. After the initial supercell thunderstorm moved east, additional thunderstorms developed over far eastern New Mexico and the South Plains bringing more severe storms late in the evening through the early morning hours of the sixth.","TEXAS"
"1258251","MILAM CO.","CAMERON","05/06/2025","1115","Tornado","","EF0","0","0","20000","0","CST-6","","202390","C","331","FWD","0","0","NWS Storm Survey","","9.27","250","1.91","SE","2.79","ESE","MAYSFIELD","05/06/2025","1126","30.8329","-96.9448","30.8889","-96.8048","An EF-0 tornado formed southeast of Cameron approximately at the State Highway 36 bridge over the Little River.  Substantial tree damage was noted in this vicinity, as well as some minor outbuilding damage.  The tornado moved northeast, producing intermittent tree damage and light outbuilding damage as it paralleled Milam County Road 229 for a couple of miles before crossing County Roads 228 and 227.  The tornado continued northeast beyond CR 227, producing additional damage to large tree branches and trunks.  Some isolated damage to a recreational vehicle and some outbuildings also occurred along this eastern portion of the track.  The tornado eventually reached FM 485 near its intersection with Hart Creek in eastern Milam County.  The tornado dissipated in an open field immediately east of FM 485.  Damage along the entire length of the track was consistent with estimated windspeeds of 65 to 75 mph, with a small number of trees exhibiting damage consistent with slightly higher EF-0 speeds of 75 to 85 mph.","A sharp upper trough and a meandering surface front generated two rounds of thunderstorms across the region, one round on May 5 and the other on May 6. Most of the severe weather took place on the 6th, when large hail, damaging winds, and a few tornadoes occurred. A total of 5 tornadoes were surveyed in the far southeast parts of the County Warning Area: two EF-0s and three EF-1s. The strongest tornado had winds up to 105 mph and moved through Jewett in Leon County.","TEXAS"
"1258252","ROBERTSON CO.","FRANKLIN","05/06/2025","1157","Tornado","","EF0","0","0","10000","0","CST-6","","202390","C","395","FWD","0","0","NWS Storm Survey","","2.92","100","2.38","S","2.51","ESE","FRANKLIN","05/06/2025","1201","30.9956","-96.4816","31.0159","-96.441","An EF-0 tornado touched down just west of Henry Prairie Rd south of Franklin and moved northeast across FM 46 and McNutt Road before lifting near Old Hickory Grove Road. Several trees and large tree limbs were blown down along the path, with minor damage to a few homes and outbuildings. Max winds were estimated at 80 mph.","A sharp upper trough and a meandering surface front generated two rounds of thunderstorms across the region, one round on May 5 and the other on May 6. Most of the severe weather took place on the 6th, when large hail, damaging winds, and a few tornadoes occurred. A total of 5 tornadoes were surveyed in the far southeast parts of the County Warning Area: two EF-0s and three EF-1s. The strongest tornado had winds up to 105 mph and moved through Jewett in Leon County.","TEXAS"
"1258253","LEON CO.","BUFFALO","05/06/2025","1220","Tornado","","EF1","0","0","10000","0","CST-6","","202390","C","289","FWD","0","0","NWS Storm Survey","","5.98","100","6.19","SSE","5.41","SSE","FLO","05/06/2025","1229","31.394","-96.0143","31.4073","-95.9158","A second tornado occurred in Leon County, southeast of Buffalo and west of Flo. The tornado likely began west of US 75 and north of CR 305. Several large trees were damaged on a property in this area, and additional tree damage could be seen on the east side of the Highway. The tornado then damaged trees and a metal outbuilding on CR 275.  The tornado traveled east over inaccessible land but was tracked again along FM 831 near CRs 283 & 285. Notable tree damage and snapped trunks were found in this area. One manufactured home suffered minor roof damage.  The tornado dissipated just east of this area. This tornado was rated EF-1 with maximum estimated winds of 95 mph.","A sharp upper trough and a meandering surface front generated two rounds of thunderstorms across the region, one round on May 5 and the other on May 6. Most of the severe weather took place on the 6th, when large hail, damaging winds, and a few tornadoes occurred. A total of 5 tornadoes were surveyed in the far southeast parts of the County Warning Area: two EF-0s and three EF-1s. The strongest tornado had winds up to 105 mph and moved through Jewett in Leon County.","TEXAS"
"1258254","ANDERSON CO.","FRANKSTON","05/06/2025","1226","Tornado","","EF0","0","1","50000","0","CST-6","","202390","C","1","FWD","0","0","NWS Storm Survey","","4.83","300","1.73","W","3.2","ENE","FRANKSTON","05/06/2025","1231","32.053","-95.5294","32.0665","-95.4489","An EF-0 tornado started west of the town of Frankston, close to Hwy 175 and Anderson CR 303. Initially the tornado damaged trees at a few homes along Hwy 175. As the tornado moved into town, it continued to cause tree damage, breaking large limbs from trunks and uprooting trees. Some of the limbs and trees fell on homes causing damage to roofs. One tree fell through the end of a home causing a non-life threatening injury. In the town of Frankston, the tornado was rated EF-0 with maximum winds of 85 mph. Many of the uprooted trees occurred in already saturated soils, and this was factored into the final wind speed determination.  The tornado continued east of town and was tracked by scattered tree damage along CRs 3051 and 309. The tornado likely dissipated before reaching Lake Palestine.","A sharp upper trough and a meandering surface front generated two rounds of thunderstorms across the region, one round on May 5 and the other on May 6. Most of the severe weather took place on the 6th, when large hail, damaging winds, and a few tornadoes occurred. A total of 5 tornadoes were surveyed in the far southeast parts of the County Warning Area: two EF-0s and three EF-1s. The strongest tornado had winds up to 105 mph and moved through Jewett in Leon County.","TEXAS"
"1258255","LEON CO.","JEWETT","05/06/2025","1211","Tornado","","EF1","0","0","100000","0","CST-6","","202390","C","289","FWD","0","0","NWS Storm Survey","","3.49","480","0.34","WSW","3.03","E","JEWETT","05/06/2025","1215","31.3685","-96.1555","31.365","-96.099","An EF-1 tornado touched down west of Jewett near CR 336 and Division Street, and moved east-southeast through the town before traveling east several miles outside of town. In Jewett, several trees were damaged or blown down and some homes suffered roof and minor exterior damage on Harrison Street, Dashiel Street, and Broadway Street. The worst damage occurred along Hwy 79 where an auto repair shop lost its roof, and east of Hwy 79 where many trees were snapped and uprooted near Robinson Lane. This area was rated EF-1 with 105 mph max winds. Visually, tree damage could be seen extending east of Robinson Lane, but the area was inaccessible to the survey team. However, satellite imagery provided additional information to extend the track farther east of town.","A sharp upper trough and a meandering surface front generated two rounds of thunderstorms across the region, one round on May 5 and the other on May 6. Most of the severe weather took place on the 6th, when large hail, damaging winds, and a few tornadoes occurred. A total of 5 tornadoes were surveyed in the far southeast parts of the County Warning Area: two EF-0s and three EF-1s. The strongest tornado had winds up to 105 mph and moved through Jewett in Leon County.","TEXAS"
"1258681","DEAF SMITH CO.","BOOTLEG","04/25/2025","2132","Tornado","","EFU","0","0","0","0","CST-6","","202096","C","117","AMA","0","0","NWS Storm Survey","","1.11","25","8.06","E","7.76","ENE","BOOTLEG","04/25/2025","2140","34.8502","-102.6701","34.8641","-102.6797","This tornado was viewed by local fire department from the intersection of FM 1057 and FM 1058. Per collaboration with radar imagery it appeared to move slowly to the northeast before dissipating. No known damage occurred with this tornado and has been given the rating of EFU.","A cold front moved through the combined Panhandles. This combined with increased wind shear, instability and moisture to bring severe storms to the southern portions of the Texas Panhandle. Several tornadoes occurred during the late night into early morning hours of April 25th to 26th. Large hail and areas of flooding also occurred as storms continue to move over the same locations.","TEXAS"
"1259125","HEMPHILL CO.","GLAZIER","05/18/2025","1621","Tornado","","EF1","0","0","35000","0","CST-6","","202449","C","211","AMA","0","0","NWS Storm Survey","","0.38","75","12.6","E","12.87","E","GLAZIER","05/18/2025","1622","36.0089","-100.0049","36.013","-100.0003","The tornado started near County Road 30 on the very eastern edge of Hemphill County and quickly intensified as it crossed onto property where it produced damage to several buildings and a home. The home sustained some roofing damage and the back corner of the house had a partial uplift of the roof deck. Additional storage buildings were damaged including shed doors blown off and roofs and siding damaged. Several trees were uprooted in the yard. A cattle wind break was partially torn from the ground. The tornado then crossed into Ellis County Oklahoma (NWS Norman forecast area), where it snapped a few tree limbs on E690. The tornado then crossed an open field and the last noted damage was along NS1690 where some large branches were snapped. Based on storm spotter footage and survey, it appears the tornado lifted shortly thereafter.  The tornado was rated an EF1 based on the house damage and the tree damage. The entire track length was around 1.6 miles. The maximum estimated winds were 95mph.","In the late afternoon to early evening hours of May 18, a strong upper level storm system and surface dryline created favorable conditions for severe thunderstorms across the far eastern Panhandles. This environment was characterized by extreme instability and very high surface dewpoints in the low 70s east of the dryline, which supported all hazards of severe weather. Two supercells developed in the eastern Texas Panhandle. One moved to the north and produced large hail up to golfball size before moving into the Oklahoma Panhandle. The other also produced large hail up to baseball size along with a couple of tornadoes near the state line with western Oklahoma.","TEXAS"
"1260975","DAWSON CO.","PUNKIN CENTER","05/29/2025","1709","Tornado","","EF1","0","0","2500","0","CST-6","","202614","C","115","MAF","0","0","NWS Storm Survey","","6.82","100","2.06","WSW","2.9","W","LAMESA JOHNSON ARPT","05/29/2025","1724","32.8362","-102.0815","32.77","-102","A dusty tornado was reported west of Highway 137, northwest of Lamesa. Damage was  surveyed at a home, with the awning and trees being damaged. This tornado had an  estimated wind speed of 100 MPH and was rated EF-1. Open fields along the estimated tornado path limited the details of the tornado track. The tornado track and time of occurrence is radar estimated. The cost of damages is also estimated.","A disturbance in the quasi-zonal/northwesterly flow aloft, a dryline, and a cold front moving across the northern Permian Basin allowed for the development of scattered thunderstorms across Southeast New Mexico and West Texas. Thunderstorm coverage continued to increase into the afternoon and evening, and a number of storms became severe. The strongest storm of the day was in Dawson and Howard counties. This storm latched onto the stationary boundary and produced two brief EF-1 tornadoes in Dawson County as well as damaging straight line winds and large hail. Other thunderstorms also produced large hail and damaging winds, and a landspout was reported near Loving, New Mexico.","TEXAS"
"1260976","DAWSON CO.","SPARENBURG","05/29/2025","1746","Tornado","","EF1","0","0","20000","0","CST-6","","202614","C","115","MAF","0","0","NWS Storm Survey","","4.36","50","5.64","NNW","1.81","NW","SPARENBURG","05/29/2025","1750","32.65","-101.88","32.6","-101.85","This was the estimated path of a brief tornado in the vicinity of Sparenberg to the  southeast of Lamesa. Irrigation pivots were found lying towards the southeast. This was  estimated to have been due to wind speeds of approximately 90 MPH. This tornado is rated EF-1. Open dirt fields in the vicinity did not allow for further survey damage. The time of occurrence is radar estimated. The cost of damages is also estimated.","A disturbance in the quasi-zonal/northwesterly flow aloft, a dryline, and a cold front moving across the northern Permian Basin allowed for the development of scattered thunderstorms across Southeast New Mexico and West Texas. Thunderstorm coverage continued to increase into the afternoon and evening, and a number of storms became severe. The strongest storm of the day was in Dawson and Howard counties. This storm latched onto the stationary boundary and produced two brief EF-1 tornadoes in Dawson County as well as damaging straight line winds and large hail. Other thunderstorms also produced large hail and damaging winds, and a landspout was reported near Loving, New Mexico.","TEXAS"
"1261188","COTTON CO.","WALTERS ARPT","05/02/2025","53","Tornado","","EF0","0","0","25000","0","CST-6","","202427","C","33","OUN","0","0","NWS Storm Survey","","0.63","30","3.12","SW","3.46","SW","WALTERS ARPT","05/02/2025","54","34.342","-98.453","34.333","-98.451","This tornado damaged the roof of a mobile home and damaged an outbuilding near US Highway 277 north of Cookietown.","Numerous severe thunderstorms impacted portions of central and southern Oklahoma and western-north Texas early on the morning of the 2nd. Synoptically, this convective episode was driven by the approach of a weak shortwave trough rounding the periphery of a broader upper system across the Central and Northern Plains. Very strong elevated instability and sufficient wind shear promoted organized thunderstorm clusters and eventually a semi-organized line across the aforementioned region, producing large hail, thunderstorm wind damage and a tornado. Heavy rainfall contributed to flash flooding, particularly across parts of southern Oklahoma that continued to be impacted by prolonged river and stream flooding.","OKLAHOMA"
"1261189","GARVIN CO.","WHITEBEAD","05/17/2025","1628","Tornado","","EF1","0","0","5000","0","CST-6","","202431","C","49","OUN","0","0","Storm Chaser","","1.82","40","1.33","N","2.39","ENE","WHITEBEAD","05/17/2025","1634","34.779","-97.296","34.778","-97.264","A tornado was observed developing just west of Interstate 35 near the Washita River. Trees were uprooted as the tornado approached County Road 3215 before dissipating near County Road 3320.","The first of a multi-day series of severe thunderstorm events occurred across central and eastern Oklahoma from the afternoon of the 17th into the early morning hours of the 18th. This period was marked by a transition in the synoptic regime, as persistent upper-level ridging -- which had supported a stretch of quiet mid-May weather -- began to break down, giving way to broad troughing across the Western United States. ||The initial round of severe convection on the 17th featured a notable splitting supercell thunderstorm. The right-split storm tracked across south-central and southeastern Oklahoma, producing intermittent reports of large hail and damaging winds, along with a tornado north of Pauls Valley, OK. Meanwhile, the left-split thunderstorm moved into the southwestern and western Oklahoma City Metropolitan Area, producing reports of large to very large hail. Additional severe thunderstorms moved across the Red River into southeastern Oklahoma during the evening, producing a few reports of thunderstorm wind damage. ||A second more expansive round of severe thunderstorms emerged after sunset across west-central into central Oklahoma, as greater deep-layer ascent overspread the region. This activity produced multiple reports of large to very large hail, particularly across the greater Oklahoma City Metropolitan area, continuing into the early morning hours of the 18th.","OKLAHOMA"
"1261191","PONTOTOC CO.","VANOSS","05/24/2025","310","Tornado","","EF1","0","0","75000","0","CST-6","","202437","C","123","OUN","0","0","Emergency Manager","","2.61","50","0.32","ESE","2.92","ESE","VANOSS","05/24/2025","315","34.758","-96.865","34.738","-96.826","This tornado developed near the community of Vanoss and moved southeast. A home suffered significant roof damage along County Road 3450. Scattered damage was observed by emergency management personnel southeast to near the intersection of County Roads 3470 and 1570.","The approximately 36-hour period, beginning during the initial hours of the 24th, featured three unique severe convective episodes across the WFO Norman Forecast Area. The initial round, triggered by moist isentropic ascent, featured scattered organized thunderstorms, including a few supercell thunderstorms. This activity produced primarily reports of large hail. However, localized storm-scale interactions across Cleveland, Pottawatomie, and Pontotoc Counties resulted in concentrated corridor of thunderstorm wind damage, as well as a tornado near Vanoss, OK, in Pontotoc County. During the same general time frame, a separate organized line of thunderstorms moved from far southern Kansas into north-central Oklahoma producing a few observed severe-caliber wind gusts. ||Following the morning activity, dry and pleasant conditions occurred for much of the day on the 24th. However, by near-sunset, a destabilizing boundary layer near and south of a warm front across western and southern Oklahoma fostered the development of a few briefly intense thunderstorms. Finally, a progressive and high-intensity wake low and heat burst event evolved from portions of western-north Texas into central Oklahoma during the late evening of the 24th into the 25th. This event, tied to decaying severe convection from across central Texas, featured strong and occasionally damaging wind gusts.","OKLAHOMA"
"1261313","HOCKLEY CO.","SUNDOWN","06/06/2025","1804","Tornado","","EFU","0","0","0","0","CST-6","","202314","C","219","LUB","0","0","Storm Chaser","","0.01","30","1","NNW","1","NNW","SUNDOWN","06/06/2025","1804","33.4634","-102.5066","33.4634","-102.5066","A storm chaser reported a brief tornado in an open field north of Sundown.","A second consecutive day of severe thunderstorms affected the South Plains and Rolling Plains of West Texas but saw increased coverage on the sixth. Strong moisture was still in place across the area and with increasing surface heating, ample instability was available for explosive supercell thunderstorm development. A lingering thunderstorm outflow boundary, from early morning convection in the Texas Panhandle, sagged southward through the day. Thunderstorms initially developed along this feature across the central South Plains and quickly became severe. The scattered nature of convective initiation allowed some areas to see repeated rounds of severe thunderstorms. One supercell thunderstorm that tracked across Hockley County produced at least three known tornadoes. However, these tornadoes only briefly touched down causing no known damage. This same thunderstorm would go on to produce giant hail up to 3.25 inches and an 80 mph wind gust in Lynn County. Additionally, a minor heat burst occurred near Silverton (Briscoe County) with trailing stratiform precipitation. Strong outflow winds well out ahead of thunderstorm also produced high wind gusts.||High wind gusts from the Texas Tech University West Texas mesonet are listed below:||63 mph at Silverton (Briscoe County),|61 mph at Turkey (Hall County), and|61 mph at Graham (Garza County).","TEXAS"
"1261315","HOCKLEY CO.","SUNDOWN","06/06/2025","1815","Tornado","","EFU","0","0","0","0","CST-6","","202314","C","219","LUB","0","0","Storm Chaser","","0.01","30","5","ESE","5","ESE","SUNDOWN","06/06/2025","1815","33.4223","-102.4199","33.4223","-102.4199","A storm chaser reported a brief tornado in an open field east of Sundown.","A second consecutive day of severe thunderstorms affected the South Plains and Rolling Plains of West Texas but saw increased coverage on the sixth. Strong moisture was still in place across the area and with increasing surface heating, ample instability was available for explosive supercell thunderstorm development. A lingering thunderstorm outflow boundary, from early morning convection in the Texas Panhandle, sagged southward through the day. Thunderstorms initially developed along this feature across the central South Plains and quickly became severe. The scattered nature of convective initiation allowed some areas to see repeated rounds of severe thunderstorms. One supercell thunderstorm that tracked across Hockley County produced at least three known tornadoes. However, these tornadoes only briefly touched down causing no known damage. This same thunderstorm would go on to produce giant hail up to 3.25 inches and an 80 mph wind gust in Lynn County. Additionally, a minor heat burst occurred near Silverton (Briscoe County) with trailing stratiform precipitation. Strong outflow winds well out ahead of thunderstorm also produced high wind gusts.||High wind gusts from the Texas Tech University West Texas mesonet are listed below:||63 mph at Silverton (Briscoe County),|61 mph at Turkey (Hall County), and|61 mph at Graham (Garza County).","TEXAS"
"1261318","HOCKLEY CO.","ARNETT","06/06/2025","1831","Tornado","","EFU","0","0","0","0","CST-6","","202314","C","219","LUB","0","0","Trained Spotter","","0.01","30","3.44","S","3.44","S","ARNETT","06/06/2025","1831","33.4302","-102.3014","33.4302","-102.3014","A trained weather spotter reported a brief tornado in an open field west of Ropesville.","A second consecutive day of severe thunderstorms affected the South Plains and Rolling Plains of West Texas but saw increased coverage on the sixth. Strong moisture was still in place across the area and with increasing surface heating, ample instability was available for explosive supercell thunderstorm development. A lingering thunderstorm outflow boundary, from early morning convection in the Texas Panhandle, sagged southward through the day. Thunderstorms initially developed along this feature across the central South Plains and quickly became severe. The scattered nature of convective initiation allowed some areas to see repeated rounds of severe thunderstorms. One supercell thunderstorm that tracked across Hockley County produced at least three known tornadoes. However, these tornadoes only briefly touched down causing no known damage. This same thunderstorm would go on to produce giant hail up to 3.25 inches and an 80 mph wind gust in Lynn County. Additionally, a minor heat burst occurred near Silverton (Briscoe County) with trailing stratiform precipitation. Strong outflow winds well out ahead of thunderstorm also produced high wind gusts.||High wind gusts from the Texas Tech University West Texas mesonet are listed below:||63 mph at Silverton (Briscoe County),|61 mph at Turkey (Hall County), and|61 mph at Graham (Garza County).","TEXAS"
"1261368","HUGHES CO.","ALLEN","05/19/2025","1346","Tornado","","EF1","0","0","30000","0","CST-6","","202433","C","63","OUN","0","0","NWS Storm Survey","","4.4","600","2.04","SSE","3.88","ENE","ALLEN","05/19/2025","1353","34.854","-96.393","34.9","-96.346","This tornado developed in Hughes County to the southeast of Allen and moved generally northeast. Tree damage was observed along the path with significant tree damage along County Roads 1480 and 3725. At least one home and one barn had roof damage.","A severe weather outbreak impacted portions of central and eastern Oklahoma, as well as western-north Texas, on the 19th and into the 20th. This marked the third and final day of a multi-day severe weather sequence driven by a strong upper-level system across the Plains. The 19th featured multiple waves of supercell thunderstorms from the late morning through late evening, with the majority of activity posing a threat for large to very large hail and occasional wind damage. While three tornadoes also occurred across the WFO Norman Forecast Area, generally weak low-level wind shear precluded a greater concern for tornadoes during the episode, despite a favorable (supercell) storm mode along with strong instability and deep-layer wind shear. Flooding also became prevalent across southeastern Oklahoma due to repeated rounds of heavy thunderstorm activity over several hours.","OKLAHOMA"
"1261369","HUGHES CO.","ALLEN","05/19/2025","1353","Tornado","","EF0","0","0","2000","0","CST-6","","202433","C","63","OUN","0","0","NWS Storm Survey","","1.8","40","2.99","NE","2.18","SSW","ATWOOD","05/19/2025","1356","34.91","-96.372","34.93","-96.352","This tornado affected areas northeast of Allen and southwest of Atwood. Scattered tree damage was observed along the path.","A severe weather outbreak impacted portions of central and eastern Oklahoma, as well as western-north Texas, on the 19th and into the 20th. This marked the third and final day of a multi-day severe weather sequence driven by a strong upper-level system across the Plains. The 19th featured multiple waves of supercell thunderstorms from the late morning through late evening, with the majority of activity posing a threat for large to very large hail and occasional wind damage. While three tornadoes also occurred across the WFO Norman Forecast Area, generally weak low-level wind shear precluded a greater concern for tornadoes during the episode, despite a favorable (supercell) storm mode along with strong instability and deep-layer wind shear. Flooding also became prevalent across southeastern Oklahoma due to repeated rounds of heavy thunderstorm activity over several hours.","OKLAHOMA"
"1261370","ATOKA CO.","CHOCKIE","05/19/2025","1637","Tornado","","EF1","0","0","0","0","CST-6","","202433","C","5","OUN","0","0","NWS Storm Survey","","1","400","2.22","NNE","2.88","NE","CHOCKIE","05/19/2025","1638","34.61","-95.986","34.613","-95.969","While investigating tornado damage in Pittsburg County, an NWS storm survey team from Tulsa also identified this area of scattered tree damage from a tornado in northern Atoka County near Limestone Gap southeast of Wardville. The tornado developed about one mile east of US Highway 69 north of Limestone Gap and moved generally east dissipating soon after crossing Highway 69.","A severe weather outbreak impacted portions of central and eastern Oklahoma, as well as western-north Texas, on the 19th and into the 20th. This marked the third and final day of a multi-day severe weather sequence driven by a strong upper-level system across the Plains. The 19th featured multiple waves of supercell thunderstorms from the late morning through late evening, with the majority of activity posing a threat for large to very large hail and occasional wind damage. While three tornadoes also occurred across the WFO Norman Forecast Area, generally weak low-level wind shear precluded a greater concern for tornadoes during the episode, despite a favorable (supercell) storm mode along with strong instability and deep-layer wind shear. Flooding also became prevalent across southeastern Oklahoma due to repeated rounds of heavy thunderstorm activity over several hours.","OKLAHOMA"
"1262087","ELLIS CO.","ARNETT","05/18/2025","1658","Tornado","","EF1","0","0","15000","0","CST-6","","202432","C","45","OUN","0","0","NWS Storm Survey","","3.5","50","1.06","WNW","3.59","N","ARNETT","05/18/2025","1706","36.147","-99.787","36.191","-99.758","After the EF3 tornado dissipated just west of Arnett, another tornado developed just northwest of Arnett and moved northeast. Trees and an oil field building were damaged by this tornado.","A deep upper-level trough continued to progress eastward across the Central and Southern Plains on the 18th, promoting another round of intense severe weather across the northwestern portion of the WFO Norman Forecast Area. During the early evening, a strong dryline served as the focus for thunderstorm initiation across the aforementioned area. A pair of intense supercell thunderstorms developed here, each producing large to very large hail, with multiple reports of hailstones ranging from four to five inches in diameter. In addition to very large hail, one of the supercells generated a tornado family consisting of four separate tornadoes across Ellis County. Among these was an intense EF3 tornado that impacted areas just southwest of Arnett, OK, causing significant damage along its path.","OKLAHOMA"
"1262088","ELLIS CO.","ARNETT","05/18/2025","1656","Tornado","","EF0","0","0","0","0","CST-6","","202432","C","45","OUN","0","0","NWS Employee","","0.2","10","2.87","S","2.87","S","ARNETT","05/18/2025","1656","36.099","-99.778","36.099","-99.778","Immediately after the EF3 tornado dissipated west of Arnett, video from an off-duty Storm Prediction Center employee observed an anticyclonic tornado looking south from the intersection of County Roads E0620 and N1810. The tornado was brief, and the specific location is estimated.","A deep upper-level trough continued to progress eastward across the Central and Southern Plains on the 18th, promoting another round of intense severe weather across the northwestern portion of the WFO Norman Forecast Area. During the early evening, a strong dryline served as the focus for thunderstorm initiation across the aforementioned area. A pair of intense supercell thunderstorms developed here, each producing large to very large hail, with multiple reports of hailstones ranging from four to five inches in diameter. In addition to very large hail, one of the supercells generated a tornado family consisting of four separate tornadoes across Ellis County. Among these was an intense EF3 tornado that impacted areas just southwest of Arnett, OK, causing significant damage along its path.","OKLAHOMA"
"1262089","ELLIS CO.","ARNETT","05/18/2025","1641","Tornado","","EF3","0","0","100000","0","CST-6","","202432","C","45","OUN","0","0","NWS Storm Survey","","6","50","6.33","WSW","1.1","WSW","ARNETT","05/18/2025","1656","36.09","-99.865","36.136","-99.789","This tornado began near the intersection of E0630 Road and N1760 Road, breaking four power poles and damaging trees. It moved east-northeast along E0630 Road with extensive tree damage noted just east of N1770 Road. The tornado then turned more northeast and moved over open country. For much of the path, there were few if any damage indicators, but drone imagery from surveys by the National Severe Storms Laboratory and Disaster Imaging Inc, as well as visual sightings of the tornado confirms that this tornado was continuous along this 5 mile path. Additional tree damage was noted along E0620 Road as the tornado continued moving northeast, with the most severe damage along N1810 road about one-half mile south of E0610 Road where trees were partially debarked and only stubs of large limbs were left. The tornado was rated EF3 based on this severe tree damage. Near the end of the track, the tornado appeared to be at its most intense as it turned north with more extensive tree damage along E0610 Road on the western edge of the city of Arnett. A large shipping container was also displaced 175 feet at this location. This tornado turned northwest and dissipated just west of Arnett near US Highway 60.||Researchers with the National Severe Storms Laboratory, the University of Oklahoma, and the OTUS (Observation of Tornadoes by UAS Systems) Project collected detailed datasets during the tornado as well as performing detailed damage surveys.","A deep upper-level trough continued to progress eastward across the Central and Southern Plains on the 18th, promoting another round of intense severe weather across the northwestern portion of the WFO Norman Forecast Area. During the early evening, a strong dryline served as the focus for thunderstorm initiation across the aforementioned area. A pair of intense supercell thunderstorms developed here, each producing large to very large hail, with multiple reports of hailstones ranging from four to five inches in diameter. In addition to very large hail, one of the supercells generated a tornado family consisting of four separate tornadoes across Ellis County. Among these was an intense EF3 tornado that impacted areas just southwest of Arnett, OK, causing significant damage along its path.","OKLAHOMA"
"1262090","ELLIS CO.","ARNETT","05/18/2025","1622","Tornado","","EF0","0","0","0","0","CST-6","","202432","C","45","OUN","0","0","NWS Storm Survey","","1.3","75","15.56","SW","14.33","WSW","ARNETT","05/18/2025","1627","36.013","-100","36.028","-99.986","This tornado moved into Ellis County from Hemphill County TX crossing the state line just south of Texas Farm-to-Market Road 2758 and Oklahoma County Road E0690. A storm survey by the NWS Office in Amarillo observed tree damage along E0690 Road just east of the Texas state line, and along County Road N1690 south of E0680 Road. The tornado dissipated very closer to E0680 Road about 250 yards west of N1690 Road.||Geolocation of drone footage of the tornado from the OTUS (Observations of Tornadoes by UAV Systems) Research team showed that while the tornado moved generally northeast, numerous variations in the motion occurred.||This tornado was rated EF1 based on damage in Hemphill County TX, but only EF0 damage could be confirmed in Oklahoma.","A deep upper-level trough continued to progress eastward across the Central and Southern Plains on the 18th, promoting another round of intense severe weather across the northwestern portion of the WFO Norman Forecast Area. During the early evening, a strong dryline served as the focus for thunderstorm initiation across the aforementioned area. A pair of intense supercell thunderstorms developed here, each producing large to very large hail, with multiple reports of hailstones ranging from four to five inches in diameter. In addition to very large hail, one of the supercells generated a tornado family consisting of four separate tornadoes across Ellis County. Among these was an intense EF3 tornado that impacted areas just southwest of Arnett, OK, causing significant damage along its path.","OKLAHOMA"
"1262170","SMITH CO.","BULLARD","05/06/2025","1241","Tornado","","EF1","0","0","25000","0","CST-6","","202798","C","423","SHV","0","0","NWS Storm Survey","","4.93","600","1.93","NW","3.69","ENE","BULLARD","05/06/2025","1248","32.151","-95.3517","32.1412","-95.2683","An EF-1 tornado with estimated maximum winds near 93 mph touched down in a rural area west of Bullard in an open field just east of County Road 173 and gradually grew in size and strength as it continued just south of due east into the north side of Bullard. The tornado was at its most intense near North Houston Street and west of US Highway 69 where several hardwood trees exhibited snapped trunks and uprooted trees were quite concentrated, especially on the west side of a neighborhood just north of Lynch Drive. In this neighborhood, there were also quite a few residences with low end roof damage, mainly in the form of shingle loss. In this general area, there were also some|residences damaged by falling trees and tree limbs, but this was also the case east of Highway 69 in a residential area just north of East Henderson Street and in the rather large Pecan Valley subdivision south of East Henderson Street. The tornadic circulation appeared to have gone across the entirety of the latter subdivision. Many trees were uprooted in various directions in this subdivision, but the well-built residences in|this area generally did not sustain direct damage from the tornado because the winds were only judged at EF-0 intensity. Throughout the length of the tornado, downed hardwood and softwood trees were primarily uprooted and the somewhat saturated|state of the soils likely yielded more uproots than would otherwise have been the case if the soils were not as moist and the survey team took this into account in their rating|assessment. East of this neighborhood, the tornado continued across County Road 121 before the NWS survey team judged the tornado lifted near the intersection of County Road 118 and County Road 117. ||There were several individuals in the path of this tornado that were interviewed by the survey team and who reported seeing the tornado on approach. The tornado itself was part of an organized  thunderstorm squall line that was producing damaging wind gusts |and doing at least isolated tree damage through the southern portion of Smith County Texas. The survey team estimated the tornado path away from other general tree damage due to tree damage oriented in different directions and at least occasionally |exhibiting convergent damage signatures.","An upper level low pressure system over the Desert Southwest shifted east through the Intermountain West on May 6th, inducing surface low development over West Texas. This also resulted in a tightening pressure gradient across the Southern Plains and Lower Mississippi Valley, with increased southerly low level winds allowing for a warm front to shift north to the I-20 corridor of East Texas and North Louisiana before becoming stationary later in the day. A warm, moist, and unstable air mass developed during the 6th south of the front, as large scale forcing increased near and south of the front ahead of the upper trough. As a result, showers and thunderstorms, some of which became severe, developed across East Texas and North Louisiana, producing damaging winds, locally heavy rainfall, and isolated tornadoes. Given the already saturated grounds from heavy rainfall that fell only several days prior, flash flooding was also observed through the afternoon and evening.","TEXAS"
"1262996","CHEROKEE CO.","ELDON","05/19/2025","1603","Tornado","","EF1","0","0","20000","0","CST-6","","202844","C","21","TSA","0","0","NWS Storm Survey","","2.6","600","4.11","WNW","2.59","NNW","ELDON","05/19/2025","1607","35.956","-94.896","35.963","-94.852","This tornado developed east of Highway 10, near Scraper, and moved east. It snapped and uprooted numerous trees and destroyed an outbuilding west of the Illinois River. It crossed the Illinois River near the E 732 Road, continuing to snap and uproot trees until it dissipated north of the E 728 Road and west of the N 593 Road. Based on this damage, maximum estimated wind in the tornado was 100 to 105 mph.","Severe thunderstorms developed over central Oklahoma along and ahead of a dry line during the afternoon of the 19th, as an upper level disturbance approached the Southern Plains. These thunderstorms moved northeast off the dry line and across portions of eastern Oklahoma during the mid afternoon and evening hours. The atmosphere east of the dry line across eastern Oklahoma became very unstable during the afternoon and evening, and this instability combined with strong deep-layer and low-level wind shear, resulted in the development of a few supercell thunderstorms and a severe squall line. Multiple tornadoes, large hail slightly larger than golf ball size, and damaging wind gusts occurred with these thunderstorms across eastern Oklahoma. Locally heavy rainfall also produced some localized flash flooding.","OKLAHOMA"
"1263654","PITTSBURG CO.","PITTSBURG","05/19/2025","1644","Tornado","","EF3","0","1","500000","0","CST-6","","202844","C","121","TSA","0","0","NWS Storm Survey","","16","3000","3.87","S","2.99","SSE","BOND","05/19/2025","1707","34.665","-95.863","34.78","-95.63","This tornado developed approximately 3 miles southwest of the town of Pittsburg near Staples Road. The tornado intensified as it approached Pittsburg Lake. EF-1 to EF-2 damage was done to homes and trees just north of Pittsburg Lake on Indian Trail Road. One person was injured in the most badly damaged home. The tornado continued to grow as it passed just southeast of Pittsburg, where it did EF-1 and EF-2 damage to two homes. The tornado reached its maximum width of 1.7 miles near Blanco. Several homes just south and southwest of Blanco received significant roof damage, and a number of power poles were broken as well. Winds were estimated from 95 mph to 115 mph in these areas. The tornado turned onto a more east-northeast course leaving the immediate Blanco area. During this turn, the most intense winds stayed just south of Blanco proper. The highest rated damage was to trees 2.4 miles east of Blanco, where many trees were stripped of some bark and most branches. This occurred in a forested area where nearly all trees were downed. A rating of EF-3 was assigned to this area, with the wind speeds estimated near 140 mph. The tornado slowly weakened from this point and dissipated 9 miles east-northeast of Blanco.","Severe thunderstorms developed over central Oklahoma along and ahead of a dry line during the afternoon of the 19th, as an upper level disturbance approached the Southern Plains. These thunderstorms moved northeast off the dry line and across portions of eastern Oklahoma during the mid afternoon and evening hours. The atmosphere east of the dry line across eastern Oklahoma became very unstable during the afternoon and evening, and this instability combined with strong deep-layer and low-level wind shear, resulted in the development of a few supercell thunderstorms and a severe squall line. Multiple tornadoes, large hail slightly larger than golf ball size, and damaging wind gusts occurred with these thunderstorms across eastern Oklahoma. Locally heavy rainfall also produced some localized flash flooding.","OKLAHOMA"
"1263661","PITTSBURG CO.","CRAIG","05/19/2025","1714","Tornado","","EF1","0","0","75000","0","CST-6","","202844","C","121","TSA","0","0","NWS Storm Survey","","3.7","1400","3.08","SE","1.1","SE","HARTSHORNE","05/19/2025","1718","34.805","-95.575","34.821","-95.514","This is the first segment of a two segment tornado. The tornado developed just southwest of Hartshorne Lake, and moved east-northeast, uprooting numerous trees and damaging outbuildings. It crossed into Latimer County just south of Highway 1. Based on this damage, maximum estimated wind in this segment of the tornado was 90 to 100 mph.","Severe thunderstorms developed over central Oklahoma along and ahead of a dry line during the afternoon of the 19th, as an upper level disturbance approached the Southern Plains. These thunderstorms moved northeast off the dry line and across portions of eastern Oklahoma during the mid afternoon and evening hours. The atmosphere east of the dry line across eastern Oklahoma became very unstable during the afternoon and evening, and this instability combined with strong deep-layer and low-level wind shear, resulted in the development of a few supercell thunderstorms and a severe squall line. Multiple tornadoes, large hail slightly larger than golf ball size, and damaging wind gusts occurred with these thunderstorms across eastern Oklahoma. Locally heavy rainfall also produced some localized flash flooding.","OKLAHOMA"
"1263665","LATIMER CO.","CAMBRIA","05/19/2025","1718","Tornado","","EF1","0","0","75000","0","CST-6","","202844","C","77","TSA","0","0","NWS Storm Survey","","7.4","1500","3.51","SSE","0.85","ENE","HOLSON","05/19/2025","1731","34.821","-95.514","34.876","-95.407","This is the second segment of a two segment tornado. The tornado moved into Latimer County just south of Highway 1, and moved northeast across Highway 1, the 156th Road, and along the 136th Road, before turning more east and dissipating north of the 130th Road and east of Holson Road. In Latimer County, the tornado uprooted numerous trees, damaged or destroyed outbuildings, damaged homes, and snapped power poles. Based on this damage, maximum estimated wind in this segment of the tornado was 90 to 100 mph.","Severe thunderstorms developed over central Oklahoma along and ahead of a dry line during the afternoon of the 19th, as an upper level disturbance approached the Southern Plains. These thunderstorms moved northeast off the dry line and across portions of eastern Oklahoma during the mid afternoon and evening hours. The atmosphere east of the dry line across eastern Oklahoma became very unstable during the afternoon and evening, and this instability combined with strong deep-layer and low-level wind shear, resulted in the development of a few supercell thunderstorms and a severe squall line. Multiple tornadoes, large hail slightly larger than golf ball size, and damaging wind gusts occurred with these thunderstorms across eastern Oklahoma. Locally heavy rainfall also produced some localized flash flooding.","OKLAHOMA"
"1264095","MUSKOGEE CO.","WEBBERS FALLS","05/19/2025","1722","Tornado","","EF1","0","0","50000","0","CST-6","","202844","C","101","TSA","0","0","NWS Storm Survey","","4.3","900","4.24","W","1.04","N","WEBBERS FALLS","05/19/2025","1728","35.514","-95.205","35.535","-95.132","This is the first segment of a two segment tornado. The tornado developed near the intersection of the N 4390 Road and the E 1035 Road, and moved east-northeast destroying outbuildings, snapping or uprooting trees, and blowing over a center pivot irrigation system before crossing the Arkansas River, and moving into Sequoyah County. It produced a tornadic debris signature from the KSRX WSR-88D. Based on this damage, maximum estimated wind in this segment of the tornado was 95 to 105 mph.","Severe thunderstorms developed over central Oklahoma along and ahead of a dry line during the afternoon of the 19th, as an upper level disturbance approached the Southern Plains. These thunderstorms moved northeast off the dry line and across portions of eastern Oklahoma during the mid afternoon and evening hours. The atmosphere east of the dry line across eastern Oklahoma became very unstable during the afternoon and evening, and this instability combined with strong deep-layer and low-level wind shear, resulted in the development of a few supercell thunderstorms and a severe squall line. Multiple tornadoes, large hail slightly larger than golf ball size, and damaging wind gusts occurred with these thunderstorms across eastern Oklahoma. Locally heavy rainfall also produced some localized flash flooding.","OKLAHOMA"
"1264096","SEQUOYAH CO.","GORE","05/19/2025","1728","Tornado","","EF1","0","0","35000","0","CST-6","","202844","C","135","TSA","0","0","NWS Storm Survey","","5.2","750","0.76","WNW","4.08","WSW","BOX","05/19/2025","1733","35.535","-95.132","35.568","-95.051","This is the second segment of a two segment tornado. The tornado moved into Sequoyah County west of Gore, and continued to move east-northeast across the north side of Gore. It uprooted trees, snapped large tree limbs, and damaged outbuildings until it dissipated north of the E 1000 Road and east of the S 4469 Road. It produced a tornadic debris signature from the KSRX WSR-88D. Based on this damage, maximum estimated wind in this segment of the tornado was 90 to 100 mph.","Severe thunderstorms developed over central Oklahoma along and ahead of a dry line during the afternoon of the 19th, as an upper level disturbance approached the Southern Plains. These thunderstorms moved northeast off the dry line and across portions of eastern Oklahoma during the mid afternoon and evening hours. The atmosphere east of the dry line across eastern Oklahoma became very unstable during the afternoon and evening, and this instability combined with strong deep-layer and low-level wind shear, resulted in the development of a few supercell thunderstorms and a severe squall line. Multiple tornadoes, large hail slightly larger than golf ball size, and damaging wind gusts occurred with these thunderstorms across eastern Oklahoma. Locally heavy rainfall also produced some localized flash flooding.","OKLAHOMA"
"1264097","PITTSBURG CO.","PITTSBURG","05/19/2025","1731","Tornado","","EF1","0","0","0","0","CST-6","","202844","C","121","TSA","0","0","NWS Storm Survey","","0.3","100","2.1","ENE","2.34","ENE","PITTSBURG","05/19/2025","1732","34.73","-95.815","34.733","-95.812","This tornado developed southwest of Storrie Lake, and moved northeast, uprooting trees. A resident observed the brief tornado. Based on this damage, maximum estimated wind in the tornado was 85 to 90 mph.","Severe thunderstorms developed over central Oklahoma along and ahead of a dry line during the afternoon of the 19th, as an upper level disturbance approached the Southern Plains. These thunderstorms moved northeast off the dry line and across portions of eastern Oklahoma during the mid afternoon and evening hours. The atmosphere east of the dry line across eastern Oklahoma became very unstable during the afternoon and evening, and this instability combined with strong deep-layer and low-level wind shear, resulted in the development of a few supercell thunderstorms and a severe squall line. Multiple tornadoes, large hail slightly larger than golf ball size, and damaging wind gusts occurred with these thunderstorms across eastern Oklahoma. Locally heavy rainfall also produced some localized flash flooding.","OKLAHOMA"
"1264099","CHEROKEE CO.","COOKSON TENKILLER AR","05/19/2025","1744","Tornado","","EF1","0","0","50000","0","CST-6","","202844","C","21","TSA","0","0","NWS Storm Survey","","6","1100","3.94","SSE","5.96","SE","BARBER","05/19/2025","1750","35.651","-94.894","35.7","-94.808","This is the first segment of a two segment tornado. The tornado developed south of the 920 Road, where numerous trees were snapped and uprooted, a couple homes were damaged, an outbuilding was destroyed, and power poles were snapped. The tornado moved northeast snapping and uprooting numerous trees and snapping large tree limbs as it moved through rugged terrain into Adair County. It produced a tornadic debris signature from the KSRX WSR-88D. Based on this damage, maximum estimated wind in this segment of the tornado was 105 to 110 mph.","Severe thunderstorms developed over central Oklahoma along and ahead of a dry line during the afternoon of the 19th, as an upper level disturbance approached the Southern Plains. These thunderstorms moved northeast off the dry line and across portions of eastern Oklahoma during the mid afternoon and evening hours. The atmosphere east of the dry line across eastern Oklahoma became very unstable during the afternoon and evening, and this instability combined with strong deep-layer and low-level wind shear, resulted in the development of a few supercell thunderstorms and a severe squall line. Multiple tornadoes, large hail slightly larger than golf ball size, and damaging wind gusts occurred with these thunderstorms across eastern Oklahoma. Locally heavy rainfall also produced some localized flash flooding.","OKLAHOMA"
"1264100","ADAIR CO.","BUNCH","05/19/2025","1750","Tornado","","EF1","0","0","0","0","CST-6","","202844","C","1","TSA","0","0","NWS Storm Survey","","6.3","1100","2.54","WNW","0.55","ESE","LYONS","05/19/2025","1756","35.7","-94.808","35.747","-94.711","This is the second segment of a two segment tornado. The tornado moved into southwestern Adair County near Beaver Mountain, and moved northeast snapping and uprooting numerous trees and snapping large tree limbs as it moved through rugged terrain. It dissipated east of the N 4660 Road, south of the Stilwell City Lake. It produced a tornadic debris signature from the KSRX WSR-88D. Based on this damage, maximum estimated wind in this segment of the tornado was 100 to 110 mph.","Severe thunderstorms developed over central Oklahoma along and ahead of a dry line during the afternoon of the 19th, as an upper level disturbance approached the Southern Plains. These thunderstorms moved northeast off the dry line and across portions of eastern Oklahoma during the mid afternoon and evening hours. The atmosphere east of the dry line across eastern Oklahoma became very unstable during the afternoon and evening, and this instability combined with strong deep-layer and low-level wind shear, resulted in the development of a few supercell thunderstorms and a severe squall line. Multiple tornadoes, large hail slightly larger than golf ball size, and damaging wind gusts occurred with these thunderstorms across eastern Oklahoma. Locally heavy rainfall also produced some localized flash flooding.","OKLAHOMA"
"1264101","CHEROKEE CO.","STANDING ROCK","05/19/2025","1747","Tornado","","EF1","0","0","0","0","CST-6","","202844","C","21","TSA","0","0","NWS Storm Survey","","6.5","1300","0.47","NNE","3.71","ENE","BARBER","05/19/2025","1755","35.756","-94.916","35.789","-94.808","This is the first segment of a two segment tornado. The tornado developed over Lake Tenkiller southwest of Cherokee Landing State Park, and moved northeast. It snapped and uprooted numerous trees at the park, then crossed Highway 82 and Highway 100, where trees were uprooted. The tornado snapped and uprooted numerous trees when it crossed the S Welling Road and the S 600 Road. Trees continued to be uprooted as it crossed the S 610 Road, and then continued into Adair County. Based on this damage, maximum estimated wind in this segment of the tornado was 100 to 110 mph.","Severe thunderstorms developed over central Oklahoma along and ahead of a dry line during the afternoon of the 19th, as an upper level disturbance approached the Southern Plains. These thunderstorms moved northeast off the dry line and across portions of eastern Oklahoma during the mid afternoon and evening hours. The atmosphere east of the dry line across eastern Oklahoma became very unstable during the afternoon and evening, and this instability combined with strong deep-layer and low-level wind shear, resulted in the development of a few supercell thunderstorms and a severe squall line. Multiple tornadoes, large hail slightly larger than golf ball size, and damaging wind gusts occurred with these thunderstorms across eastern Oklahoma. Locally heavy rainfall also produced some localized flash flooding.","OKLAHOMA"
"1264102","ADAIR CO.","BIDDING SPGS","05/19/2025","1755","Tornado","","EF1","0","0","0","0","CST-6","","202844","C","1","TSA","0","0","NWS Storm Survey","","3.9","1300","2.26","WSW","1.7","ENE","BIDDING SPGS","05/19/2025","1758","35.789","-94.808","35.807","-94.741","This is the second segment of a two segment tornado. The tornado moved east-northeast into Adair County south of the E 830 Road, uprooting trees as it crossed the 4610 Road. The tornado dissipated after crossing the 834 Road, where trees were uprooted. Based on this damage, maximum estimated wind in this segment of the tornado was 95 to 105 mph.","Severe thunderstorms developed over central Oklahoma along and ahead of a dry line during the afternoon of the 19th, as an upper level disturbance approached the Southern Plains. These thunderstorms moved northeast off the dry line and across portions of eastern Oklahoma during the mid afternoon and evening hours. The atmosphere east of the dry line across eastern Oklahoma became very unstable during the afternoon and evening, and this instability combined with strong deep-layer and low-level wind shear, resulted in the development of a few supercell thunderstorms and a severe squall line. Multiple tornadoes, large hail slightly larger than golf ball size, and damaging wind gusts occurred with these thunderstorms across eastern Oklahoma. Locally heavy rainfall also produced some localized flash flooding.","OKLAHOMA"
"1264105","ADAIR CO.","LYONS","05/19/2025","1755","Tornado","","EF1","0","0","50000","0","CST-6","","202844","C","1","TSA","0","0","NWS Storm Survey","","14.8","2200","1.12","N","6.33","ESE","BARON","05/19/2025","1814","35.766","-94.723","35.886","-94.515","This is the first segment of a two segment tornado. The tornado developed just west of Stilwell City Lake. It moved east-northeast toward Blanch, and then northeast across the west and north sides of Stilwell. The tornado moved across Fairfield and then turned east-northeast before crossing into Washington County, Arkansas. Many trees were uprooted and some were snapped by this tornado, homes were damaged, outbuildings were destroyed, and power poles were blown down. A tornadic debris signature was noted from the KSRX WSR-88D. Based on this damage, maximum estimated wind in this segment of the tornado was 95 to 105 mph.","Severe thunderstorms developed over central Oklahoma along and ahead of a dry line during the afternoon of the 19th, as an upper level disturbance approached the Southern Plains. These thunderstorms moved northeast off the dry line and across portions of eastern Oklahoma during the mid afternoon and evening hours. The atmosphere east of the dry line across eastern Oklahoma became very unstable during the afternoon and evening, and this instability combined with strong deep-layer and low-level wind shear, resulted in the development of a few supercell thunderstorms and a severe squall line. Multiple tornadoes, large hail slightly larger than golf ball size, and damaging wind gusts occurred with these thunderstorms across eastern Oklahoma. Locally heavy rainfall also produced some localized flash flooding.","OKLAHOMA"
"1264109","ADAIR CO.","WESTVILLE","05/19/2025","1811","Tornado","","EFU","0","0","0","0","CST-6","","202844","C","1","TSA","0","0","Official NWS Observations","","0.8","1000","4.63","SSE","4.85","SE","WESTVILLE","05/19/2025","1814","35.92","-94.533","35.922","-94.521","This is the first segment of a two segment tornado. The tornado developed over inaccessible terrain west of Snake Mountain, just west of state line, where a tornadic debris signature was indicated by the KSRX WSR-88D. Since the damage that produced the radar debris signature was inaccessible, this segment of the tornado was rated EF-unknown.","Severe thunderstorms developed over central Oklahoma along and ahead of a dry line during the afternoon of the 19th, as an upper level disturbance approached the Southern Plains. These thunderstorms moved northeast off the dry line and across portions of eastern Oklahoma during the mid afternoon and evening hours. The atmosphere east of the dry line across eastern Oklahoma became very unstable during the afternoon and evening, and this instability combined with strong deep-layer and low-level wind shear, resulted in the development of a few supercell thunderstorms and a severe squall line. Multiple tornadoes, large hail slightly larger than golf ball size, and damaging wind gusts occurred with these thunderstorms across eastern Oklahoma. Locally heavy rainfall also produced some localized flash flooding.","OKLAHOMA"
"1264123","LE FLORE CO.","CALHOUN","05/19/2025","1821","Tornado","","EF1","0","0","0","0","CST-6","","202844","C","79","TSA","0","0","NWS Storm Survey","","11.9","1100","0.26","ENE","1.77","NW","WILLIAMS","05/19/2025","1835","35.102","-94.746","35.191","-94.568","This tornado developed near Calhoun and moved northeast across Calhoun Road and Roy Monks Road, where trees were uprooted and large tree limbs were snapped. The tornado uprooted numerous trees and snapped numerous tree limbs as it crossed Latham Road, Highway 59, and Waterfield Street. The tornado continued to move northeast and likely dissipated west of County Road 1240. The survey team attempted to access areas east of Highway 59 where the tornado likely tracked, but all available roads into those areas were severely flooded by the Poteau River, thus the path east of Waterfield Street is estimated based on the continuation of a tornadic debris signature and tight velocity couplet from the KSRX WSR-88D. Based on this damage, maximum estimated wind in the tornado was 95 to 105 mph.","Severe thunderstorms developed over central Oklahoma along and ahead of a dry line during the afternoon of the 19th, as an upper level disturbance approached the Southern Plains. These thunderstorms moved northeast off the dry line and across portions of eastern Oklahoma during the mid afternoon and evening hours. The atmosphere east of the dry line across eastern Oklahoma became very unstable during the afternoon and evening, and this instability combined with strong deep-layer and low-level wind shear, resulted in the development of a few supercell thunderstorms and a severe squall line. Multiple tornadoes, large hail slightly larger than golf ball size, and damaging wind gusts occurred with these thunderstorms across eastern Oklahoma. Locally heavy rainfall also produced some localized flash flooding.","OKLAHOMA"
"1264152","LE FLORE CO.","WILLIAMS","05/19/2025","1834","Tornado","","EF1","0","0","0","0","CST-6","","202844","C","79","TSA","0","0","NWS Storm Survey","","8.5","1000","0.6","SSW","2.49","ENE","POCOLA","05/19/2025","1844","35.162","-94.554","35.238","-94.437","This is the first segment of a two segment tornado. The tornado developed south of Williams Road and west of Green Road, where a few trees were uprooted and large tree limbs were snapped. It moved northeast and crossed Poker Bend Road, where a tree was blown down and large tree limbs were snapped. The tornado continued northeast across Highway 112, then turned more east as it crossed into Arkansas west of Bonanza. The tornado was weak between Highway 112 and the Sebastian County line. Based on this damage, maximum estimated wind in this segment of the tornado was 95 to 105 mph.","Severe thunderstorms developed over central Oklahoma along and ahead of a dry line during the afternoon of the 19th, as an upper level disturbance approached the Southern Plains. These thunderstorms moved northeast off the dry line and across portions of eastern Oklahoma during the mid afternoon and evening hours. The atmosphere east of the dry line across eastern Oklahoma became very unstable during the afternoon and evening, and this instability combined with strong deep-layer and low-level wind shear, resulted in the development of a few supercell thunderstorms and a severe squall line. Multiple tornadoes, large hail slightly larger than golf ball size, and damaging wind gusts occurred with these thunderstorms across eastern Oklahoma. Locally heavy rainfall also produced some localized flash flooding.","OKLAHOMA"
"1264919","EASTLAND CO.","MORTON VLY","05/18/2025","1747","Tornado","","EF0","0","0","0","0","CST-6","","202391","C","133","FWD","0","0","NWS Storm Survey","","3.28","200","2.23","WNW","2.55","N","MORTON VLY","05/18/2025","1754","32.4797","-98.8565","32.5064","-98.8128","An EF-0 tornado began just southwest of the intersection of Highway 112 and County Road 331 near the city of Morton Valley. Tree damage was observed along Highway 112, County Road 331, and County Road 334 where large 4 to 5 inch tree branches were snapped. A house sustained some minor tree damage at the intersection of County Road 332 and Highway 112, and minor tree damage was observed along Highway 183, but all of this damage was determined to be RFD straight-line wind damage. Maximum estimated winds were 80 mph.","On the afternoon of May 18, scattered thunderstorms ignited over the Big Country, initiated by an upper trough digging southeast over the Intermountain West. These storms formed along a dryline and rapidly intensified, spreading east into western North Texas. Several of these storms produced large hail, damaging winds, and tornadoes. A total of 6 tornadoes were surveyed were Eastland to Parker counties: one EF-Unknown, three EF-0s, and two EF-1s.","TEXAS"
"1264928","PALO PINTO CO.","MINGUS","05/18/2025","1836","Tornado","","EF1","0","0","5000","10000","CST-6","","202391","C","363","FWD","0","0","NWS Storm Survey","","0.4","400","2.65","N","2.48","WNW","GORDON","05/18/2025","1840","32.5677","-98.412","32.5691","-98.4061","A brief EF-1 tornado with maximum wind speeds of 105 mph occurred north of Mingus on the evening of May 18th. Tree damage was noted along Dairy Farm Road, with the most significant tree damage observed on a private property. Very large pecan trees were uprooted, with a few large trunks snapped. Many other large branches and small trunks were snapped across the property. Sheet metal was also ripped off of a metal shed on the northern edge of the property.","On the afternoon of May 18, scattered thunderstorms ignited over the Big Country, initiated by an upper trough digging southeast over the Intermountain West. These storms formed along a dryline and rapidly intensified, spreading east into western North Texas. Several of these storms produced large hail, damaging winds, and tornadoes. A total of 6 tornadoes were surveyed were Eastland to Parker counties: one EF-Unknown, three EF-0s, and two EF-1s.","TEXAS"
"1265149","CARSON CO.","WHITE DEER","05/26/2025","1733","Tornado","","EFU","0","0","0","0","CST-6","","203097","C","65","AMA","0","0","Trained Spotter","","0.01","25","4.97","SSE","4.97","SSE","WHITE DEER","05/26/2025","1735","35.36","-101.16","35.36","-101.16","Several photos and videos were submitted of a brief circulation that occurred east of FM 294 and south of County Road 13. The circulation lasted around a minute to a minute and a half. No damage was noted as the tornado remained in open fields.","During the afternoon of the 26th several isolated supercells formed in the eastern Texas Panhandle and some produced hail up to the size of tennis balls. After these storms moved east of the Panhandle, a storm complex moved into the southwestern Texas Panhandle from New Mexico. This complex produced hail up to half dollar size along with severe wind gusts up to 68 mph.","TEXAS"
"1265214","PALO PINTO CO.","GORDON","05/18/2025","1848","Tornado","","EF1","0","4","750000","0","CST-6","","202391","C","363","FWD","0","0","NWS Storm Survey","","2.11","995","1.43","N","0.79","SE","GORDON","05/18/2025","1854","32.5706","-98.3718","32.542","-98.3602","An EF-1 tornado formed north of Gordon and moved south-southeast into Gordon. One property near FM 919 and Harlin Road sustained damage to a small building on the property and 2 barns. In the town of Gordon, notable tree damage and power pole damage was observed along with damage to roofs. Most of the roof damage was partial removal of metal panels, leaving some homes with holes in their roofs. The school stadium and nearby athletic fields also suffered significant damage to the locker rooms, weight room, bleachers, scoreboards, and more. One tall stadium light pole was bent in half. In the southeast part of Gordon, a manufactured home was destroyed. In Gordon is where the tornado received its strongest rating of EF-1 with 105 mph winds. The tornado was tracked through tree damage just outside of Gordon to the southeast where it dissipated. Several minor injuries were reported with 4 hospital transports, but all 4 were already released the next morning.","On the afternoon of May 18, scattered thunderstorms ignited over the Big Country, initiated by an upper trough digging southeast over the Intermountain West. These storms formed along a dryline and rapidly intensified, spreading east into western North Texas. Several of these storms produced large hail, damaging winds, and tornadoes. A total of 6 tornadoes were surveyed were Eastland to Parker counties: one EF-Unknown, three EF-0s, and two EF-1s.","TEXAS"
"1265225","PALO PINTO CO.","SANTO","05/18/2025","1901","Tornado","","EF0","0","0","0","0","CST-6","","202391","C","363","FWD","0","0","NWS Storm Survey","","2.59","1000","1.88","SW","1.57","SE","SANTO","05/18/2025","1907","32.582","-98.2443","32.5848","-98.1999","Storm chaser and spotter videos of a rapidly cyclic, multi-vortex tornado was confirmed by scattered tree damage along a path that stretched from Panama Road southwest of Santo to FM 4 south of Santo. For the most part, each of the vortices were relatively shorted-lived, lasting from just a few seconds to up to 30 seconds. At one point, two vortices near FM 4 appeared to nearly rotate around each other before they dissipated. Based on the observed tree damage, this tornado was rated an EF-0 multi-vortex tornado with maximum estimated winds of 80 mph.","On the afternoon of May 18, scattered thunderstorms ignited over the Big Country, initiated by an upper trough digging southeast over the Intermountain West. These storms formed along a dryline and rapidly intensified, spreading east into western North Texas. Several of these storms produced large hail, damaging winds, and tornadoes. A total of 6 tornadoes were surveyed were Eastland to Parker counties: one EF-Unknown, three EF-0s, and two EF-1s.","TEXAS"
"1265228","PALO PINTO CO.","SANTO","05/18/2025","1907","Tornado","","EFU","0","0","0","0","CST-6","","202391","C","363","FWD","0","0","Storm Chaser","","0.23","50","1.48","E","1.71","E","SANTO","05/18/2025","1908","32.5982","-98.1946","32.5982","-98.1907","Right after the multi-vortex tornado south of Santo, chaser videos showed an additional, larger tornado forming east of FM 4. Damage from this tornado was not found. This tornado will be rated an EF-Unknown, and its location is estimated based on radar and video.","On the afternoon of May 18, scattered thunderstorms ignited over the Big Country, initiated by an upper trough digging southeast over the Intermountain West. These storms formed along a dryline and rapidly intensified, spreading east into western North Texas. Several of these storms produced large hail, damaging winds, and tornadoes. A total of 6 tornadoes were surveyed were Eastland to Parker counties: one EF-Unknown, three EF-0s, and two EF-1s.","TEXAS"
"1265231","PARKER CO.","DENNIS","05/18/2025","1936","Tornado","","EF0","0","0","25000","0","CST-6","","202391","C","367","FWD","0","0","NWS Storm Survey","","3.12","200","7.75","WSW","6.32","W","DENNIS","05/18/2025","1940","32.5923","-98.049","32.6143","-98.0284","An EF-0 tornado with maximum wind speeds of 85 mph moved east along Gilbert Pit Road and Cougar Road in southwestern Parker County, with snapped large limbs observed along both of these roads. A barn was also destroyed along Gilbert Pit Road near the start of the track. Based on the observed damage and assessment of radar data, the tornado took a sharp northwest turn, causing some tree damage further north on Gilbert Pit Rd, with several large limbs and small trunks split and snapped on the Hill Cemetery property where the tornado likely dissipated.","On the afternoon of May 18, scattered thunderstorms ignited over the Big Country, initiated by an upper trough digging southeast over the Intermountain West. These storms formed along a dryline and rapidly intensified, spreading east into western North Texas. Several of these storms produced large hail, damaging winds, and tornadoes. A total of 6 tornadoes were surveyed were Eastland to Parker counties: one EF-Unknown, three EF-0s, and two EF-1s.","TEXAS"
"1265235","COOKE CO.","MUENSTER","05/19/2025","1702","Tornado","","EFU","0","0","0","0","CST-6","","203062","C","97","FWD","0","0","Storm Chaser","","0.12","30","5.7","WNW","5.58","WNW","MUENSTER","05/19/2025","1703","33.6668","-97.477","33.6668","-97.4749","A tornado was confirmed by chaser video east of Saint Jo on private land. Grass was laid down in a circular pattern in a field, but the tornado dissipated before reaching an area of trees. Video shows the tornado only lasted about 10 seconds. This tornado was rated EF-Unknown.","An eastward-surging dryline provided focus for yet another round of strong to severe thunderstorms as an upper level trough swept through the Plains on May 19. Montague County received the majority of the severe weather, as the triple point between the dryline, cold front, and warm front remained stationary near that location for several hours. Storms eventually expanded south, and spread east through the rest of the region late that afternoon and into the evening. Hail up to 4.5 inches was reported in the Saint Jo area in Montague County. In addition, 3 brief tornadoes occurred in counties along the Red River: 1 EF-Unknown, and 2 EF-0s.","TEXAS"
"1265236","FANNIN CO.","LAMASCO","05/19/2025","2120","Tornado","","EF0","0","0","0","0","CST-6","","203062","C","147","FWD","0","0","Emergency Manager","","1.36","75","2.95","NNE","2.79","S","TELEPHONE","05/19/2025","2125","33.7365","-96.0434","33.7396","-96.0201","An EF-0 tornado occurred near Dotson along CR 2295 and FM 2029, producing scattered tree damage. Maximum estimated winds were 75 mph.","An eastward-surging dryline provided focus for yet another round of strong to severe thunderstorms as an upper level trough swept through the Plains on May 19. Montague County received the majority of the severe weather, as the triple point between the dryline, cold front, and warm front remained stationary near that location for several hours. Storms eventually expanded south, and spread east through the rest of the region late that afternoon and into the evening. Hail up to 4.5 inches was reported in the Saint Jo area in Montague County. In addition, 3 brief tornadoes occurred in counties along the Red River: 1 EF-Unknown, and 2 EF-0s.","TEXAS"
"1265238","LAMAR CO.","POWDERLY","05/20/2025","41","Tornado","","EF0","0","0","0","0","CST-6","","203062","C","277","FWD","0","0","Public","","0.11","50","2.8","E","2.9","E","POWDERLY","05/20/2025","42","33.7936","-95.4719","33.7937","-95.47","A very brief tornado damaged some trees along CR 43200 east of Powderly. The tornado was rated EF-0 with maximum 80 mph winds.","An eastward-surging dryline provided focus for yet another round of strong to severe thunderstorms as an upper level trough swept through the Plains on May 19. Montague County received the majority of the severe weather, as the triple point between the dryline, cold front, and warm front remained stationary near that location for several hours. Storms eventually expanded south, and spread east through the rest of the region late that afternoon and into the evening. Hail up to 4.5 inches was reported in the Saint Jo area in Montague County. In addition, 3 brief tornadoes occurred in counties along the Red River: 1 EF-Unknown, and 2 EF-0s.","TEXAS"
"1266284","WHARTON CO.","IAGO","06/12/2025","205","Tornado","","EF0","0","0","0","0","CST-6","","203277","C","481","HGX","0","0","NWS Storm Survey","","2.15","50","1.67","WNW","0.52","NNW","BURR","06/12/2025","210","29.3055","-95.9971","29.327","-96.023","An EF-0 tornado with winds of 75 mph began just east of Burr and produced some minor  tree damage along its path as it travelled west across CR 117. An older shed also had its roof blown off along CR 111.","Storms occurring overnight, producing damaging winds, flooding and brief tornadoes.","TEXAS"
"1266290","WHARTON CO.","DINSMORE","06/12/2025","220","Tornado","","EF1","0","0","200000","0","CST-6","","203277","C","481","HGX","0","0","NWS Storm Survey","","1.65","130","0.7","N","1.24","E","WHARTON JCT","06/12/2025","228","29.33","-96.052","29.331","-96.0794","An EF-1 tornado with 100 mph winds touched down just behind some apartments northeast of Wharton and travelled east across CR 166,  CR 133, and CR 129. The most extensive  damage was along Everett and Holiness Lanes,  just south of CR 166. Numerous homes sustained major roof damage and a number of trees had large branches snapped. As the tornado traveled east it continued producing mostly tree damage and some minor roof damage.","Storms occurring overnight, producing damaging winds, flooding and brief tornadoes.","TEXAS"
"1267447","SHACKELFORD CO.","ALBANY","05/18/2025","1619","Tornado","","EF2","0","0","0","0","CST-6","","202971","C","417","SJT","0","0","NWS Storm Survey","","0.8","150","6.06","NE","6.59","NE","ALBANY","05/18/2025","1624","32.7925","-99.2269","32.7936","-99.2154","A severe thunderstorm moved across eastern portions of Shackelford|County late Sunday afternoon which produced a brief tornado about|6 miles northeast of Albany, Texas, near County Road 109. The|Shackelford County Sheriff sent photos of damage to several|utility poles as well as damage to trees. Time of the tornado |touching down is based on radar. The estimated maximum peak wind |speed was 115 mph.","The combination of a strong upper level area of low pressure and a surface dryline resulted in a few rounds of severe thunderstorms across portions of west central Texas. In addition, strong to extreme instability and strong vertical wind shear assisted with severe thunderstorm development. The severe storms produced large hail and a tornado in Shackelford County on May 18th.","TEXAS"
"1267449","CALLAHAN CO.","EULA","05/18/2025","1603","Tornado","","EFU","0","0","0","0","CST-6","","202971","C","59","SJT","0","0","NWS Storm Survey","","2.98","50","2.26","SE","4.14","NNE","DENTON","05/18/2025","1610","32.3233","-99.5477","32.3229","-99.4967","A severe thunderstorm moved across western portions of Callahan |County late Sunday afternoon which produced a brief tornado about|6 miles south to southwest of Clyde, Texas near FM 604. Clyde VFD|sent a video of the tornado touching down west of Lake Clyde. |Time and exact location estimated from radar. No significant |damage was reported with this tornado as of today. Therefore...the|tornado has been classified as EFU, which means the winds |associated with the tornado are unknown at this time.","The combination of a strong upper level area of low pressure and a surface dryline resulted in a few rounds of severe thunderstorms across portions of west central Texas. In addition, strong to extreme instability and strong vertical wind shear assisted with severe thunderstorm development. The severe storms produced large hail and a tornado in Shackelford County on May 18th.","TEXAS"
"1267454","HASKELL CO.","STAMFORD","05/25/2025","1839","Tornado","","EFU","0","0","0","0","CST-6","","202972","C","207","SJT","0","0","Emergency Manager","","0.56","50","5.78","NW","5.24","NW","STAMFORD","05/25/2025","1841","33","-99.86","32.994","-99.8536","TDEM CLO reported 2 brief tornado touchdowns.","The combination of an upper level area of low pressure and a stationary frontal boundary in the area, resulted in many rounds of strong to severe thunderstorms across west central Texas during late May. In addition, strong to locally extreme surface instability  along with strong vertical wind shear assisted with the development of severe thunderstorms. A few of the severe storms produced very large to giant size hail and a few tornadoes.","TEXAS"
"1267455","JONES CO.","STAMFORD","05/25/2025","1905","Tornado","","EFU","0","0","0","0","CST-6","","202972","C","253","SJT","0","0","Storm Chaser","","0.91","50","1.35","WNW","0.5","W","STAMFORD","05/25/2025","1908","32.96","-99.8","32.951","-99.7886","A storm chaser reported a brief tornado touchdown.","The combination of an upper level area of low pressure and a stationary frontal boundary in the area, resulted in many rounds of strong to severe thunderstorms across west central Texas during late May. In addition, strong to locally extreme surface instability  along with strong vertical wind shear assisted with the development of severe thunderstorms. A few of the severe storms produced very large to giant size hail and a few tornadoes.","TEXAS"
"1267458","MENARD CO.","MENARD","05/26/2025","1513","Tornado","","EFU","0","0","0","0","CST-6","","202972","C","327","SJT","0","0","Trained Spotter","","1.35","100","2.39","SSW","3.12","S","MENARD","05/26/2025","1516","30.89","-99.8","30.875","-99.7853","A trained spotter reported a tornado just southwest of Menard.","The combination of an upper level area of low pressure and a stationary frontal boundary in the area, resulted in many rounds of strong to severe thunderstorms across west central Texas during late May. In addition, strong to locally extreme surface instability  along with strong vertical wind shear assisted with the development of severe thunderstorms. A few of the severe storms produced very large to giant size hail and a few tornadoes.","TEXAS"
"1267460","COLEMAN CO.","GLEN COVE","05/29/2025","2031","Tornado","","EFU","0","0","0","0","CST-6","","202972","C","83","SJT","0","0","Storm Chaser","","0.95","50","1.36","WSW","0.62","SSW","GLEN COVE","05/29/2025","2037","31.86","-99.67","31.8617","-99.654","A storm chaser posted a video on social media of a night-time tornado south of Novice in the same location where there was a possible tornado indicated on radar. Tornado lasted from 9:31 pm to 9:37 pm according to the storm chaser.","The combination of an upper level area of low pressure and a stationary frontal boundary in the area, resulted in many rounds of strong to severe thunderstorms across west central Texas during late May. In addition, strong to locally extreme surface instability  along with strong vertical wind shear assisted with the development of severe thunderstorms. A few of the severe storms produced very large to giant size hail and a few tornadoes.","TEXAS"
"1271998","HAYS CO.","WIMBERLEY","06/12/2025","2","Tornado","","EF0","0","0","10000","0","CST-6","","204035","C","209","EWX","0","0","NWS Storm Survey","","1.36","50","6.64","SW","5.71","SSW","WIMBERLEY","06/12/2025","5","29.9294","-98.1253","29.9312","-98.1027","An NWS survey team determined that a tornado formed just east of Purgatory Rd., south of FM 32. The most significant damage was seen along Cielo Ranch Rd., with tree damage and minor damage to structures. The damage was rated EF0 with maximum winds of 80 mph.","A mid-level shortwave trough moved over Texas and combined with an abnormally moist airmass to generate thunderstorms. These storms were very efficient rain producers dropping locally heavy rain that led to flash flooding. There were also a few severe thunderstorms.","TEXAS"
"1271999","HAYS CO.","WIMBERLEY","06/12/2025","6","Tornado","","EF0","0","0","0","0","CST-6","","204035","C","209","EWX","0","0","NWS Storm Survey","","0.58","75","6.02","SSW","5.77","SSW","WIMBERLEY","06/12/2025","8","29.9208","-98.092","29.9213","-98.0823","An NWS storm survey team determined a thunderstorm produced a tornado south of Wimberley. The track of the second tornado was estimated through a combination of information gathered by the survey team and radar data. While much of the damage fell to the north-northeast, indications are that the tornado moved just north of the intersection of Teton Circle and Appalachian Rd. with the most significant damage occurring in this area. The damage was rated EF0 with maximum winds of 80 mph.","A mid-level shortwave trough moved over Texas and combined with an abnormally moist airmass to generate thunderstorms. These storms were very efficient rain producers dropping locally heavy rain that led to flash flooding. There were also a few severe thunderstorms.","TEXAS"
"1273837","DEAF SMITH CO.","SIMMS","06/04/2025","2048","Tornado","","EF0","0","0","45000","0","CST-6","","202644","C","117","AMA","0","0","NWS Storm Survey","","0.83","50","7.96","N","8.41","N","SIMMS","06/04/2025","2049","35.1451","-102.6532","35.1507","-102.6402","Several visuals from storm spotters indicated that funnel clouds and perhaps brief touchdowns occurred before this tornado from the same supercell as it crossed western Deaf Smith County. However, this tornado did overturn a couple of pivots south of |County Road 27 and east of Highway 214. This appears to have been the only damage noted from this tornado so the exact length of the track is unknown due to the lack of damage indicators. The estimated wind speed from this tornado was 85mph.","During the early to late evening hours on the 4th of June severe thunderstorms moved through the southwest to south central Texas Panhandle. The main supercell that moved in first from eastern New Mexico, quickly intensified in Deaf Smith County, where it briefly produced a weak tornado that overturned a couple of irrigation pivots. The storm then continued to produce ping pong ball to even an instance of baseball size hail as it moved into Randall County.","TEXAS"
"1276055","NOBLE CO.","LUCIEN","06/03/2025","1449","Tornado","","EFU","0","0","0","0","CST-6","","202672","C","103","OUN","0","0","Storm Chaser","","0.1","20","3","NNE","3","NNE","LUCIEN","06/03/2025","1449","36.3201","-97.4294","36.3201","-97.4294","A storm chaser reported a brief tornado west of Perry that lasted for 45 seconds. No damage was reported and the location of this tornado is esimated.","Widespread severe thunderstorms, organized along a passing cold front, impacted much of Oklahoma and western-north Texas on the afternoon and evening of the 3rd. In addition to reports and observations of thunderstorm wind damage and large hail, six tornadoes occurred across the WFO Norman Forecast Area. Flash flooding also occurred during the evening hours across southeastern Oklahoma due to repeated rounds of heavy thunderstorms.","OKLAHOMA"
"1276056","MCCLAIN CO.","NEWCASTLE","06/03/2025","1600","Tornado","","EF1","0","0","60000","0","CST-6","","202672","C","87","OUN","0","0","NWS Storm Survey","","2.8","125","3.02","SSE","4.55","SE","NEWCASTLE","06/03/2025","1605","35.208","-97.585","35.21","-97.536","This tornado developed in southeast Newcastle northwest of Portland Avenue and southeast 32nd Street, and moved generally east between SE 32nd Street and SE 24th Street. At least one home had roof damage and one barn was destroyed. Tree and powerline damage was also observed along the tornado path. The tornado damaged trees along a treeline just west of the Canadian River as it dissipated.","Widespread severe thunderstorms, organized along a passing cold front, impacted much of Oklahoma and western-north Texas on the afternoon and evening of the 3rd. In addition to reports and observations of thunderstorm wind damage and large hail, six tornadoes occurred across the WFO Norman Forecast Area. Flash flooding also occurred during the evening hours across southeastern Oklahoma due to repeated rounds of heavy thunderstorms.","OKLAHOMA"
"1276057","GARVIN CO.","HENNEPIN","06/03/2025","1639","Tornado","","EF1","0","0","10000","0","CST-6","","202672","C","49","OUN","0","0","Emergency Manager","","2.4","150","5.01","NE","7.11","NE","HENNEPIN","06/03/2025","1644","34.558","-97.284","34.591","-97.273","A tornado developed near County Road 3210 about 4 miles east-southeast of Katie, and moved north-northeast. Near the beginning of the path, emergence management officials reported the east-facing garage door of a home was damaged and significant tree damage.","Widespread severe thunderstorms, organized along a passing cold front, impacted much of Oklahoma and western-north Texas on the afternoon and evening of the 3rd. In addition to reports and observations of thunderstorm wind damage and large hail, six tornadoes occurred across the WFO Norman Forecast Area. Flash flooding also occurred during the evening hours across southeastern Oklahoma due to repeated rounds of heavy thunderstorms.","OKLAHOMA"
"1276058","ATOKA CO.","ATOKA","06/03/2025","1928","Tornado","","EF0","0","0","0","0","CST-6","","202672","C","5","OUN","0","0","Broadcast Media","","4.5","100","6.01","WNW","2.01","NW","ATOKA","06/03/2025","1932","34.414","-96.227","34.404","-96.15","A television storm chaser observed a tornado to the west-northwest of Atoka. The beginning location of this tornado is estimated, but emergency management officials reported damage to tree branches near the end of the tornado's path near Atoka Lake.","Widespread severe thunderstorms, organized along a passing cold front, impacted much of Oklahoma and western-north Texas on the afternoon and evening of the 3rd. In addition to reports and observations of thunderstorm wind damage and large hail, six tornadoes occurred across the WFO Norman Forecast Area. Flash flooding also occurred during the evening hours across southeastern Oklahoma due to repeated rounds of heavy thunderstorms.","OKLAHOMA"
"1276059","KINGFISHER CO.","CASHION","06/06/2025","255","Tornado","","EF0","0","0","0","0","CST-6","","202675","C","73","OUN","0","0","NWS Storm Survey","","2","300","7.97","NNW","7.26","N","CASHION","06/06/2025","257","35.913","-97.709","35.905","-97.675","This tornado initially developed in Kingfisher County near County Roads 760 and 2970. The tornado moved east-southeast producing relatively light tree damage in Kingfisher County before moving into Logan County north of Cooksey Road.","A well-defined and intense mesoscale convective system (MCS) translated from the Southern High Plains into portions of northern and central Oklahoma during the predawn hours of the 6th. In addition to widespread and occasionally intense thunderstorm wind damage/gusts, multiple tornadoes occurred in both the northern and southern exurban areas of the Oklahoma Metropolitan Area.","OKLAHOMA"
"1276060","LOGAN CO.","CIMARRON CITY","06/06/2025","257","Tornado","","EF1","0","0","20000","0","CST-6","","202675","C","83","OUN","0","0","NWS Storm Survey","","6.2","300","4.32","WNW","2.05","ENE","CIMARRON CITY","06/06/2025","304","35.905","-97.675","35.901","-97.566","This tornado initially developed in Kingfisher County before moving into Logan County north of Cooksey Road. The tornado continued east-southeast crossing between Cimarron City and Crescent Springs before turning east-northeast and dissipating northeast of Cooksey Road and May Avenue. Utility poles were broken along Council Road, one building had it's exterior door damaged, and otherwise damage was primarily to trees along the path.","A well-defined and intense mesoscale convective system (MCS) translated from the Southern High Plains into portions of northern and central Oklahoma during the predawn hours of the 6th. In addition to widespread and occasionally intense thunderstorm wind damage/gusts, multiple tornadoes occurred in both the northern and southern exurban areas of the Oklahoma Metropolitan Area.","OKLAHOMA"
"1276061","MCCLAIN CO.","NEWCASTLE","06/06/2025","348","Tornado","","EF0","0","0","15000","0","CST-6","","202675","C","87","OUN","0","0","NWS Storm Survey","","1.5","30","1.12","SW","1.66","SSE","NEWCASTLE","06/06/2025","350","35.237","-97.612","35.228","-97.588","The first Newcastle tornado of the morning developed near Southwest 16th Street and Dickerson Street in Newcastle, and moved east-southeast crossing US Highway 62 and dissipating southeast of Highway 62 and Southeast 16th Street. A fence was blown down and a trampoline damaged at one home, otherwise damage was primarily to trees along the path.","A well-defined and intense mesoscale convective system (MCS) translated from the Southern High Plains into portions of northern and central Oklahoma during the predawn hours of the 6th. In addition to widespread and occasionally intense thunderstorm wind damage/gusts, multiple tornadoes occurred in both the northern and southern exurban areas of the Oklahoma Metropolitan Area.","OKLAHOMA"
"1276062","MCCLAIN CO.","NEWCASTLE","06/06/2025","354","Tornado","","EF0","0","0","1000","0","CST-6","","202675","C","87","OUN","0","0","NWS Storm Survey","","1.3","100","4.03","SE","4.61","WNW","GOLDSBY","06/06/2025","356","35.204","-97.556","35.187","-97.548","The second Newcastle tornado of the morning produced scattered tree damage along the tornado path in Newcastle from southeast 32nd between May and Pennsylvania Avenues to south of southeast 40th Street and Pennsylvania Avenue.","A well-defined and intense mesoscale convective system (MCS) translated from the Southern High Plains into portions of northern and central Oklahoma during the predawn hours of the 6th. In addition to widespread and occasionally intense thunderstorm wind damage/gusts, multiple tornadoes occurred in both the northern and southern exurban areas of the Oklahoma Metropolitan Area.","OKLAHOMA"
"1276065","CLEVELAND CO.","LEXINGTON","06/06/2025","428","Tornado","","EF0","0","0","50000","0","CST-6","","202675","C","27","OUN","0","0","NWS Storm Survey","","2.4","200","3.36","ENE","4.81","E","LEXINGTON","06/06/2025","432","35.026","-97.284","34.999","-97.256","This tornado developed near 108th Street north of State Highway 39 and moved southeast past Lewis Road between 120th Street and 132nd Street. One home suffered roof damage and trees were damaged along the path.","A well-defined and intense mesoscale convective system (MCS) translated from the Southern High Plains into portions of northern and central Oklahoma during the predawn hours of the 6th. In addition to widespread and occasionally intense thunderstorm wind damage/gusts, multiple tornadoes occurred in both the northern and southern exurban areas of the Oklahoma Metropolitan Area.","OKLAHOMA"
"1276068","MCCLAIN CO.","BYARS","06/06/2025","452","Tornado","","EF0","0","0","2000","0","CST-6","","202675","C","87","OUN","0","0","NWS Storm Survey","","2.3","50","3.63","NW","1.74","N","BYARS","06/06/2025","456","34.911","-97.09","34.895","-97.054","Scattered tree damage was observed from Ward Avenue about 2 miles north of State Highway 59 to Johnsonville Road about a mile and a half north of Byars.","A well-defined and intense mesoscale convective system (MCS) translated from the Southern High Plains into portions of northern and central Oklahoma during the predawn hours of the 6th. In addition to widespread and occasionally intense thunderstorm wind damage/gusts, multiple tornadoes occurred in both the northern and southern exurban areas of the Oklahoma Metropolitan Area.","OKLAHOMA"
"1276071","WOODS CO.","CAPRON","06/07/2025","12","Tornado","","EF0","0","0","1000","0","CST-6","","202676","C","151","OUN","0","0","Emergency Manager","","0.5","30","2.08","N","2.08","N","CAPRON","06/07/2025","12","36.93","-98.577","36.93","-98.577","A tornado touched down about two miles north of Capron producing tree damage.","A multi-modal episode of severe thunderstorms occurred from the late evening of the 6th through early morning of the 7th, primarily impacting areas along the north of Interstate 40. Initial severe weather was focused along a modifying warm front, lifting northward into portions of central/west-central Oklahoma. Thunderstorms in this regime produced reports of very large hail and a few severe-caliber wind gusts. Concurrently, a long-track and occasionally tornadic supercell was moving into portions of far western Oklahoma. While no tornadoes occurred across the WFO Norman Forecast Area, this thunderstorm produced large hail in Beckham County. By the early morning of the 7th, a mesoscale convective system (MCS) organized and became well-defined/mature as it swept eastward across northern Oklahoma. Widespread and locally intense thunderstorm wind damage/gusts, and two brief tornadoes, were noted across this area.","OKLAHOMA"
"1276072","ALFALFA CO.","GREAT SALT PLAINS LAKE DAM","06/07/2025","36","Tornado","","EF1","0","0","20000","0","CST-6","","202676","C","3","OUN","0","0","Public","","0.5","30","2.28","SSE","2.28","SSE","GREAT SALT PLAINS LAKE DAM","06/07/2025","36","36.709","-98.126","36.709","-98.126","A hay barn was destroyed near the intersection of County Roads E0210 and N2740.","A multi-modal episode of severe thunderstorms occurred from the late evening of the 6th through early morning of the 7th, primarily impacting areas along the north of Interstate 40. Initial severe weather was focused along a modifying warm front, lifting northward into portions of central/west-central Oklahoma. Thunderstorms in this regime produced reports of very large hail and a few severe-caliber wind gusts. Concurrently, a long-track and occasionally tornadic supercell was moving into portions of far western Oklahoma. While no tornadoes occurred across the WFO Norman Forecast Area, this thunderstorm produced large hail in Beckham County. By the early morning of the 7th, a mesoscale convective system (MCS) organized and became well-defined/mature as it swept eastward across northern Oklahoma. Widespread and locally intense thunderstorm wind damage/gusts, and two brief tornadoes, were noted across this area.","OKLAHOMA"
"1276074","CUSTER CO.","THOMAS","06/14/2025","1740","Tornado","","EF0","0","0","0","0","CST-6","","202743","C","39","OUN","0","0","Broadcast Media","","0.4","50","4","SE","4","SE","THOMAS","06/14/2025","1740","35.7091","-98.6996","35.7091","-98.6996","Television storm chasers and citizens observed a dusty tornado southeast of Thomas. No damage was reported and the location is estimated.","Multiple rounds of severe thunderstorm activity impacted portions of Oklahoma, mainly central and northern areas, from the morning of the 14th through daybreak on the 15th. An initial decaying complex of thunderstorms moved from southern Kansas into northern and central Oklahoma on the morning into early afternoon of the 14th. While this activity was non-severe for much of its journey across the WFO Norman Forecast Area, a brief uptick in intensity occurred after midday across southeastern Oklahoma, where sporadic damaging wind gusts and large hail were noted. ||While a brief lull in convective coverage occurred through the early evening, a warming airmass near remnant thunderstorm outflow across west-central Oklahoma provided focus for the development of a lone intense supercell thunderstorm. This thunderstorm impacted portions of Custer, Blaine, Caddo and Washita Counties, producing a tornado and large to very large hail. As a broader synoptic trough impinged across the region later in the evening, more widespread coverage of severe thunderstorms occurred, yielding continued large hail and thunderstorm wind damage events across central and southern Oklahoma through daybreak on the 15th.","OKLAHOMA"
"1276076","ARCHER CO.","ARCHER CITY","06/03/2025","1710","Tornado","","EFU","0","0","0","0","CST-6","","202673","C","9","OUN","0","0","Storm Chaser","","0.1","50","5","NW","5","NW","ARCHER CITY","06/03/2025","1710","33.6412","-98.6915","33.6412","-98.6915","A brief tornado was observed by storm chasers northwest of Archer City. No damage was reported and the specific location of the tornado is estimated.","Widespread severe thunderstorms, organized along a passing cold front, impacted much of Oklahoma and western-north Texas on the afternoon and evening of the 3rd. In addition to reports and observations of thunderstorm wind damage and large hail, six tornadoes occurred across the WFO Norman Forecast Area.","TEXAS"
"1276077","KNOX CO.","GOREE","06/08/2025","1858","Tornado","","EFU","0","0","0","0","CST-6","","202679","C","275","OUN","0","0","Broadcast Media","","0.5","100","3","SSE","3","SSE","GOREE","06/08/2025","1900","33.4299","-99.5001","33.4299","-99.5001","A storm chaser for a Wichita Falls television station observed a tornado near Goree. No damage was reported and the location of the tornado is esimated.","Another episode of intense severe weather impacted much of the WFO Norman Forecast Area during the afternoon through mid-evening on the 8th. Thunderstorm activity during this episode was focused generally along and just ahead of a southeastward advancing cold front, as a strong upper trough dove across the Plains. Very strong instability and sufficient deep-layer wind shear promoted organized thunderstorm modes, with numerous thunderstorm clusters (Oklahoma) and a few intense supercells (western-north Texas) impacting the forecast area. Numerous reports of thunderstorm wind damage/gusts and very large hail were received, especially with activity across the Red River Valley of Oklahoma and north Texas.","TEXAS"
"1276083","ELLIS CO.","ARNETT","06/17/2025","1907","Tornado","","EF1","0","0","20000","0","CST-6","","202745","C","45","OUN","0","0","NWS Storm Survey","","1.8","50","13.29","SW","12.16","SW","ARNETT","06/17/2025","1910","36.018","-99.954","36.014","-99.922","While the large rain-wrapped tornado was moving through southwest Ellis County, storm chasers observed a parallel tornado. Information from emergency management and an NWS storm survey indicated this tornado produced tree damage along County Road N1710, then damaged two barns along County Road E0690 as the tornado moved east-southeast.","In addition to a morning complex of severe thunderstorms, a multi-modal severe weather outbreak impacted portions of northern and central Oklahoma during the evening of the 17th. Initial thunderstorm coverage during the morning across northern Oklahoma featured a few reports of thunderstorm wind damage/gusts. After quickly moving eastward, allowing for substantial airmass recovery across the area, additional severe thunderstorms developed ahead of an approaching synoptic wave by the early evening. Initial thunderstorms impacted the Oklahoma/Kansas border areas of Kay County, producing a few reports of large hail. All the while, an intense supercell thunderstorm was drifting from the northeastern Texas Panhandle into portions of western Oklahoma. This storm became tornadic as it crossed into Ellis and Roger Mills County, producing a significant (EF-2) tornado here. As this thunderstorm grew upscale, along with additional development to its north, an organized mesoscale convective system (MCS) took shape. Numerous reports of wind damage and three brief tornadoes occurred as this system swept eastward across the northern one-half of the forecast area.","OKLAHOMA"
"1276084","MAJOR CO.","ISABELLA","06/17/2025","2052","Tornado","","EFU","0","0","0","0","CST-6","","202745","C","93","OUN","0","0","Broadcast Media","","2","30","3.04","WNW","2","NNW","ISABELLA","06/17/2025","2055","36.2639","-98.3858","36.267","-98.353","Television storm chasers observed a small tornado northwest of Isabella. No damage was reported and the location is estimated.","In addition to a morning complex of severe thunderstorms, a multi-modal severe weather outbreak impacted portions of northern and central Oklahoma during the evening of the 17th. Initial thunderstorm coverage during the morning across northern Oklahoma featured a few reports of thunderstorm wind damage/gusts. After quickly moving eastward, allowing for substantial airmass recovery across the area, additional severe thunderstorms developed ahead of an approaching synoptic wave by the early evening. Initial thunderstorms impacted the Oklahoma/Kansas border areas of Kay County, producing a few reports of large hail. All the while, an intense supercell thunderstorm was drifting from the northeastern Texas Panhandle into portions of western Oklahoma. This storm became tornadic as it crossed into Ellis and Roger Mills County, producing a significant (EF-2) tornado here. As this thunderstorm grew upscale, along with additional development to its north, an organized mesoscale convective system (MCS) took shape. Numerous reports of wind damage and three brief tornadoes occurred as this system swept eastward across the northern one-half of the forecast area.","OKLAHOMA"
"1276086","ALFALFA CO.","JET","06/17/2025","2039","Tornado","","EF0","0","0","10000","0","CST-6","","202745","C","3","OUN","0","0","Public","","2.2","40","2.41","ENE","2.73","SSE","GREAT SALT PLAINS LAKE DAM","06/17/2025","2042","36.679","-98.138","36.705","-98.117","A tornado damaged a barn in southeastern Alfalfa County along County Road E0230 to the west of County Road N2740. The tornado moved northeast for about 2 miles.","In addition to a morning complex of severe thunderstorms, a multi-modal severe weather outbreak impacted portions of northern and central Oklahoma during the evening of the 17th. Initial thunderstorm coverage during the morning across northern Oklahoma featured a few reports of thunderstorm wind damage/gusts. After quickly moving eastward, allowing for substantial airmass recovery across the area, additional severe thunderstorms developed ahead of an approaching synoptic wave by the early evening. Initial thunderstorms impacted the Oklahoma/Kansas border areas of Kay County, producing a few reports of large hail. All the while, an intense supercell thunderstorm was drifting from the northeastern Texas Panhandle into portions of western Oklahoma. This storm became tornadic as it crossed into Ellis and Roger Mills County, producing a significant (EF-2) tornado here. As this thunderstorm grew upscale, along with additional development to its north, an organized mesoscale convective system (MCS) took shape. Numerous reports of wind damage and three brief tornadoes occurred as this system swept eastward across the northern one-half of the forecast area.","OKLAHOMA"
"1276088","GRANT CO.","POND CREEK","06/17/2025","2053","Tornado","","EFU","0","0","0","0","CST-6","","202745","C","53","OUN","0","0","Trained Spotter","","1","30","7","SW","6","SW","POND CREEK","06/17/2025","2055","36.5984","-97.8893","36.6086","-97.8765","Storm spotters reported a tornado near or west of US-81 near the Garfield-Grant County line. No damage was reported and the location is estimated.","In addition to a morning complex of severe thunderstorms, a multi-modal severe weather outbreak impacted portions of northern and central Oklahoma during the evening of the 17th. Initial thunderstorm coverage during the morning across northern Oklahoma featured a few reports of thunderstorm wind damage/gusts. After quickly moving eastward, allowing for substantial airmass recovery across the area, additional severe thunderstorms developed ahead of an approaching synoptic wave by the early evening. Initial thunderstorms impacted the Oklahoma/Kansas border areas of Kay County, producing a few reports of large hail. All the while, an intense supercell thunderstorm was drifting from the northeastern Texas Panhandle into portions of western Oklahoma. This storm became tornadic as it crossed into Ellis and Roger Mills County, producing a significant (EF-2) tornado here. As this thunderstorm grew upscale, along with additional development to its north, an organized mesoscale convective system (MCS) took shape. Numerous reports of wind damage and three brief tornadoes occurred as this system swept eastward across the northern one-half of the forecast area.","OKLAHOMA"
"1276093","ELLIS CO.","ARNETT","06/17/2025","1906","Tornado","","EF2","0","0","75000","0","CST-6","","202745","C","45","OUN","0","0","NWS Storm Survey","","6.1","1200","15.83","SW","15.22","SSW","ARNETT","06/17/2025","1914","36.005","-99.999","35.952","-99.912","This large tornado started near the Texas state line and moved southeast through southwestern Ellis County. It was rain-wrapped much of the time, although research radars and the damage survey confirmed it's existence.||The tornado moved southeast causing extensive roof damage to a home and a barn as well as causing significant damage in groves of trees near Little Robe Creek, including snapping and debarking the trees. The tornado continued southeast and caused more extensive tree damage along County Roads D1695 and E0720. One home that had been burned in the Smokehouse Creek wildfire (February 2024) was further damaged with the tornado scattering the remnants of the house.||The tornado severely damaged more trees and downed power line along County Roads N1730 and E0730 and along the Canadian River before crossing into Roger Mills County.","In addition to a morning complex of severe thunderstorms, a multi-modal severe weather outbreak impacted portions of northern and central Oklahoma during the evening of the 17th. Initial thunderstorm coverage during the morning across northern Oklahoma featured a few reports of thunderstorm wind damage/gusts. After quickly moving eastward, allowing for substantial airmass recovery across the area, additional severe thunderstorms developed ahead of an approaching synoptic wave by the early evening. Initial thunderstorms impacted the Oklahoma/Kansas border areas of Kay County, producing a few reports of large hail. All the while, an intense supercell thunderstorm was drifting from the northeastern Texas Panhandle into portions of western Oklahoma. This storm became tornadic as it crossed into Ellis and Roger Mills County, producing a significant (EF-2) tornado here. As this thunderstorm grew upscale, along with additional development to its north, an organized mesoscale convective system (MCS) took shape. Numerous reports of wind damage and three brief tornadoes occurred as this system swept eastward across the northern one-half of the forecast area.","OKLAHOMA"
"1276094","ROGER MILLS CO.","DURHAM","06/17/2025","1914","Tornado","","EF2","0","0","30000","0","CST-6","","202745","C","129","OUN","0","0","NWS Storm Survey","","8.2","1200","7.75","N","3.47","N","CRAWFORD","06/17/2025","1927","35.952","-99.912","35.88","-99.806","This tornado moved into northwestern Roger Mills County from Ellis County and into the Antelope Hills region. As the tornado crossed County Roads N1760 and N1757, the tornado snapped many trees and partially debarked some. Two oil field outbuildings were also damaged in this area. Many trees were also snapped and uprooted nnear County Road N1780 and a few power poles were snapped. The tornado then turned south-southeast and damaged more trees and a barn after crossing County Road E0785. The tornado dissipated soon after this.","In addition to a morning complex of severe thunderstorms, a multi-modal severe weather outbreak impacted portions of northern and central Oklahoma during the evening of the 17th. Initial thunderstorm coverage during the morning across northern Oklahoma featured a few reports of thunderstorm wind damage/gusts. After quickly moving eastward, allowing for substantial airmass recovery across the area, additional severe thunderstorms developed ahead of an approaching synoptic wave by the early evening. Initial thunderstorms impacted the Oklahoma/Kansas border areas of Kay County, producing a few reports of large hail. All the while, an intense supercell thunderstorm was drifting from the northeastern Texas Panhandle into portions of western Oklahoma. This storm became tornadic as it crossed into Ellis and Roger Mills County, producing a significant (EF-2) tornado here. As this thunderstorm grew upscale, along with additional development to its north, an organized mesoscale convective system (MCS) took shape. Numerous reports of wind damage and three brief tornadoes occurred as this system swept eastward across the northern one-half of the forecast area.","OKLAHOMA"
"1276163","CIMARRON CO.","KEYES","06/06/2025","1754","Tornado","","EFU","0","0","0","0","CST-6","","202647","C","25","AMA","0","0","NWS Storm Survey","","0.8","25","3.11","SSW","3.72","S","KEYES","06/06/2025","1756","36.7764","-102.264","36.7664","-102.2568","This tornado was captured on storm chaser video. It quickly became rain wrapped and therefore it is unclear exactly how long it remained on the ground. It appears to have stayed to the north of Highway 64 in an open field.","On the afternoon of June 6th, a discrete supercell developed in southeastern Colorado and tracked into the Oklahoma Panhandle and northeastern Texas Panhandle. This supercell produced six tornadoes, hail up to 4.5 inches in diameter, and straight-line winds. Later in the evening a couple of semi-discrete supercells moved into the Oklahoma Panhandle and eastern Panhandles, producing wind gusts up to 90 mph and hail up to the size of golf balls.","OKLAHOMA"
"1276169","HANSFORD CO.","GRUVER","06/06/2025","1948","Tornado","","EFU","0","0","0","0","CST-6","","202648","C","195","AMA","0","0","NWS Storm Survey","","0.26","50","3.3","NE","3.41","NE","GRUVER","06/06/2025","1949","36.3023","-101.3564","36.3008","-101.3521","This tornado was captured via storm spotter video crossing Highway 207. It was not a well defined tornado but there was definitely circulation that crossed the highway. As it|encountered power lines, it resulted in no damage to them though there was some swaying of the lines as it moved through.","On the afternoon of June 6th, a discrete supercell developed in southeastern Colorado and tracked into the Oklahoma Panhandle and northeastern Texas Panhandle. This supercell produced six tornadoes, hail up to 4.5 inches in diameter, and straight-line winds. Later in the evening a couple of semi-discrete supercells moved into the Oklahoma Panhandle and eastern Panhandles, producing wind gusts up to 90 mph and hail up to the size of golf balls.","TEXAS"
"1276171","HANSFORD CO.","SPEARMAN","06/06/2025","2006","Tornado","","EFU","0","0","0","0","CST-6","","202648","C","195","AMA","0","0","NWS Storm Survey","","1.81","75","2.05","WNW","1.46","SW","SPEARMAN","06/06/2025","2011","36.206","-101.2361","36.1844","-101.2177","This tornado was documented by storm spotter picture. No damage is known to have occurred from this tornado.","On the afternoon of June 6th, a discrete supercell developed in southeastern Colorado and tracked into the Oklahoma Panhandle and northeastern Texas Panhandle. This supercell produced six tornadoes, hail up to 4.5 inches in diameter, and straight-line winds. Later in the evening a couple of semi-discrete supercells moved into the Oklahoma Panhandle and eastern Panhandles, producing wind gusts up to 90 mph and hail up to the size of golf balls.","TEXAS"
"1276176","HANSFORD CO.","SPEARMAN","06/06/2025","2013","Tornado","","EF2","0","0","95000","0","CST-6","","202648","C","195","AMA","0","0","NWS Storm Survey","","8.66","150","3.42","ESE","11.55","SSE","SPEARMAN","06/06/2025","2034","36.1732","-101.1485","36.055","-101.097","This tornado developed south of W 13th Avenue to the southeast of Spearman, producing its first signs of damage once it crossed CR Y just east of CR 27. EF-1 damage occurred in the area including two small pinyon trees being uprooted with others having branches snapped, as well as metal barns having lost several side and|roofing panels. The tornado continued tracking to the south-southeast, pulling roofing and siding off multiple metal barns near CR AA and CR 28. The strongest damage occurred when it crossed CR 28 to the southeast, snapping several wooden power|poles. This is where the tornado achieved peak intensity and earned the EF-2 rating. In the later stages of its life, the tornado flipped single sections of irrigation pivots just north of FM 281, and again as it crossed into far northeast Hutchinson county before eventually lifting. Along the western edge of the track, there were several instances of damage due to strong winds associated with the rear flank downdraft of the supercell. This included snapped wooden power lines and flipped irrigation pivots. The maximum estimated winds were 115mph. The total track length was around 9.5 miles.","On the afternoon of June 6th, a discrete supercell developed in southeastern Colorado and tracked into the Oklahoma Panhandle and northeastern Texas Panhandle. This supercell produced six tornadoes, hail up to 4.5 inches in diameter, and straight-line winds. Later in the evening a couple of semi-discrete supercells moved into the Oklahoma Panhandle and eastern Panhandles, producing wind gusts up to 90 mph and hail up to the size of golf balls.","TEXAS"
"1276200","HUTCHINSON CO.","PRINGLE","06/06/2025","2034","Tornado","","EF1","0","0","25000","0","CST-6","","202648","C","233","AMA","0","0","NWS Storm Survey","","0.82","100","21.02","ENE","21.06","ENE","PRINGLE","06/06/2025","2035","36.055","-101.097","36.0439","-101.0916","This tornado developed south of W 13th Avenue to the southeast of Spearman, producing its first signs of damage once it crossed CR Y just east of CR 27. EF-1 damage occurred in the area including two small pinyon trees being uprooted with others having branches snapped, as well as metal barns having lost several side and|roofing panels. The tornado continued tracking to the south-southeast, pulling roofing and siding off multiple metal barns near CR AA and CR 28. The strongest damage occurred when it crossed CR 28 to the southeast, snapping several wooden power|poles. This is where the tornado achieved peak intensity and earned the EF-2 rating. In the later stages of its life, the tornado flipped single sections of irrigation pivots just north of FM 281, and again as it crossed into far northeast Hutchinson county before eventually lifting. Along the western edge of the track, there were several instances of damage due to strong winds associated with the rear flank downdraft of the supercell. This included snapped wooden power lines and flipped irrigation pivots. The maximum estimated winds of the tornado was 115mph, which occurred in Hansford County. Winds were around 70mph in Hutchinson County. The max width of the tornado was 150 yards also in Hansford County. Total track length was around 9.5 miles.","On the afternoon of June 6th, a discrete supercell developed in southeastern Colorado and tracked into the Oklahoma Panhandle and northeastern Texas Panhandle. This supercell produced six tornadoes, hail up to 4.5 inches in diameter, and straight-line winds. Later in the evening a couple of semi-discrete supercells moved into the Oklahoma Panhandle and eastern Panhandles, producing wind gusts up to 90 mph and hail up to the size of golf balls.","TEXAS"
"1276320","CIMARRON CO.","BOISE CITY","06/06/2025","2105","Tornado","","EFU","0","0","2000","0","CST-6","","202647","C","25","AMA","0","0","NWS Storm Survey","","5.51","50","7.48","N","6.64","NE","BOISE CITY","06/06/2025","2112","36.8383","-102.5181","36.7965","-102.4333","This tornado pushed a semi-truck off the highway into a ditch approximately six miles north of Boise City on Highway 287. This tornado was later seen by a storm spotter further to the southeast. There is no known damage otherwise with this tornado.","On the afternoon of June 6th, a discrete supercell developed in southeastern Colorado and tracked into the Oklahoma Panhandle and northeastern Texas Panhandle. This supercell produced six tornadoes, hail up to 4.5 inches in diameter, and straight-line winds. Later in the evening a couple of semi-discrete supercells moved into the Oklahoma Panhandle and eastern Panhandles, producing wind gusts up to 90 mph and hail up to the size of golf balls.","OKLAHOMA"
"1276332","WHEELER CO.","KELTON","06/06/2025","2220","Tornado","","EFU","0","0","0","0","CST-6","","202648","C","483","AMA","0","0","NWS Storm Survey","","0.92","25","6.76","N","6.45","N","KELTON","06/06/2025","2222","35.4978","-100.1188","35.4924","-100.1038","This tornado was spotted and reported by a storm spotter near the Texas and Oklahoma state line. It was noted as a brief tornado. No other information is given about this tornado.","On the afternoon of June 6th, a discrete supercell developed in southeastern Colorado and tracked into the Oklahoma Panhandle and northeastern Texas Panhandle. This supercell produced six tornadoes, hail up to 4.5 inches in diameter, and straight-line winds. Later in the evening a couple of semi-discrete supercells moved into the Oklahoma Panhandle and eastern Panhandles, producing wind gusts up to 90 mph and hail up to the size of golf balls.","TEXAS"
"1276353","CIMARRON CO.","FELT","06/08/2025","1348","Tornado","","EFU","0","0","0","0","CST-6","","202650","C","25","AMA","0","0","NWS Storm Survey","","2.5","100","5.55","WSW","6.29","SW","FELT","06/08/2025","1351","36.5348","-102.8699","36.501","-102.854","This tornado remained in open grassland causing no damage. The only damage indicator it crossed was a powerline on E0330 Road which was not damaged. It did result in flattened grass along a portion of its track. The total track length was around 6.6 miles.","Thunderstorms developed ahead of a cold front on the afternoon of June 8th and rapidly became severe. These thunderstorms gradually developed into disorganized lines of thunderstorms through the late afternoon and evening, while a discrete supercell in the western Oklahoma and Texas Panhandles produced 4 tornadoes. Otherwise, these thunderstorms produced wind gusts up to 80 mph, hail up to 2.25 inches in diameter, and heavy rain that led to localized flash flooding.","OKLAHOMA"
"1276356","DALLAM CO.","TEXLINE","06/08/2025","1351","Tornado","","EFU","0","0","0","0","CST-6","","202651","C","111","AMA","0","0","NWS Storm Survey","","6.88","100","12.45","NE","9.1","N","PERICO","06/08/2025","1417","36.501","-102.854","36.4015","-102.8585","This tornado remained in open grassland causing no damage. The only damage indicator it crossed was a powerline on E0330 Road which was not damaged. It did result in flattened grass along a portion of its track. The total track length was around 9.4 miles.","Thunderstorms developed ahead of a cold front on the afternoon of June 8th and rapidly became severe. These thunderstorms gradually developed into disorganized lines of thunderstorms through the late afternoon and evening, while a discrete supercell in the western Oklahoma and Texas Panhandles produced 4 tornadoes. Otherwise, these thunderstorms produced wind gusts up to 80 mph, hail up to 2.25 inches in diameter, and heavy rain that led to localized flash flooding.","TEXAS"
"1276361","DALLAM CO.","WARE","06/08/2025","1519","Tornado","","EFU","0","0","0","0","CST-6","","202651","C","111","AMA","0","0","NWS Storm Survey","","0.19","50","7.84","WSW","7.81","WSW","WARE","06/08/2025","1522","36.1516","-102.836","36.1491","-102.8347","Chasers documented a brief and weak touchdown in open field south of Perico. No other damage was noted.","Thunderstorms developed ahead of a cold front on the afternoon of June 8th and rapidly became severe. These thunderstorms gradually developed into disorganized lines of thunderstorms through the late afternoon and evening, while a discrete supercell in the western Oklahoma and Texas Panhandles produced 4 tornadoes. Otherwise, these thunderstorms produced wind gusts up to 80 mph, hail up to 2.25 inches in diameter, and heavy rain that led to localized flash flooding.","TEXAS"
"1276366","HUTCHINSON CO.","HUTCHINSON CO ARPT","06/08/2025","1526","Tornado","","EF0","0","0","5000","0","CST-6","","202651","C","233","AMA","0","0","NWS Storm Survey","","0.29","50","0.86","S","0.71","S","HUTCHINSON CO ARPT","06/08/2025","1527","35.6878","-101.4027","35.6898","-101.3982","This tornado produced minor shingle damage to a home near Boyd and Sterling street on the north side of Borger along with large tree branches down. It is unclear where the tornado initially began, but there was video to suggest it touched down somewhere|over the Phillips Country Club. Additional video indicates it then moved into a small industrial site north of the homes where it dissipated. The estimated maximum wind speed was 80mph.","Thunderstorms developed ahead of a cold front on the afternoon of June 8th and rapidly became severe. These thunderstorms gradually developed into disorganized lines of thunderstorms through the late afternoon and evening, while a discrete supercell in the western Oklahoma and Texas Panhandles produced 4 tornadoes. Otherwise, these thunderstorms produced wind gusts up to 80 mph, hail up to 2.25 inches in diameter, and heavy rain that led to localized flash flooding.","TEXAS"
"1276371","DALLAM CO.","WARE","06/08/2025","1538","Tornado","","EF1","0","0","3000","0","CST-6","","202651","C","111","AMA","0","0","NWS Storm Survey","","1.56","50","9.42","SW","9.75","SW","WARE","06/08/2025","1550","36.0813","-102.8165","36.0637","-102.799","The tornado touched down in rural southwest Dallam County and it destroyed a barn south of FM 1727. The estimated maximum wind speed was 95mph.","Thunderstorms developed ahead of a cold front on the afternoon of June 8th and rapidly became severe. These thunderstorms gradually developed into disorganized lines of thunderstorms through the late afternoon and evening, while a discrete supercell in the western Oklahoma and Texas Panhandles produced 4 tornadoes. Otherwise, these thunderstorms produced wind gusts up to 80 mph, hail up to 2.25 inches in diameter, and heavy rain that led to localized flash flooding.","TEXAS"
"1276468","GRANT CO.","RENFROW","06/03/2025","1445","Tornado","","EF0","0","0","0","0","CST-6","","202672","C","53","OUN","0","0","Emergency Manager","","0.2","30","2.74","SSW","2.74","SSW","RENFROW","06/03/2025","1445","36.884","-97.681","36.884","-97.681","Emergency management spotters reported a brief tornado that produced tree damage along US-81 between Renfrow and Medford.","Widespread severe thunderstorms, organized along a passing cold front, impacted much of Oklahoma and western-north Texas on the afternoon and evening of the 3rd. In addition to reports and observations of thunderstorm wind damage and large hail, six tornadoes occurred across the WFO Norman Forecast Area. Flash flooding also occurred during the evening hours across southeastern Oklahoma due to repeated rounds of heavy thunderstorms.","OKLAHOMA"
"1278159","GRAYSON CO.","HILTON","06/08/2025","2039","Tornado","","EF1","0","0","50000","0","CST-6","","203195","C","181","FWD","0","0","NWS Storm Survey","","4","400","2.9","W","1.43","SSE","HILTON","06/08/2025","2045","33.5774","-96.6795","33.5524","-96.617","An EF-1 tornado touched down along Rockport Road and moved southeast across Ford Road, blowing down several trees and damaging a few barns. Much more extensive tree damage was noted along Farmington Road where dozens of trees were snapped and uprooted in all directions. A few more trees were blown down along Shepherd Drive and a trailer was blown onto its side in the western parking lot of the Texas Instruments plant before the tornado lifted. Maximum winds with this tornado were estimated at 95 mph.","A highly unstable and strongly sheared environment set the stage for an evening of severe weather, as a line of thunderstorms pushed south from the Southern Plains into North Texas on June 8. Widespread wind damage, scattered large hail reports and a few tornadoes occurred as storms continued south overnight into the early morning hours of June 9.","TEXAS"
"1278175","FANNIN CO.","MULBERRY","06/08/2025","2048","Tornado","","EF1","0","0","300000","0","CST-6","","203195","C","147","FWD","0","0","NWS Storm Survey","","4.29","300","3.46","SSW","3.41","SSW","RAVENNA","06/08/2025","2054","33.6763","-96.3095","33.6347","-96.2536","An EF-1 tornado touched down 1.5 miles south of the Red River near the intersection of FM 1753 and County Road 101, or about 3.8 miles west of Ravenna, then moved southeast before lifting around 2.5 miles south of Ravenna. The tornado initially caused minor damage to trees and a home along FM 1753. As it moved southeast across CR 1300, the tornado intensified and caused more widespread tree damage, heavily damaged a barn, and caused minor exterior damage to two homes. CR 1300 was blocked for 2 days due to the downed trees. The tornado reached its peak intensity of 105 mph and max width of 300 yards as it crossed CR 1305, completely destroying a mobile home, heavily damaging another mobile home and a large barn, causing minor damage to two other homes, and snapping and uprooting dozens of trees. A horse trailer was also lifted and blown across the roadway. The tornado continued southeast through rural inaccessible forests before dissipating. Sentinel satellite imagery helped determine the latter half of the tornado track.","A highly unstable and strongly sheared environment set the stage for an evening of severe weather, as a line of thunderstorms pushed south from the Southern Plains into North Texas on June 8. Widespread wind damage, scattered large hail reports and a few tornadoes occurred as storms continued south overnight into the early morning hours of June 9.","TEXAS"
"1278183","FANNIN CO.","RAVENNA","06/08/2025","2055","Tornado","","EF1","0","0","300000","0","CST-6","","203195","C","147","FWD","0","0","NWS Storm Survey","","7.01","500","2.53","SSW","1.14","E","BONHAM","06/08/2025","2104","33.6462","-96.2468","33.5791","-96.1602","The same parent storm that produced the Ravenna tornado also spawned another EF-1 tornado that touched down along FM 274 around 2 miles south of Ravenna, causing minor damage to a home and blowing down a few trees. The tornado intensified as it continued southeast, blowing down numerous trees in rural areas east of FM 274 and north of FM 898. Southwest of the tornado path, RFD or inflow winds into the tornado blew down many more trees along FM 274 and FM 898 west of CR 1444. As the tornado crossed FM 898 near CR 1445, a few homes suffered minor exterior damage, some outbuildings were heavily damaged, and many large trees were snapped or uprooted. A small silo along CR 1445 was lifted and blown 350 yards to the southeast before landing. Notable cyclonic patterns were also apparent in flattened grass in this area. The tornado weakened as it crossed US 82 and Hwy 121, knocking down just a few trees, causing very minor damage to a Fix & Feed store, and blowing a few sheds into a field. As the tornado entered the city of Bonham, it intensified again and blew down hundreds of trees along residential streets in the northwest part of the city. Three homes along Agnew Street suffered heavy wind damage (where the maximum estimated winds of 100 mph occurred), a church on Franklin Ave lost its steeple, and another church on Oriental Street lost an exterior wall. The tornado continued through the southeast part of town causing more sporadic damage before it dissipated just past Carpenter Loop. Maximum estimated winds were 100 mph.","A highly unstable and strongly sheared environment set the stage for an evening of severe weather, as a line of thunderstorms pushed south from the Southern Plains into North Texas on June 8. Widespread wind damage, scattered large hail reports and a few tornadoes occurred as storms continued south overnight into the early morning hours of June 9.","TEXAS"
"1278455","ROGER MILLS CO.","CRAWFORD","06/17/2025","1916","Tornado","","EFU","0","0","0","0","CST-6","","202745","C","129","OUN","0","0","Broadcast Media","","0.1","30","11.28","NNW","11.28","NNW","CRAWFORD","06/17/2025","1917","35.99","-99.84","35.99","-99.84","A television storm chaser observed a tornado looking west-northwest from the intersection of US-283 and E0720 Road. This tornado was north of the large rain-wrapped tornado moving through northwestern Roger Mills County. No damage was reported and the specific location of this tornado is estimated.","In addition to a morning complex of severe thunderstorms, a multi-modal severe weather outbreak impacted portions of northern and central Oklahoma during the evening of the 17th. Initial thunderstorm coverage during the morning across northern Oklahoma featured a few reports of thunderstorm wind damage/gusts. After quickly moving eastward, allowing for substantial airmass recovery across the area, additional severe thunderstorms developed ahead of an approaching synoptic wave by the early evening. Initial thunderstorms impacted the Oklahoma/Kansas border areas of Kay County, producing a few reports of large hail. All the while, an intense supercell thunderstorm was drifting from the northeastern Texas Panhandle into portions of western Oklahoma. This storm became tornadic as it crossed into Ellis and Roger Mills County, producing a significant (EF-2) tornado here. As this thunderstorm grew upscale, along with additional development to its north, an organized mesoscale convective system (MCS) took shape. Numerous reports of wind damage and three brief tornadoes occurred as this system swept eastward across the northern one-half of the forecast area.","OKLAHOMA"
"1278461","JACKSON CO.","ELMER","06/18/2025","1710","Tornado","","EFU","0","0","0","0","CST-6","","202747","C","65","OUN","0","0","Storm Chaser","","1","20","3","ENE","3","ENE","ELMER","06/18/2025","1720","34.4966","-99.3013","34.4966","-99.3013","A storm chaser took video of a long-lived landspout near Elmer. This landspout lasted for at least ten minutes and may have persisted for more than 20 minutes. No damage was reported and the location of this tornado is estimated.","Afternoon and evening thunderstorms developed along a quasi-stationary boundary across southwestern Oklahoma and western-north Texas on the 18th. A few reports of large hail and a non-mesocyclonic/landspout tornado were observed with this activity.","OKLAHOMA"
"1278567","MCLENNAN CO.","GHOLSON","06/11/2025","1856","Tornado","","EF0","0","0","7000","0","CST-6","","203196","C","309","FWD","0","0","Public","","0.08","40","2.43","W","2.36","W","GHOLSON","06/11/2025","1857","31.705","-97.261","31.7043","-97.2598","A brief tornado was caught on video west of Gholson. Local officials found damage to a  property near Mary Ware Dr and Hamilton Dr. Travel trailers and outhouse buildings were moved on the property. Part of the metal roof of a manufactured home was peeled off, and other metal roofs on small sheds were removed. Trees were damaged on the property. This tornado was rated EF-0 with maximum winds of 80 mph.","An upper level low and remnant MCVs produced several rounds of heavy rain and training storms that produced flash flooding for a few day across the region, mainly across Central Texas.","TEXAS"
"1279651","SEQUOYAH CO.","VIAN","06/06/2025","552","Tornado","","EF1","0","0","30000","0","CST-6","","203644","C","135","TSA","0","0","NWS Storm Survey","","7.6","1100","2.53","W","0.54","NW","MC KEY","06/06/2025","602","35.4966","-95.0147","35.4862","-94.8859","This tornado developed west of Vian, between I-40 and Highway 64. The tornado moved east-southeast along and just north of I-40 to the vicinity of the Vian exit on I-40. The tornado continued east-southeast down I-40, and then crossed Highway 64 near the E 1060 Road. It then turned east, moving along the E 1060 Road for about 1.6 miles before turning the northeast and dissipating near McKey Road, southwest of the community of McKey. The tornado uprooted trees, and damaged barns and homes. Based on this damage, maximum estimated wind in the tornado was 90 to 95 mph.","Strong to severe thunderstorms developed during the evening of the 5th over southeast Colorado, southwest Kansas, and the western Oklahoma Panhandle. The storms moved southeast through the early morning hours of the 6th, evolving into a well-organized squall line by the time they moved into eastern Oklahoma. The line of strong to severe thunderstorms produced several tornadoes and damaging wind across eastern Oklahoma.","OKLAHOMA"
"1279654","SEQUOYAH CO.","MC KEY","06/06/2025","604","Tornado","","EF1","0","0","0","0","CST-6","","203644","C","135","TSA","0","0","NWS Storm Survey","","3","650","0.34","NE","1.58","WNW","SALLISAW","06/06/2025","607","35.4831","-94.8753","35.4812","-94.8244","This tornado formed southwest of the community of McKey, and moved southeast initially, before turning to the northeast and dissipating northwest of Sallisaw. The tornado uprooted trees, and snapped large tree limbs along its path. Based on this damage, maximum estimated wind in the tornado was 90 to 95 mph.","Strong to severe thunderstorms developed during the evening of the 5th over southeast Colorado, southwest Kansas, and the western Oklahoma Panhandle. The storms moved southeast through the early morning hours of the 6th, evolving into a well-organized squall line by the time they moved into eastern Oklahoma. The line of strong to severe thunderstorms produced several tornadoes and damaging wind across eastern Oklahoma.","OKLAHOMA"
"1279655","SEQUOYAH CO.","SALLISAW","06/06/2025","612","Tornado","","EF1","0","0","20000","0","CST-6","","203644","C","135","TSA","0","0","NWS Storm Survey","","4","650","2.01","ENE","3.04","S","AKINS","06/06/2025","617","35.4832","-94.7681","35.476","-94.6985","This tornado formed between North Wheeler Avenue and the S 4640 Road, to the north of the E 1060 Road. The tornado traveled east-southeast , crossing the E 1060 Road near the S 4650 Road, and continued to the S 4670 Road before dissipating. It uprooted trees and damaged outbuildings. Based on this damage, maximum estimated wind in the tornado was 90 to 95 mph.","Strong to severe thunderstorms developed during the evening of the 5th over southeast Colorado, southwest Kansas, and the western Oklahoma Panhandle. The storms moved southeast through the early morning hours of the 6th, evolving into a well-organized squall line by the time they moved into eastern Oklahoma. The line of strong to severe thunderstorms produced several tornadoes and damaging wind across eastern Oklahoma.","OKLAHOMA"
"1279656","SEQUOYAH CO.","LIBERTY","06/06/2025","631","Tornado","","EF1","0","0","20000","0","CST-6","","203644","C","135","TSA","0","0","NWS Storm Survey","","3.6","900","0.38","SE","1.53","E","REMY","06/06/2025","635","35.4757","-94.5659","35.4784","-94.5028","This tornado developed in the western sections of the community of Liberty. It moved along and just south of the E 1060 Road. The tornado produced minor damage to the school roof, uprooted trees, and blew down power poles. Based on this damage, maximum estimated wind in the tornado was 85 to 90 mph.","Strong to severe thunderstorms developed during the evening of the 5th over southeast Colorado, southwest Kansas, and the western Oklahoma Panhandle. The storms moved southeast through the early morning hours of the 6th, evolving into a well-organized squall line by the time they moved into eastern Oklahoma. The line of strong to severe thunderstorms produced several tornadoes and damaging wind across eastern Oklahoma.","OKLAHOMA"
"1279665","CHEROKEE CO.","METORY","06/07/2025","413","Tornado","","EF1","0","0","10000","0","CST-6","","203646","C","21","TSA","0","0","NWS Storm Survey","","9.3","2000","0.43","ESE","3.23","N","BARBER","06/07/2025","422","35.8482","-95.0227","35.8164","-94.8625","This tornado developed near Highway 10, west of the Cherokee Nation Child Development Center, and traveled east-southeast for approximately 9 miles before dissipating just east of where the Illinois River widens into Tenkiller Lake. The tornado produced minor damage to some homes, uprooted trees, and snapped large tree limbs. Based on this damage, maximum estimated wind in the tornado was 90 to 95 mph.","Strong to severe thunderstorms developed during the evening of the 6th over southeast Colorado, southwest Kansas, and the western Oklahoma Panhandle. The storms moved southeast through the early morning hours of the 7th, evolving into a well-organized squall line by the time they moved into eastern Oklahoma. The line of strong to severe thunderstorms produced a couple tornadoes and damaging wind across eastern Oklahoma.","OKLAHOMA"
"1279674","PITTSBURG CO.","ARPELAR","06/07/2025","452","Tornado","","EF1","0","0","100000","0","CST-6","","203646","C","121","TSA","0","0","NWS Storm Survey","","8.9","2000","4.28","NE","0.9","ENE","NORTH MC ALESTER","06/07/2025","501","34.9666","-95.909","34.9549","-95.7553","A line of thunderstorms approaching McAlester rapidly organized and developed a strong push of wind as it approached Pyle Mountain. Those winds contributed to the development of a large squall line circulation (QLCS), and resulted in the development of a tornado near Pyle Mountain. The tornado traveled east-southeast, crossing the Indian Nation Turnpike, and moved into the area around the State Penitentiary. Minor damage occurred at the McAlester-Pittsburg County Emergency Operations Center. The strong push of wind, which initially contributed to the development of the tornado, strengthened further and became the dominate feature. The tornado dissipated in north McAlester after crossing north Main Street. It uprooted numerous trees, and damaged homes, buildings and businesses. Based on this damage, maximum estimated wind in the tornado was 90 to 95 mph.","Strong to severe thunderstorms developed during the evening of the 6th over southeast Colorado, southwest Kansas, and the western Oklahoma Panhandle. The storms moved southeast through the early morning hours of the 7th, evolving into a well-organized squall line by the time they moved into eastern Oklahoma. The line of strong to severe thunderstorms produced a couple tornadoes and damaging wind across eastern Oklahoma.","OKLAHOMA"
"1279679","MAYES CO.","PRYOR","06/17/2025","2336","Tornado","","EF1","0","0","300000","0","CST-6","","203655","C","97","TSA","0","0","NWS Storm Survey","","4.3","350","0.95","E","3.09","SSE","GREEN","06/17/2025","2341","36.301","-95.303","36.341","-95.253","This tornado developed on the east side of Pryor, south of Highway 20 and east of S Bailey Street. It moved northeast across Highway 20 and NE 1st Street, where a metal building structure was severely damaged, and the roof of a funeral home was damaged. Numerous trees were uprooted and snapped. The tornado continued to move northeast, crossing the W 480 and W 470 Roads, before turning more easterly. It then crossed the N 434 and N 435 Roads before dissipating. The roof of a home was damaged, several outbuildings were damaged or destroyed, and large tree limbs were snapped in the portion of the tornado north of NE 5th Street. Based on this damage, maximum estimated wind in the tornado was 100 to 105 mph.","Thunderstorms developed over north central and northwestern Oklahoma during the early evening of the 17th, near an outflow boundary from earlier thunderstorms, and north of a developing warm front that stretched across the area. The atmosphere ahead of the thunderstorms over eastern Oklahoma had become very unstable. The strong instability combined with strong wind fields and strong wind shear associated with an intense upper level disturbance moving through the region, resulted in a few supercells that evolved into a severe squall line that moved through the area during the mid to late evening of the 17th, and early morning of the 18th. Widespread damaging wind, multiple tornadoes, and large hail up to golf ball size occurred across northeastern Oklahoma as the storms moved through the area.","OKLAHOMA"
"1279680","MAYES CO.","BOATMAN","06/17/2025","2342","Tornado","","EF1","0","0","0","0","CST-6","","203655","C","97","TSA","0","0","NWS Storm Survey","","8.2","750","1.87","SSW","4.57","NNW","ROSE","06/17/2025","2352","36.244","-95.189","36.284","-95.051","This tornado began south of Boatman, west of the S 439 Road. It moved east-northeast, uprooting trees and snapping numerous large tree limbs as it crossed the S 439 and S 440 Roads, as well as the E 530 Road. It moved across Lake Hudson, and then Highway 82. The tornado moved northeast, roughly paralleling the E 523 Road, and then crossed the S 4437th Road, and the E 508 Road before dissipating. Numerous trees were snapped or uprooted in the path east of Lake Hudson. This tornado produced a tornadic debris signature from the KINX WSR-88D. Based on this damage, maximum estimated wind in the tornado was 105 to 110 mph.","Thunderstorms developed over north central and northwestern Oklahoma during the early evening of the 17th, near an outflow boundary from earlier thunderstorms, and north of a developing warm front that stretched across the area. The atmosphere ahead of the thunderstorms over eastern Oklahoma had become very unstable. The strong instability combined with strong wind fields and strong wind shear associated with an intense upper level disturbance moving through the region, resulted in a few supercells that evolved into a severe squall line that moved through the area during the mid to late evening of the 17th, and early morning of the 18th. Widespread damaging wind, multiple tornadoes, and large hail up to golf ball size occurred across northeastern Oklahoma as the storms moved through the area.","OKLAHOMA"
"1279681","CHEROKEE CO.","THOMPSON CORNER","06/17/2025","2353","Tornado","","EF1","0","0","10000","0","CST-6","","203655","C","21","TSA","0","0","NWS Storm Survey","","1.8","700","1.97","NE","2.27","NW","TAHLEQUAH ARPT","06/17/2025","2355","35.94","-95.055","35.947","-95.023","This tornado developed west of Baker Road and south of Grandview Road. It moved east-northeast, uprooting numerous trees and damaging an outbuilding. Based on this damage, maximum estimated wind in the tornado was 95 to 105 mph.","Thunderstorms developed over north central and northwestern Oklahoma during the early evening of the 17th, near an outflow boundary from earlier thunderstorms, and north of a developing warm front that stretched across the area. The atmosphere ahead of the thunderstorms over eastern Oklahoma had become very unstable. The strong instability combined with strong wind fields and strong wind shear associated with an intense upper level disturbance moving through the region, resulted in a few supercells that evolved into a severe squall line that moved through the area during the mid to late evening of the 17th, and early morning of the 18th. Widespread damaging wind, multiple tornadoes, and large hail up to golf ball size occurred across northeastern Oklahoma as the storms moved through the area.","OKLAHOMA"
"1279682","CHEROKEE CO.","TAHLEQUAH ARPT","06/17/2025","2356","Tornado","","EF1","0","0","50000","0","CST-6","","203655","C","21","TSA","0","0","NWS Storm Survey","","6.9","600","2.49","NNW","2.83","NNW","ROBBINS","06/18/2025","2","35.954","-95.015","35.936","-94.894","This tornado developed north of Burchett Road and west of Bryant Road. It moved east-southeast across the northern portion of Tahlequah, and then crossed Highway 10 and the Illinois River east of town. The tornado snapped and uprooted numerous trees along its path, some of which fell onto homes. This tornado produced a tornadic debris signature from the KINX and KSRX WSR-88Ds. Based on this damage, maximum estimated wind in the tornado was 105 to 110 mph.","Thunderstorms developed over north central and northwestern Oklahoma during the early evening of the 17th, near an outflow boundary from earlier thunderstorms, and north of a developing warm front that stretched across the area. The atmosphere ahead of the thunderstorms over eastern Oklahoma had become very unstable. The strong instability combined with strong wind fields and strong wind shear associated with an intense upper level disturbance moving through the region, resulted in a few supercells that evolved into a severe squall line that moved through the area during the mid to late evening of the 17th, and early morning of the 18th. Widespread damaging wind, multiple tornadoes, and large hail up to golf ball size occurred across northeastern Oklahoma as the storms moved through the area.","OKLAHOMA"
"1279685","DELAWARE CO.","TOPSY","06/17/2025","2359","Tornado","","EF1","0","0","20000","0","CST-6","","203655","C","41","TSA","0","0","NWS Storm Survey","","3.7","700","1.26","NW","3.4","NE","TOPSY","06/18/2025","4","36.461","-94.988","36.488","-94.931","This tornado developed within a squall line to the northwest of Eucha, and moved northeast for nearly 4 miles. The tornado was embedded in a precipitation core within the line. Many trees were uprooted or snapped along the path. Three power poles were damage when trees fell on the associated lines. A few homes received minor damage, mostly from falling trees, and a poultry house was overturned. Based on this damage, maximum estimated wind in the tornado was 90 to 100 mph.","Thunderstorms developed over north central and northwestern Oklahoma during the early evening of the 17th, near an outflow boundary from earlier thunderstorms, and north of a developing warm front that stretched across the area. The atmosphere ahead of the thunderstorms over eastern Oklahoma had become very unstable. The strong instability combined with strong wind fields and strong wind shear associated with an intense upper level disturbance moving through the region, resulted in a few supercells that evolved into a severe squall line that moved through the area during the mid to late evening of the 17th, and early morning of the 18th. Widespread damaging wind, multiple tornadoes, and large hail up to golf ball size occurred across northeastern Oklahoma as the storms moved through the area.","OKLAHOMA"
"1279689","CHEROKEE CO.","ROBBINS","06/18/2025","4","Tornado","","EF1","0","0","50000","0","CST-6","","203655","C","21","TSA","0","0","NWS Storm Survey","","5.4","1000","3.03","NNW","1.87","E","ELDON","06/18/2025","10","35.941","-94.889","35.926","-94.797","This is the first segment of a two segment tornado. The tornado developed north of Highway 62 and west of the 742 Road. It moved east through the 580 Road, and then turned more southeast, crossing Highway 62, and then moved into Adair County. The tornado uprooted and snapped numerous trees, some of the trees fell onto homes. Based on this damage, maximum estimated wind in this segment of the tornado was 95 to 105 mph.","Thunderstorms developed over north central and northwestern Oklahoma during the early evening of the 17th, near an outflow boundary from earlier thunderstorms, and north of a developing warm front that stretched across the area. The atmosphere ahead of the thunderstorms over eastern Oklahoma had become very unstable. The strong instability combined with strong wind fields and strong wind shear associated with an intense upper level disturbance moving through the region, resulted in a few supercells that evolved into a severe squall line that moved through the area during the mid to late evening of the 17th, and early morning of the 18th. Widespread damaging wind, multiple tornadoes, and large hail up to golf ball size occurred across northeastern Oklahoma as the storms moved through the area.","OKLAHOMA"
"1279691","ADAIR CO.","TITANIC","06/18/2025","10","Tornado","","EF1","0","0","0","0","CST-6","","203655","C","1","TSA","0","0","NWS Storm Survey","","2.3","650","2.03","NNW","1.85","NE","TITANIC","06/18/2025","12","35.926","-94.797","35.92","-94.758","This is the second segment of a two segment tornado. The tornado moved into Adair County near the 754 Road, moved southeast and then turned to the east, before crossing the 4630 Road and dissipating. The tornado uprooted numerous trees. Based on this damage, maximum estimated wind in this segment of the tornado was 90 to 100 mph.","Thunderstorms developed over north central and northwestern Oklahoma during the early evening of the 17th, near an outflow boundary from earlier thunderstorms, and north of a developing warm front that stretched across the area. The atmosphere ahead of the thunderstorms over eastern Oklahoma had become very unstable. The strong instability combined with strong wind fields and strong wind shear associated with an intense upper level disturbance moving through the region, resulted in a few supercells that evolved into a severe squall line that moved through the area during the mid to late evening of the 17th, and early morning of the 18th. Widespread damaging wind, multiple tornadoes, and large hail up to golf ball size occurred across northeastern Oklahoma as the storms moved through the area.","OKLAHOMA"
"1279694","ADAIR CO.","CHRISTIE","06/18/2025","14","Tornado","","EF1","0","0","100000","0","CST-6","","203655","C","1","TSA","0","0","NWS Storm Survey","","8.8","750","2.81","SW","2.74","ENE","BARON","06/18/2025","24","35.918","-94.731","35.939","-94.577","This tornado developed just west of the 4648 Road and north of the 770 Road. It moved east across Scraper Hollow, and then east-northeast across England Hollow Road and Highway 59, dissipating east of the 4727 Road. The tornado uprooted numerous trees, and destroyed an outbuilding. Based on this damage, maximum estimated wind in the tornado was 90 to 100 mph.","Thunderstorms developed over north central and northwestern Oklahoma during the early evening of the 17th, near an outflow boundary from earlier thunderstorms, and north of a developing warm front that stretched across the area. The atmosphere ahead of the thunderstorms over eastern Oklahoma had become very unstable. The strong instability combined with strong wind fields and strong wind shear associated with an intense upper level disturbance moving through the region, resulted in a few supercells that evolved into a severe squall line that moved through the area during the mid to late evening of the 17th, and early morning of the 18th. Widespread damaging wind, multiple tornadoes, and large hail up to golf ball size occurred across northeastern Oklahoma as the storms moved through the area.","OKLAHOMA"
"1280025","MAYES CO.","MURPHY","06/06/2025","456","Tornado","","EF1","0","0","75000","0","CST-6","","203644","C","97","TSA","0","0","Emergency Manager","","3.4","300","5.96","SE","7.81","SSE","LOCUST GROVE","06/06/2025","500","36.0861","-95.1784","36.095","-95.118","This is the first segment of a two segment tornado. The tornado developed near the intersection of the E640 Road and the N440 Road. It moved east-northeast destroying a large barn, uprooting numerous trees, and snapping numerous tree limbs, crossing into Cherokee County near the E635 Road. Based on this damage, maximum estimated wind in this segment of the tornado was 90 to 100 mph.","Strong to severe thunderstorms developed during the evening of the 5th over southeast Colorado, southwest Kansas, and the western Oklahoma Panhandle. The storms moved southeast through the early morning hours of the 6th, evolving into a well-organized squall line by the time they moved into eastern Oklahoma. The line of strong to severe thunderstorms produced several tornadoes and damaging wind across eastern Oklahoma.","OKLAHOMA"
"1280027","CHEROKEE CO.","PEGGS","06/06/2025","500","Tornado","","EF1","0","0","0","0","CST-6","","203644","C","21","TSA","0","0","Emergency Manager","","1.4","300","1.44","NW","1.32","NNE","PEGGS","06/06/2025","502","36.095","-95.118","36.0984","-95.0934","This is the second segment of a two segment tornado. The tornado moved into Cherokee County near the E635 Road, and moved east-northeast crossing Highway 82 and the N440 Road before dissipating. The tornado uprooted trees and snapped numerous large tree limbs. Based on this damage, maximum estimated wind in the tornado was 90 to 100 mph.","Strong to severe thunderstorms developed during the evening of the 5th over southeast Colorado, southwest Kansas, and the western Oklahoma Panhandle. The storms moved southeast through the early morning hours of the 6th, evolving into a well-organized squall line by the time they moved into eastern Oklahoma. The line of strong to severe thunderstorms produced several tornadoes and damaging wind across eastern Oklahoma.","OKLAHOMA"
"1280063","MCINTOSH CO.","ONAPA","06/06/2025","522","Tornado","","EF1","0","0","0","0","CST-6","","203644","C","91","TSA","0","0","Emergency Manager","","5.6","300","2.12","SSE","1.19","S","TEXANNA","06/06/2025","529","35.3725","-95.5333","35.3331","-95.446","This tornado developed north of Texanna Road and E of the S 4200 Road, and moved southeast uprooting trees and snapping large tree limbs until it dissipated after crossing the E 1160 Road. Based on this damage, maximum estimated wind in the tornado was 90 to 100 mph.","Strong to severe thunderstorms developed during the evening of the 5th over southeast Colorado, southwest Kansas, and the western Oklahoma Panhandle. The storms moved southeast through the early morning hours of the 6th, evolving into a well-organized squall line by the time they moved into eastern Oklahoma. The line of strong to severe thunderstorms produced several tornadoes and damaging wind across eastern Oklahoma.","OKLAHOMA"
"1287763","GARFIELD CO.","(END)VANCE AFB ENID","07/12/2025","1213","Tornado","","EF0","0","0","0","0","CST-6","","203955","C","47","OUN","0","0","Public","","0.2","20","2.67","ESE","2.67","ESE","(END)VANCE AFB ENID","07/12/2025","1213","36.332","-97.873","36.332","-97.873","A weak tornado was observed and recorded just south of Enid. No damage was reported and the location of the tornado is estimated.","A weak and slow-moving upper trough translated across the WFO Norman Forecast Area on the 12th. A low-level airmass characterized by high humidity and modest buoyancy led to thunderstorms with heavy rainfall. Flooding occurred during the afternoon hours across the western and northern portions of the OKC Metropolitan Area. A pair of weak tornadoes were also observed across north-central Oklahoma given very low cloud bases and localized pockets of sufficient low-level instability/vorticity.","OKLAHOMA"
"1287764","OKLAHOMA CO.","EDMOND","07/12/2025","1330","Tornado","","EF0","0","0","0","0","CST-6","","203955","C","109","OUN","0","0","Public","","0.1","10","0.67","E","0.67","E","EDMOND","07/12/2025","1330","35.65","-97.468","35.65","-97.468","A weak tornado was observed and recorded by citizens in the Edmond area. No damage was reported. Triangulating videos taken from near E 15th and Littler Avenue facing northeast, and from just north of Kelley Blvd and Edmond Road facing east-southeast, the tornado is estimated to have occurred northeast of E 9th Street and Rankin Street.","A weak and slow-moving upper trough translated across the WFO Norman Forecast Area on the 12th. A low-level airmass characterized by high humidity and modest buoyancy led to thunderstorms with heavy rainfall. Flooding occurred during the afternoon hours across the western and northern portions of the OKC Metropolitan Area. A pair of weak tornadoes were also observed across north-central Oklahoma given very low cloud bases and localized pockets of sufficient low-level instability/vorticity.","OKLAHOMA"
"1290866","VAL VERDE CO.","AMISTAD RES EAST","08/19/2025","1415","Tornado","","EFU","0","0","0","0","CST-6","","206832","C","465","EWX","0","0","Public","","0.01","1","7.22","E","7.22","E","AMISTAD RES EAST","08/19/2025","1420","29.5","-100.88","29.5","-100.88","Video confirmed a landspout formed under a developing shower close to the east end of  Amistad Reservoir, north of Loop 79. The landspout appears to have remained over open  country with no damage reported. With no apparent damage, we could not determine a path length or width.","A retreating mid to upper-level high allowed convection to develop with strong daytime heating in a moist airmass. Some of these storms produced damaging wind gusts and one tornado.","TEXAS"
"1292173","DENTON CO.","NAVO","08/28/2025","1525","Tornado","","EFU","0","0","0","0","CST-6","","206807","C","121","FWD","0","0","Public","","0.01","20","2.41","WNW","2.41","WNW","NAVO","08/28/2025","1525","33.23","-96.97","33.23","-96.97","Several photos and videos on social media of a brief landspout in the Providence Village and Little Elm area.","A slow-moving summer frontal system, in conjunction with occasional disturbances embedded within the northwest flow aloft, generated multiple rounds of thunderstorms both preceding and during the Labor Day weekend. The predominant hazard observed was flash flooding, attributed to the substantial rainfall produced by some of these storms.","TEXAS"
"1293813","GRIMES CO.","ANDERSON","10/25/2025","130","Tornado","","EF0","0","0","0","0","CST-6","","207125","C","185","HGX","0","0","Emergency Manager","","9.9","100","1.38","S","0.6","E","RICHARDS","10/25/2025","138","30.46","-95.98","30.53","-95.84","EF-0 tornado touched down south of Anderson producing tree and structural damage starting from CR406 traveling along Holland Creek toward FM 2819, CR 222, FM 2562, FM 1486, and CR232B. One home had all windows broken and a French door sucked out of the back of the home. Another home suffered extensive roof damage. Metal roofing was found twisted around a tree nearby. It was here at the beginning of the storm path where peak winds were estimated at 79 mph.","Two lines of storms move through Southeast Texas. One during the early morning hours of the 25th, then another late in the night into the early morning of the 26th.","TEXAS"
"1294208","CANADIAN CO.","MUSTANG","06/03/2025","1535","Tornado","","EF0","0","0","3000","0","CST-6","","202672","C","17","OUN","0","0","Emergency Manager","","0.62","20","1.92","W","1.57","WNW","MUSTANG","06/03/2025","1536","35.3949","-97.7535","35.4003","-97.7448","A narrow swath of tree and fence damage was observed through a neighborhood in Mustang from about 0.4 miles northeast of State Highway 152 and Clear Springs Road to 0.4 miles south-southwest of SW 59th Street and Czech Hall Road.","Widespread severe thunderstorms, organized along a passing cold front, impacted much of Oklahoma and western-north Texas on the afternoon and evening of the 3rd. In addition to reports and observations of thunderstorm wind damage and large hail, six tornadoes occurred across the WFO Norman Forecast Area. Flash flooding also occurred during the evening hours across southeastern Oklahoma due to repeated rounds of heavy thunderstorms.","OKLAHOMA"
"1294209","COTTON CO.","RANDLETT","08/28/2025","1510","Tornado","","EF0","0","0","0","0","CST-6","","207494","C","33","OUN","0","0","Amateur Radio","","0.1","10","2","SW","2","SW","RANDLETT","08/28/2025","1510","34.1595","-98.4847","34.1595","-98.4847","Spotters with Wichita County (TX) Skywarn forwarded photographs taken of a landspout tornado that occurred during the afternoon. One photograph was taken looking northeast from Burkburnett Texas, and another from Cotton County Oklahoma. The specific time and location of this landspout could not determined, but it is believed to have occurred at approximately 4:10 PM CDT to the southwest of Randlett.","Showers and thunderstorms developed in southwest Oklahoma and north Texas on the 28th. A landspout tornado was observed in southwest Oklahoma, but otherwise no severe weather is known to have occurred.","OKLAHOMA"
"1294927","SMITH CO.","LINDALE","10/28/2025","1312","Tornado","","EF1","0","0","125000","0","CST-6","","207598","C","423","SHV","0","0","NWS Storm Survey","","4.41","137","2.89","N","4.06","WNW","RED SPGS","10/28/2025","1327","32.5612","-95.4081","32.556","-95.3326","An EF-1 tornado with estimated maximum winds near 100 mph touched down from a weak, shallow supercell northeast of Lindale. The tornado first touched down along CR 4114 northeast of Macs Creek Lake, snapping large tree limbs. It moved east, crossing FM 1804 (Hoard Road) where it caused significant loss of shingles from a single family residence. The tornado then moved east-southeast through a wooded area and snapped more large tree limbs as it crossed CR 452. Here, a doublewide manufactured home also sustained some minor roof damage. The tornado then intensified with the damage more concentrated as it crossed CR 4129 and CR 4106, where several trees were snapped and uprooted in this area. At the intersection of CR 4106 and CR 4128, a single family residence suffered significant loss of shingles and the collapse of a brick facade on the east side of the home. However, the wooden walls and frame remained solidly standing. Just south of the intersection of CR 4126 and CR 4128, numerous pine trees were snapped, and a couple of large hardwood trees were uprooted. One house on the farm sustained major damage to its roof, with a nearby outbuilding losing most of its metal roof panels, and those that remained attached to the wooden frame showed significant twisting. The family on the farm told the survey team that they witnessed one of their flatbed trailers being lofted into the air above treetop level when the tornado struck. The tornado then turned southeast and removed half the roof from a wood-and-metal home. A couple of hardwood trees were also uprooted on this property. The tornado continued southeast, snapping a couple more pine trees, and caused some minor shingle damage to a single family home along CR 4104 before lifting.","A large upper level trough dropped southeast across the Plains and into the Four State Region during the afternoon and evening hours of October 28th, reinforcing a strong cold front southeast into Northeast Texas, Southwest Arkansas, and North Louisiana during the evening and overnight hours. A very warm, moist, and unstable air mass developed ahead of the front during the afternoon, within a zone of strong wind shear ahead of the approaching trough. Strong forcing ahead of the trough and along a warm front contributed to the development of scattered severe thunderstorms across portions of East Texas and North Louisiana along and south of the I-20 corridor. Two isolated tornadoes briefly touched down across Northern Smith County near Lindale and along the Gregg/Rusk County line in the city of Kilgore, with additional instances of damaging winds observed as well before the storms shifted into Northwest Louisiana.","TEXAS"
"1294930","GREGG CO.","KILGORE","10/28/2025","1422","Tornado","","EF1","0","0","115000","0","CST-6","","207598","C","183","SHV","0","0","NWS Storm Survey","","2.2","169","2.08","WSW","0.69","SSE","KILGORE","10/28/2025","1428","32.3735","-94.9148","32.3703","-94.8773","An EF-1 tornado with estimated maximum winds near 94 mph touched down along CR 1122 in Southern Gregg County, just east of FM 2012 west of Kilgore, where a few trees were snapped and uprooted. A doublewide manufactured home lost most of its metal skirting and sustained the loss of about half of its roof and porch covering. The tornado continued east and caused significant roof damage to a second doublewide manufactured home. As the tornado entered the city of Kilgore, two businesses along Industrial Blvd lost most of their roofs. The tornado then tracked across Commerce Street at the Harris Street Park, where multiple trees were snapped and uprooted, and dugouts were damaged at Driller Park. The tornado then took a slight southeast turn, crossing into Northern Rusk County.","A large upper level trough dropped southeast across the Plains and into the Four State Region during the afternoon and evening hours of October 28th, reinforcing a strong cold front southeast into Northeast Texas, Southwest Arkansas, and North Louisiana during the evening and overnight hours. A very warm, moist, and unstable air mass developed ahead of the front during the afternoon, within a zone of strong wind shear ahead of the approaching trough. Strong forcing ahead of the trough and along a warm front contributed to the development of scattered severe thunderstorms across portions of East Texas and North Louisiana along and south of the I-20 corridor. Two isolated tornadoes briefly touched down across Northern Smith County near Lindale and along the Gregg/Rusk County line in the city of Kilgore, with additional instances of damaging winds observed as well before the storms shifted into Northwest Louisiana.","TEXAS"
"1294931","RUSK CO.","KILGORE","10/28/2025","1428","Tornado","","EF1","0","0","25000","0","CST-6","","207598","C","401","SHV","0","0","NWS Storm Survey","","0.33","169","0.69","SSE","0.84","SE","KILGORE","10/28/2025","1429","32.3703","-94.8773","32.3702","-94.8716","The is a continuation of the Southern Gregg County EF-1 tornado. This tornado remained EF-1 in strength with estimated maximum winds near 94 mph as it exited Harris Street Park in Kilgore, and entered a residential area when it crossed Florence and Monroe Streets. Most of the damage in this area consisted of snapped and uprooted trees which damaged a few homes. Other homes sustained minor shingle loss. The tornado generally followed Monroe Street while crossing Martin, South, and Simmons Streets before lifting near the intersection of Hunter Street and Broadway Blvd.","A large upper level trough dropped southeast across the Plains and into the Four State Region during the afternoon and evening hours of October 28th, reinforcing a strong cold front southeast into Northeast Texas, Southwest Arkansas, and North Louisiana during the evening and overnight hours. A very warm, moist, and unstable air mass developed ahead of the front during the afternoon, within a zone of strong wind shear ahead of the approaching trough. Strong forcing ahead of the trough and along a warm front contributed to the development of scattered severe thunderstorms across portions of East Texas and North Louisiana along and south of the I-20 corridor. Two isolated tornadoes briefly touched down across Northern Smith County near Lindale and along the Gregg/Rusk County line in the city of Kilgore, with additional instances of damaging winds observed as well before the storms shifted into Northwest Louisiana.","TEXAS"
"1295149","TULSA CO.","ALSUMA","11/20/2025","1559","Tornado","","EF0","0","0","0","0","CST-6","","207722","C","143","TSA","0","0","Storm Chaser","","0.4","40","1.99","E","1.76","SSW","TULSA YOUNG ARPT","11/20/2025","1600","36.1027","-95.8346","36.1053","-95.8282","A storm chaser observed a brief tornado that snapped small tree limbs. Based on this damage, maximum estimated wind in the tornado was 50 to 60 mph.","Showers and a few thunderstorms developed across northeastern Oklahoma during the afternoon of the 20th, as a strong upper level storm system translated across the region. Strong wind shear was present across the area due to the approach of this storm system, which resulted in some thunderstorm rotation. One of the thunderstorms produced a weak, brief tornado in Tulsa County.","OKLAHOMA"
"1295688","HARPER CO.","ROSSTON","09/08/2025","1657","Tornado","","EFU","0","0","0","0","CST-6","","206642","C","59","OUN","0","0","Trained Spotter","","0.1","20","8.76","NNE","8.76","NNE","ROSSTON","09/08/2025","1657","36.928","-99.872","36.928","-99.872","A spotter reported a brief tornado touchdown in northern Harper County. No damage was reported and the location is estimated.","On the 8th, modest northwesterly flow aloft, including an embedded upper-level impulse, was present across the Southern Plains. This enhanced flow and lift contributed to scattered supercell thunderstorms from southern Kansas into portions of northern Oklahoma and the adjacent northeast Texas Panhandle. In addition to reports of large hail and isolated wind damage, a well-documented tornado occurred in northern Harper County, north of the community of Buffalo, Oklahoma.","OKLAHOMA"
"1295738","OCHILTREE CO.","PERRYTON","09/08/2025","1805","Tornado","","EFU","0","0","0","0","CST-6","","207119","C","357","AMA","0","0","Social Media","","0.09","25","2.2","SSW","2.25","SSW","PERRYTON","09/08/2025","1806","36.3706","-100.8153","36.3696","-100.8144","This tornado was video documented by local residents. It occurred in the location south of Loop 143 and north of County Road L, between County Road 15 and US Highway 83. It was on the ground briefly with no known damage associated with it.","Multiple supercell thunderstorms formed across the eastern Texas and Oklahoma Panhandles during the evening hours of September 8th. The overall environment was highly conducive for severe storm development, with hail as large as 3 to 3.5 inches in diameter being measured across portions of the eastern Panhandles. Due to the low level winds increasing after sunset, this allowed storms to have low level rotation which led to an increased threat for tornadoes throughout the rest of the evening. The severe thunderstorms tracked south across the eastern Texas Panhandle and Beaver county in the Oklahoma Panhandle and produced large to destructive hail and at least one known tornado. These storms were slow moving and also produced heavy rainfall that likely led to flash flooding, especially southeast of Perryton where multiple storms formed and tracked over the same location. Thunderstorm intensity diminished after midnight across the eastern Panhandles.","TEXAS"
"1296584","HARRIS CO.","CYPRESS","11/24/2025","1323","Tornado","","EF1","0","0","0","0","CST-6","","208042","C","201","HGX","0","0","NWS Storm Survey","","2.61","500","3.55","S","1.99","SE","CYPRESS","11/24/2025","1328","29.919","-95.693","29.952","-95.674","NWS storm survey teams investigated an areas of damage across the Riata Ranch area in northwest Harris County after a tornadic storm moved through the area. Survey teams concluded that the tornado initially formed just south of Tuckerton Rd and a tad west of Towne Lake Pkwy. It then proceeded north into nearby neighborhoods. Majority of the damage found was EF-0, but a section of EF-1 damage was found along Lake Riata Ln and Barker Grove Ln. High end EF-1 Damage was found with a small portion of plywood decking removed from a roof in this same area. This was the strongest damage indicator (FR12 DOD2) with max winds for the tornado estimated at 105 mph. Survey teams concluded that the tornado weakened afterwards as it moved northeast, then dissipated south of US-290, which matches a public report of a funnel cloud at US-290 during the event.","Storms produced tornadoes over the Houston area. Media reported that nearly 100 homes were damaged in the Houston area in the aftermath of these tornadoes.","TEXAS"
"1296585","HARRIS CO.","ORR","11/24/2025","1341","Tornado","","EF2","0","0","0","0","CST-6","","208042","C","201","HGX","0","0","NWS Storm Survey","","3.83","400","2.25","SE","1.48","SE","HOUSTON HOOKS ARPT","11/24/2025","1348","30.003","-95.559","30.053","-95.535","Tornado formed just north of Louetta Rd near the intersection with Old Louetta Rd. It moved northeasterly through the Colony Creek Village, Memorial Northwest, Memorial Creek, and Willowick Forecast subdivisions, then dissipating in an open field north of Spring Cypress Rd in Klein. The majority of the damage found correlated to EF-0 and EF-1 damage, but a few locations of EF-2 damage (FR12 DOD 2) was found between Champion Forest Dr and Stuebner Airline Rd where large sections of missing roof decking were found on homes.","Storms produced tornadoes over the Houston area. Media reported that nearly 100 homes were damaged in the Houston area in the aftermath of these tornadoes.","TEXAS"
"1297320","KENDALL CO.","KENDALIA","10/24/2025","2235","Tornado","","EF0","0","0","0","0","CST-6","","208139","C","259","EWX","0","0","NWS Storm Survey","","9.76","300","4.31","SW","6.64","ESE","KENDALIA","10/24/2025","2245","29.9329","-98.5778","29.939","-98.415","A tornado touched down in Kendall County approximately four miles southwest of Kendalia traveled 9.8 miles to the east crossed into Blanco County approximately a quarter of a mile west-northwest of the intersection of Hwy 281 and FM 306 continued east a quarter of a mile to the Comal County line a tenth of mile northwest of the Hwy 281/FM 306 intersection and continued another 10.2 miles east before dissipating after crossing FM 306 near Hancock Rd. As the tornado moved through rural Kendall County it produced sporadic tree damage estimated at EF-0 (65-80 mph). In Comal County it produced EF-1 damage. The path width was 300 yards.","An upper-level shortwave trough and Pacific cold front moved into an unusually moist airmass over South-Central Texas. These features combined to generate thunderstorms some of which produced a tornado, damaging wind gusts, and large hail.","TEXAS"
"1297321","BLANCO CO.","TWIN SISTERS","10/24/2025","2245","Tornado","","EFU","0","0","0","0","CST-6","","208139","C","31","EWX","0","0","NWS Storm Survey","","0.18","300","4.31","SSW","4.28","S","TWIN SISTERS","10/24/2025","2246","29.939","-98.415","29.939","-98.412","A tornado touched down in Kendall County approximately four miles southwest of Kendalia traveled 9.8 miles to the east crossed into Blanco County approximately a quarter of a mile west-northwest of the intersection of Hwy 281 and FM 306 continued east a quarter of a mile to the Comal County line a tenth of mile northwest of the Hwy 281/FM 306 intersection and continued another 10.2 miles east before dissipating after crossing FM 306 near Hancock Rd. No damage was found over its short path through Blanco County. Damage ratings were EF-0 in Kendall County and EF-1 in Comal. The path width was 300 yards.","An upper-level shortwave trough and Pacific cold front moved into an unusually moist airmass over South-Central Texas. These features combined to generate thunderstorms some of which produced a tornado, damaging wind gusts, and large hail.","TEXAS"
"1297322","COMAL CO.","SPRING BRANCH","10/24/2025","2246","Tornado","","EF1","0","0","0","0","CST-6","","208139","C","91","EWX","0","0","NWS Storm Survey","","10.11","300","4.82","N","2.31","N","CANYON RES","10/24/2025","2258","29.939","-98.412","29.9329","-98.2433","A tornado touched down in Kendall County approximately four miles southwest of Kendalia traveled 9.8 miles to the east crossed into Blanco County approximately a quarter of a mile west-northwest of the intersection of Hwy 281 and FM 306 continued east a quarter of a mile to the Comal County line a tenth of mile northwest of the Hwy 281/FM 306 intersection and continued another 10.2 miles east before dissipating after crossing FM 306 near Hancock Rd. Shortly after entering Comal County, it crossed the intersection of Hwy 281 and FM 306 and knocked down five electrical poles and one light pole near a gas station at the intersection. This damage was rated EF-1 (wind speed up to 110 mph). The tornado continued east-southeastward into portions of the Indian Hill subdivision causing sporadic tree, fence, and shingle damage and then east, paralleling FM 306. The tornado crossed Tanglewood Trail, impacting several blocks with concentrated tree damage and shingle damage. Damage through this area was estimated at EF-1 (90 mph). The tornado continued east, through northern areas of Mystic Shores, weakening and producing sporadic tree damage. Farther east, the tornado crossed FM 306 near Hancock Rd. and dissipated shortly thereafter. In Kendall County it produced EF-0 damage. The path width was 300 yards.","An upper-level shortwave trough and Pacific cold front moved into an unusually moist airmass over South-Central Texas. These features combined to generate thunderstorms some of which produced a tornado, damaging wind gusts, and large hail.","TEXAS"
"1298083","CAMERON CO.","PORT ISABEL","10/27/2025","51","Tornado","","EFU","0","0","0","0","CST-6","","208276","C","61","BRO","0","0","Coast Guard","","0.01","10","2.48","E","2.48","E","PORT ISABEL","10/27/2025","51","26.07","-97.16","26.07","-97.16","A short-lived landspout/waterspout nudged over the sand flats about 200 yards southeast of the U.S. Coast Guard station, and ripped apart a small building housing a generator near the aerostat dirigible located there. An instantaneous 20-foot wind gusts of 47 mph was reported at that site, which was less than 100 feet from the damaged structure. A wind gusts of 33.82 knots was recorded at the nearby Brazos Santiago platform, 0.5 miles to the east. Confirmation of the landspout/waterspout was provided by night camera video.","A short-lived waterspout/landspout was reported near the U.S. Coast Guard Station in South Padre Island. This waterspout/landspout caused some minor damage to a small building.","TEXAS"
"1298813","CHEROKEE CO.","TUCULA","11/20/2025","2104","Tornado","","EF1","0","0","200000","0","CST-6","","208404","C","73","SHV","0","0","NWS Storm Survey","","0.7","120","1.63","SSW","1.06","S","TUCULA","11/20/2025","2107","31.9978","-95.2293","32.0047","-95.2205","An EF-1 tornado with estimated maximum winds near 100 mph touched down just east of Highway 135 three miles northeast of Downtown Jacksonville, and three miles southwest of the Tecula community near its intersection with County Road 4212. Here, the tornado was at its strongest, where it destroyed a large barn next to a residential home. Metal roofing was thrown several hundred yards to the northeast while also puncturing a large tree trunk, and nearby trees were snapped and power lines were downed. Along County Road 4212, a carport was thrown on top of a garage and a neighboring manufactured home had its back porch blown off and thrown into the yard. Farther east along County Road 4212, numerous trees were uprooted and large branches were snapped. As County Road 4212 merged into County Road 4213, another barn was destroyed, and the roof of a carport was blown onto the driveway of a residence. Further north along County Road 4213, multiple large trees were uprooted and large branches were snapped. A nearby manufactured home also displayed significant roof damage, before the tornado lifted within a field near the railroad tracks that run north back to Highway 135.","Multiple bands of thunderstorms, mostly as multicellular clusters, developed during the late afternoon on November 20th over Central and east-Central Texas, before moving into East Texas, Southwest Arkansas, and Western and Northern Louisiana during the evening and overnight hours. Shear profiles were quite strong with 60 kts of bulk shear, 0-3 km SRH 200 m2/s2 and 0-1 km SRH 300 m2/s2 along with Sig Tor values of 1 were in place across East Texas. Several clusters developed bowing features, with one cluster in particular in Northern Cherokee County becoming severe and eventually developed rotation. This storm spawned a brief EF-1 tornado just northeast of Jacksonville  which damaged/destroyed multiple barns, and damaged several homes.","TEXAS"
"1299084","ALFALFA CO.","LAMBERT","11/24/2025","1445","Tornado","","EF0","0","0","0","0","CST-6","","208170","C","3","OUN","0","0","Public","","0.1","20","5","WSW","5","WSW","LAMBERT","11/24/2025","1445","36.6523","-98.5034","36.6523","-98.5034","A small tornado was observed and photographed near Carmen. No damage was reported, and the tornado was estimated to have occurred approximately 5 miles west-southwest of Lambert.","Solar insolation near and beneath a strong surface low led to the development of scattered shallow convection across northern Oklahoma on the afternoon of the 24th. A brief tornado was documented with one of these thunderstorms in Alfalfa County, Oklahoma.","OKLAHOMA"
"1299990","OSAGE CO.","WYNONA","01/08/2026","841","Tornado","","EF1","0","0","200000","0","CST-6","","208639","C","113","TSA","0","0","NWS Storm Survey","","0.8","100","0.85","SSE","0.7","ESE","WYNONA","01/08/2026","842","36.538","-96.327","36.547","-96.318","A tornado damaged the roofs of several homes, destroyed a large outbuilding, snapped power poles, and blew down trees. Based on this damage, maximum estimated wind in the tornado was 90 to 100 mph.","A strong upper level disturbance and associated cold front translated into the Southern Plains on the 8th. An unseasonably warm and moist air mass had spread into eastern Oklahoma ahead of this system, which resulted in weak instability across the area. A line of thunderstorms developed into eastern Oklahoma from the west during the morning hours of the 8th. Strong wind fields and wind shear associated with the approaching upper level system, combined with the weak instability, supported an environment in which the stronger thunderstorms within the squall line were able to develop low level circulations. One such circulation resulted in a brief, weak tornado and wind gusts to 88 mph in Osage County.","OKLAHOMA"
"1309165","LIBERTY CO.","KEVIN","02/03/2026","1524","Tornado","","EF0","0","0","6000","0","CST-6","","209909","C","291","HGX","0","0","NWS Storm Survey","","0.28","65","2.04","SE","2.21","ESE","KEVIN","02/03/2026","1525","30.2531","-95.1021","30.2541","-95.098","Storms moved through Liberty county on February 3rd, where a tornado warned storm passed through the Plum Grove area. Initially broadcast media reported trees down near intersection of County Road 3709 and County Road 3732. In the aftermath of this storm, a survey team was dispatched to assess the damage across the area.||The survey team found that this storm produced two tornadoes, this being the first. According to the survey team, the tornado appeared to initially touched down within a wooded area between CR 3708 and CR 3709, then turned eastward along CR 3709 for a short distance before lifting up shortly before River Ln. A drone was used to assess an areal view of the damage, though the survey team noted that they did not see any damage in the deeply wooded area along the East Fork of the San Jacinto River. Therefore, the survey team concluded that the first tornado ended just before the River Ln and CR 3709 intersection. The majority of the damage seen was broken trunks and branches of pine trees and fences down. Power lines were also reported blown down, but the power line poles remained upright. This tornado was rated as an EF0 with a maximum estimated wind speed of 80 mph. This maximum wind speed was based on Softwood Trees (TS) with a DOD of 2. Survey teams noted that the trees in question had reported beetle damage.","On the third of February, a tornado formed in Plum Grove area in Liberty county.","TEXAS"
"1309177","LIBERTY CO.","KEVIN","02/03/2026","1527","Tornado","","EF0","0","0","23000","0","CST-6","","209909","C","291","HGX","0","0","NWS Storm Survey","","1.76","120","2.8","ESE","4.03","N","PLUM GROVE","02/03/2026","1533","30.2547","-95.0866","30.2575","-95.0584","Storms moved through Liberty county on February 3rd, where a tornado warned storm passed through the Plum Grove area. Initially broadcast media reported trees down near intersection of County Road 3709 and County Road 3732. In the aftermath of this storm, a survey team was dispatched to assess the damage across the area.||The survey team found that this storm produced two tornadoes, this being the second. This second tornado started along FM 1010 and Wooden Ln, indicated by an uprooted tree and broken wood signage. The tornado entered a largely empty field between FM 1010 and CR 3405, but still saw some tree damage. The tornado then entered the Bella Vista subdivision, causing tree damage, fence damage, and metal structure damage between CR 3405 and CR 3404. No further damage was seen beyond the intersection of CR 3404 and CR 3410. This tornado was rated as an EF0. The most significant damage occurred at a metal structure off of FM 1010 with estimated peak winds of 85 mph. This assessment is based on a metal building system (MBS) with a DOD of 3.","On the third of February, a tornado formed in Plum Grove area in Liberty county.","TEXAS"
"1311609","MCCLAIN CO.","PURCELL","01/08/2026","724","Tornado","","EF2","0","0","400000","0","CST-6","","209155","C","87","OUN","0","0","NWS Storm Survey","","6.5","150","5.09","SW","1.38","NE","PURCELL","01/08/2026","731","34.967","-97.443","35.025","-97.354","This tornado developed near 180th Street and Ladd Road southwest of Purcell and moved northeast. One home about 3 miles southwest of Purcell had the roof removed. A semi on Interstate 35 just west of Purcell was pushed over injuring one person. The tornado then moved through Purcell causing roof damage to a few homes and damaging utility poles and trees. Moving out of the northeast side of Purcell, the tornado crossed the Canadian River into Cleveland County.","A fast-moving quasi-linear convective system (QLCS) swept across portions of central, southern and eastern Oklahoma on the morning of the 8th. This convective system was tied to the passage of a compact upper wave across the region, resulting in very strong wind fields within a weakly unstable boundary layer. In addition to sporadic pockets of thunderstorm wind damage, and generally sub-severe hail, a few tornadoes occurred in a corridor from near Purcell, OK to Shawnee, OK.","OKLAHOMA"
"1311610","CLEVELAND CO.","LEXINGTON","01/08/2026","731","Tornado","","EF0","0","0","10000","0","CST-6","","209155","C","27","OUN","0","0","NWS Storm Survey","","2.9","150","1.3","NW","3.04","NNE","LEXINGTON","01/08/2026","734","35.025","-97.354","35.047","-97.311","This is a continuation of the Purcell tornado that moved into Cleveland County from McClain County. After crossing the Canadian River into Cleveland County, the tornado damaged and outbuilding near Moffatt Road. Otherwise, damage to tree branches was noted along U.S. Highway 77 north of Lexington, and northeast of 84th Street and York Road where the tornado likely dissipated.","A fast-moving quasi-linear convective system (QLCS) swept across portions of central, southern and eastern Oklahoma on the morning of the 8th. This convective system was tied to the passage of a compact upper wave across the region, resulting in very strong wind fields within a weakly unstable boundary layer. In addition to sporadic pockets of thunderstorm wind damage, and generally sub-severe hail, a few tornadoes occurred in a corridor from near Purcell, OK to Shawnee, OK.","OKLAHOMA"
"1311611","CLEVELAND CO.","LAKE THUNDERBIRD DAM","01/08/2026","744","Tornado","","EF0","0","0","5000","0","CST-6","","209155","C","27","OUN","0","0","NWS Storm Survey","","1.8","50","1.54","NNW","3.01","N","LAKE THUNDERBIRD DAM","01/08/2026","745","35.241","-97.229","35.263","-97.211","This tornado likely developed over the northern arm of Lake Thunderbird, then moved northeast damaging trees after moving onshore. A few branches were snapped off of trees just northeast of 156th Avenue NE and Tecumseh Road.","A fast-moving quasi-linear convective system (QLCS) swept across portions of central, southern and eastern Oklahoma on the morning of the 8th. This convective system was tied to the passage of a compact upper wave across the region, resulting in very strong wind fields within a weakly unstable boundary layer. In addition to sporadic pockets of thunderstorm wind damage, and generally sub-severe hail, a few tornadoes occurred in a corridor from near Purcell, OK to Shawnee, OK.","OKLAHOMA"
"1311612","CLEVELAND CO.","STELLA","01/08/2026","752","Tornado","","EF0","0","0","20000","0","CST-6","","209155","C","27","OUN","0","0","Emergency Manager","","0.25","75","3.67","E","3.83","E","STELLA","01/08/2026","753","35.319","-97.145","35.321","-97.142","This tornado developed near SE 149th Street just west of the Pottawatomie County line. In Cleveland County, a garage and RV were damaged as well as a couple of trees and a flagpole. The tornado moved northeast crossing Pottawatomie Road into Pottawatomie County.","A fast-moving quasi-linear convective system (QLCS) swept across portions of central, southern and eastern Oklahoma on the morning of the 8th. This convective system was tied to the passage of a compact upper wave across the region, resulting in very strong wind fields within a weakly unstable boundary layer. In addition to sporadic pockets of thunderstorm wind damage, and generally sub-severe hail, a few tornadoes occurred in a corridor from near Purcell, OK to Shawnee, OK.","OKLAHOMA"
"1311613","POTTAWATOMIE CO.","PINK","01/08/2026","753","Tornado","","EF1","0","0","75000","0","CST-6","","209155","C","125","OUN","0","0","Emergency Manager","","3.7","75","4.39","NNW","3.48","SW","DALE","01/08/2026","757","35.321","-97.142","35.349","-97.086","This is a continuation of a tornado that developed in Cleveland County. After crossing Pottawatomie Road into Pottawatomie County, a number of large, dead trees were broken, a small outbuilding destroyed and a porch was damaged. Continuing northeast, an outbuilding was damaged along Fishmarket Road, and at least two homes received roof damage in the area between the Shawnee Twin Lakes. The tornado dissipated northeast of Homer Lane Road and Patterson Road between the lakes.","A fast-moving quasi-linear convective system (QLCS) swept across portions of central, southern and eastern Oklahoma on the morning of the 8th. This convective system was tied to the passage of a compact upper wave across the region, resulting in very strong wind fields within a weakly unstable boundary layer. In addition to sporadic pockets of thunderstorm wind damage, and generally sub-severe hail, a few tornadoes occurred in a corridor from near Purcell, OK to Shawnee, OK.","OKLAHOMA"
"1311614","POTTAWATOMIE CO.","SHAWNEE","01/08/2026","806","Tornado","","EF1","0","0","100000","0","CST-6","","209155","C","125","OUN","0","0","Emergency Manager","","2.6","40","2.92","NNW","2.91","S","AYDELOTTE","01/08/2026","809","35.369","-96.94","35.398","-96.913","A tornado developed on the north side of Shawnee, just north of Shawnee Regional Airport. The tornado damaged one home moving through a neighborhood west of State Highway 3E, but damage was mostly to trees and fences. Crossing Interstate 40, a hotel received roof damage just east of Shawnee Mall, and a bread truck was blown over near a Wal Mart. Two businesses were damaged northeast of the hotel and just west of Harrison Avenue. At one business, a roof AC unit was damaged, garage doors were blown in, vehicle windows were broken, and trees and power lines were downed. The tornado dissipated near Harrison Avenue south of Garretts Lake Road.","A fast-moving quasi-linear convective system (QLCS) swept across portions of central, southern and eastern Oklahoma on the morning of the 8th. This convective system was tied to the passage of a compact upper wave across the region, resulting in very strong wind fields within a weakly unstable boundary layer. In addition to sporadic pockets of thunderstorm wind damage, and generally sub-severe hail, a few tornadoes occurred in a corridor from near Purcell, OK to Shawnee, OK.","OKLAHOMA"
"1318816","SHELBY CO.","JAMES","02/14/2026","1803","Tornado","","EF1","0","0","25000","0","CST-6","","210869","C","419","SHV","0","0","NWS Storm Survey","","1.08","275","1.6","N","1.42","NE","JAMES","02/14/2026","1805","31.8731","-94.1195","31.8651","-94.1036","This brief EF-1 tornado with estimated maximum winds near 95 mph began along County Road 3156, where a few trees were downed, and then it traveled southeast to cross Highway 7 where it intersected with County Road 3153. Most of the damage here was also to trees with a consolidated area of snapped softwood trees giving the tornado its estimated maximum windspeed rating. The tornado then continued to the southeast and was judged to have ended just after crossing County Road 3215. One outbuilding was destroyed at this location, but otherwise the survey team could verify only minor damage done to a few buildings here and earlier when the tornado crossed Highway 7. Localized snapping of tree trunks was also quite evident around a pond just to the west of County Road 3215.","An upper level trough ejected east-northeast from the Desert Southwest into Northwest Texas and Western Oklahoma during the afternoon and evening of February 14th, which resulted in the increase of very warm, humid air north across the region from the Gulf. In advance of this system, southwest flow aloft became established, with increasing instability at the surface and aloft coupled with strong wind shear and an approaching cold front enhancing large scale ascent across much of the Four State Region. As a result, showers and thunderstorms, some of which became severe over portions of East Texas and Central Louisiana, developed and spread east across the area during the late afternoon through the evening. Multiple reports of wind damage were received, with a brief, weak isolated tornado having been spawned in Northeast Shelby County near the James community.","TEXAS"
"1319774","KINNEY CO.","STANDART","03/10/2026","1640","Tornado","","EFU","0","0","0","0","CST-6","","211220","C","271","EWX","0","0","Storm Chaser","","0.01","10","2.4","NNE","2.4","NNE","STANDART","03/10/2026","1640","29.36","-100.6","29.36","-100.6","A brief tornado occurred over open country north of US-90 as observed and photographed by storm spotters along US-90. The tornado appears to have remained over open country with no damage reported. With no apparent damage, we could not determine a path length or width.","An upper-level trough moved across northern Mexico and into West Texas, generating thunderstorms along and ahead of a dryline within a region of steep lapse rates and high instability. Isolated thunderstorms began forming east of the dryline around 1500CDT, including a long-tracked supercell which produced a brief tornado, strong winds, and a swath of large to very large hail from the Del Rio area to the Hill Country. A line of thunderstorms formed along the dryline over Val Verde County after 1900CDT which tracked across the southern Edwards Plateau and Hill Country through the evening, producing some strong winds before weakening near the I-35 corridor.","TEXAS"
"1320927","CREEK CO.","BRISTOW JONES ARPT","03/06/2026","1718","Tornado","","EF1","0","0","150000","0","CST-6","","211006","C","37","TSA","0","0","NWS Storm Survey","","6.2","275","4.13","NNW","1.19","NE","BELLVUE","03/06/2026","1732","35.855","-96.449","35.913","-96.366","The tornado developed approximately four miles northwest of Bristow, west of South 401st West Avenue and north of West 221st Street South. Moving northeast, it crossed South 401st West Avenue, where it destroyed a single-wide mobile home and an outbuilding. As the tornado continued northeast across Highway 16, it uprooted trees and snapped large limbs. At the intersection of Highway 48 and West 181st Street South, the tornado impacted an industrial site, collapsing overhead doors and removing roof sections from two metal buildings. The tornado maintained a northeast track, breaking additional large tree limbs along South 337th West Avenue, before dissipating north of Highway 66. Based on this damage, maximum estimated wind in the tornado was 100 to 110 mph.","Severe thunderstorms developed into eastern Oklahoma during the late afternoon of the 6th, ahead of a surface dry line, and moved across the area through the evening hours. The atmosphere had become strongly unstable across eastern Oklahoma during the afternoon east of the dry line. This instability, combined with very strong low-level and deep-layer wind shear across the region, resulted in the evolution of several long-lived supercell thunderstorms. These supercells produced eleven tornadoes, a couple of which were strong and damaging, large hail up to quarter size, damaging wind gusts, and localized flash flooding.","OKLAHOMA"
"1320929","OSAGE CO.","TULSA","03/06/2026","1824","Tornado","","EF1","0","0","200000","0","CST-6","","211006","C","113","TSA","0","0","NWS Storm Survey","","1.6","400","4.37","WNW","4.01","NW","TULSA","03/06/2026","1827","36.175","-96.022","36.191","-96.001","This is the first segment of a two-segment tornado. This tornado developed near N Gilcrease Museum Road, north of W Newton Street. It moved northeast damaging a number of homes, damaging the roof of an apartment complex, uprooting trees, and snapping numerous large tree limbs in neighborhoods west of N Tisdale Parkway. It then crossed into Tulsa County near W Apache Street. Based on this damage, maximum estimated wind in this segment of the tornado was 90 to 100 mph. This tornado produced a tornadic debris signature from the KINX WSR-88D.","Severe thunderstorms developed into eastern Oklahoma during the late afternoon of the 6th, ahead of a surface dry line, and moved across the area through the evening hours. The atmosphere had become strongly unstable across eastern Oklahoma during the afternoon east of the dry line. This instability, combined with very strong low-level and deep-layer wind shear across the region, resulted in the evolution of several long-lived supercell thunderstorms. These supercells produced eleven tornadoes, a couple of which were strong and damaging, large hail up to quarter size, damaging wind gusts, and localized flash flooding.","OKLAHOMA"
"1320930","TULSA CO.","TUL DOWNTOWN ARPK","03/06/2026","1827","Tornado","","EF1","0","0","7000000","0","CST-6","","211006","C","143","TSA","0","0","NWS Storm Survey","","4.4","600","2.27","SSE","0.79","ESE","TURLEY","03/06/2026","1834","36.191","-96.001","36.244","-95.958","This is the second segment of a two-segment tornado. The tornado crossed into Tulsa County near W Apache Street. The tornado damaged many homes and snapped numerous large tree limbs between the county line and the Gilcrease Expressway. It continued to move northeast damaging many homes north of the Gilcrease Expressway, and intensified as it approached E 36th Street N. An office building was severely damaged and the Tulsa Technology Center was severely damaged as the tornado approached N Peoria Avenue. Numerous trees were snapped and uprooted in that area. The tornado moved north-northeast across E 46th Street N and dissipated north of E 61st Street N. Many homes were damaged, a few trees were uprooted, numerous large tree limbs were snapped, and mobile homes were damaged in that portion of the path. Based on this damage, maximum estimated wind in this segment of the tornado was 100 to 110 mph. This tornado produced a tornadic debris signature from the KINX WSR-88D.","Severe thunderstorms developed into eastern Oklahoma during the late afternoon of the 6th, ahead of a surface dry line, and moved across the area through the evening hours. The atmosphere had become strongly unstable across eastern Oklahoma during the afternoon east of the dry line. This instability, combined with very strong low-level and deep-layer wind shear across the region, resulted in the evolution of several long-lived supercell thunderstorms. These supercells produced eleven tornadoes, a couple of which were strong and damaging, large hail up to quarter size, damaging wind gusts, and localized flash flooding.","OKLAHOMA"
"1320936","OKFUSKEE CO.","MASON","03/06/2026","1838","Tornado","","EF0","0","0","10000","0","CST-6","","211006","C","107","TSA","0","0","NWS Storm Survey","","5","160","2.96","WSW","2.27","NNE","MASON","03/06/2026","1845","35.549","-96.416","35.599","-96.351","Storm chaser video and a debris signature from KINX WSR-88D indicated this tornado began west of Highway 48, about 6 miles north-northwest of Castle. The tornado crossed Highway 48, where it damaged the roof of two mobile homes and snapped tree limbs along the E980 Road before dissipating. Based on this damage, maximum estimated wind in the tornado was 70 to 75 mph.","Severe thunderstorms developed into eastern Oklahoma during the late afternoon of the 6th, ahead of a surface dry line, and moved across the area through the evening hours. The atmosphere had become strongly unstable across eastern Oklahoma during the afternoon east of the dry line. This instability, combined with very strong low-level and deep-layer wind shear across the region, resulted in the evolution of several long-lived supercell thunderstorms. These supercells produced eleven tornadoes, a couple of which were strong and damaging, large hail up to quarter size, damaging wind gusts, and localized flash flooding.","OKLAHOMA"
"1320938","TULSA CO.","TURLEY","03/06/2026","1838","Tornado","","EF1","0","0","150000","0","CST-6","","211006","C","143","TSA","0","0","NWS Storm Survey","","2","180","2.97","ENE","3.09","WNW","OWASSO","03/06/2026","1841","36.267","-95.921","36.291","-95.899","This tornado developed just west of N Yale Avenue and north of E 76th Street N. It uprooted a tree as it crossed N Yale Avenue and moved northeast across a neighborhood on E 82nd Street N. Several homes were damaged, light poles were blown down, and large tree limbs were snapped. The tornado blew down power poles and snapped large tree limbs as it crossed E 86th Street N. Outbuildings were damaged and large tree limbs were snapped by the tornado as it crossed N Hudson Avenue, and then crossed N Sheridan Avenue, where it dissipated. Based on this damage, maximum estimated wind in the tornado was 90 to 100 mph.","Severe thunderstorms developed into eastern Oklahoma during the late afternoon of the 6th, ahead of a surface dry line, and moved across the area through the evening hours. The atmosphere had become strongly unstable across eastern Oklahoma during the afternoon east of the dry line. This instability, combined with very strong low-level and deep-layer wind shear across the region, resulted in the evolution of several long-lived supercell thunderstorms. These supercells produced eleven tornadoes, a couple of which were strong and damaging, large hail up to quarter size, damaging wind gusts, and localized flash flooding.","OKLAHOMA"
"1320940","ROGERS CO.","COLLINSVILLE","03/06/2026","1855","Tornado","","EF2","0","0","850000","0","CST-6","","211006","C","131","TSA","0","0","NWS Storm Survey","","4.7","150","2.63","ESE","3.81","SSW","OOLOGAH","03/06/2026","1902","36.361","-95.784","36.396","-95.714","This tornado developed over heavily wooded, inaccessible (by road) terrain, east of N 161st East Avenue, where the KINX WSR-88D detected a tornadic debris signature. The tornado moved east-northeast across the Caney River, and then destroyed a home and damaged several others south of the river. A large recreational vehicle was rolled and severely damaged. Numerous trees were snapped and outbuildings were damaged. The tornado then moved through another area of inaccessible terrain and crossed the Caney River again, and then crossed the S 4090 Road. Large tree limbs and power poles were snapped as it crossed the E 430 Road, and the tornado dissipated north of the E 430 Road. Based on this damage, maximum estimated wind in the tornado was 125 to 135 mph.","Severe thunderstorms developed into eastern Oklahoma during the late afternoon of the 6th, ahead of a surface dry line, and moved across the area through the evening hours. The atmosphere had become strongly unstable across eastern Oklahoma during the afternoon east of the dry line. This instability, combined with very strong low-level and deep-layer wind shear across the region, resulted in the evolution of several long-lived supercell thunderstorms. These supercells produced eleven tornadoes, a couple of which were strong and damaging, large hail up to quarter size, damaging wind gusts, and localized flash flooding.","OKLAHOMA"
"1320947","OKMULGEE CO.","BEGGS","03/06/2026","1917","Tornado","","EF3","2","2","3000000","0","CST-6","","211006","C","111","TSA","0","0","NWS Storm Survey","","6.8","950","1.6","NW","4.87","WSW","HECTOR","03/06/2026","1929","35.748","-96.088","35.812","-96.004","This tornado began on the west side of Beggs, directly impacting the Beggs Public Schools campus. The High School and Middle School roof sustained significant damage, and the bus barn also suffered heavy damage to the roof and overhead doors. As it moved northeast, it crossed 15th Street, uprooting and snapping trees. After crossing Happy Camp Road, it destroyed outbuildings and began a brief jog northward, paralleling North 180 Road. This strongest and widest phase of the tornado occurred as it moved east along Grimes Road. One single-wide manufactured home was completely destroyed and several other single-family residences were heavily damaged with the loss of roofs and windows. Two fatalities and two injuries occurred at one homestead, where a double-wide manufactured home was completely destroyed and several automobiles were moved and tossed 20 to 30 yards. A nearby barn was destroyed and heavy limb loss occurred on large trees. The tornado then continued northeast, crossing Highway 75, where it threw a metal shipping container across the lanes and uprooted trees. The tornado dissipated after crossing North 205 Road, about three miles south of the Tulsa County line. Based on this damage, maximum estimated wind in the tornado was 135 to 145 mph. The tornado produced a tornadic debris signature from the KINX WSR-88D.","Severe thunderstorms developed into eastern Oklahoma during the late afternoon of the 6th, ahead of a surface dry line, and moved across the area through the evening hours. The atmosphere had become strongly unstable across eastern Oklahoma during the afternoon east of the dry line. This instability, combined with very strong low-level and deep-layer wind shear across the region, resulted in the evolution of several long-lived supercell thunderstorms. These supercells produced eleven tornadoes, a couple of which were strong and damaging, large hail up to quarter size, damaging wind gusts, and localized flash flooding.","OKLAHOMA"
"1320949","WAGONER CO.","ONETA","03/06/2026","2003","Tornado","","EF0","0","0","40000","0","CST-6","","211006","C","145","TSA","0","0","NWS Storm Survey","","1.5","130","1.18","N","2.2","NNE","ONETA","03/06/2026","2006","36.037","-95.721","36.047","-95.699","This tornado developed just south of the Muskogee Turnpike, east of S 225th East Avenue. It moved northeast across a neighborhood west of S 241st East Avenue, and then into the southern portion of Forest Ridge. The tornado uprooted a few trees, damaged the roofs of several homes, snapped large tree limbs, and blew down large sections of privacy fences. Based on this damage, maximum estimated wind in the tornado was 80 to 85 mph.","Severe thunderstorms developed into eastern Oklahoma during the late afternoon of the 6th, ahead of a surface dry line, and moved across the area through the evening hours. The atmosphere had become strongly unstable across eastern Oklahoma during the afternoon east of the dry line. This instability, combined with very strong low-level and deep-layer wind shear across the region, resulted in the evolution of several long-lived supercell thunderstorms. These supercells produced eleven tornadoes, a couple of which were strong and damaging, large hail up to quarter size, damaging wind gusts, and localized flash flooding.","OKLAHOMA"
"1320951","WAGONER CO.","ONETA","03/06/2026","2005","Tornado","","EF1","0","0","1000000","0","CST-6","","211006","C","145","TSA","0","0","NWS Storm Survey","","1.6","300","1.48","NE","3.06","ENE","ONETA","03/06/2026","2008","36.034","-95.7","36.044","-95.674","This tornado developed over open country north of E 91st Street S and west of S 257th East Avenue. It moved northeast across a neighborhood west of S 257th East Avenue, where the roofs of numerous homes were damaged and windows were broken. The tornado damaged the roofs of more homes east of S 257th East Avenue, along E 85th Street S, E 86th Street S, and Joy Avenue. Several outbuildings were also damaged in this area, several trees were snapped or uprooted, and numerous large tree limbs were snapped. The tornado dissipated just west of S 273rd East Avenue. KINX WSR-88D radar data indicated this tornado rotated anticyclonically. Based on this damage, maximum estimated wind in the tornado was 90 to 100 mph.","Severe thunderstorms developed into eastern Oklahoma during the late afternoon of the 6th, ahead of a surface dry line, and moved across the area through the evening hours. The atmosphere had become strongly unstable across eastern Oklahoma during the afternoon east of the dry line. This instability, combined with very strong low-level and deep-layer wind shear across the region, resulted in the evolution of several long-lived supercell thunderstorms. These supercells produced eleven tornadoes, a couple of which were strong and damaging, large hail up to quarter size, damaging wind gusts, and localized flash flooding.","OKLAHOMA"
"1320954","ROGERS CO.","INOLA","03/06/2026","2024","Tornado","","EFU","0","0","0","0","CST-6","","211006","C","131","TSA","0","0","Storm Chaser","","1.3","150","3.68","WSW","2.35","SW","INOLA","03/06/2026","2026","36.122","-95.556","36.131","-95.535","A storm chaser observed/recorded a tornado from 824 pm CST through 826 pm CST. The tornado's estimated location was based on radar data and his observations. It remained over open country, and produced no known damage.","Severe thunderstorms developed into eastern Oklahoma during the late afternoon of the 6th, ahead of a surface dry line, and moved across the area through the evening hours. The atmosphere had become strongly unstable across eastern Oklahoma during the afternoon east of the dry line. This instability, combined with very strong low-level and deep-layer wind shear across the region, resulted in the evolution of several long-lived supercell thunderstorms. These supercells produced eleven tornadoes, a couple of which were strong and damaging, large hail up to quarter size, damaging wind gusts, and localized flash flooding.","OKLAHOMA"
"1320958","ROGERS CO.","INOLA","03/06/2026","2029","Tornado","","EF1","0","0","300000","0","CST-6","","211006","C","131","TSA","0","0","NWS Storm Survey","","4.5","350","0.54","WSW","2.15","NNW","INOLA ARPT","03/06/2026","2038","36.147","-95.509","36.18","-95.44","This is the first segment of a two-segment tornado. The tornado developed over the southern portion of Inola, and moved northeast across the east side of town. One home had a portion of the roof blown off, and a number of other homes received minor damage. Many large limbs were snapped from trees. The tornado then moved northeast across the E 595 Road, where the roof of a home was damaged and trees were blown down. It uprooted trees as it moved across the E 590 Road, crossed Highway 412, and blew a portion of the roof from a home on the E 580 Road. The tornado moved into Mayes County near the E 580 Road. Based on this damage, maximum estimated wind in this segment of the tornado was 100 to 105 mph. The tornado produced a tornadic debris signature from the KINX WSR-88D.","Severe thunderstorms developed into eastern Oklahoma during the late afternoon of the 6th, ahead of a surface dry line, and moved across the area through the evening hours. The atmosphere had become strongly unstable across eastern Oklahoma during the afternoon east of the dry line. This instability, combined with very strong low-level and deep-layer wind shear across the region, resulted in the evolution of several long-lived supercell thunderstorms. These supercells produced eleven tornadoes, a couple of which were strong and damaging, large hail up to quarter size, damaging wind gusts, and localized flash flooding.","OKLAHOMA"
"1320960","MAYES CO.","CHOUTEAU","03/06/2026","2038","Tornado","","EF1","0","0","10000","0","CST-6","","211006","C","97","TSA","0","0","NWS Storm Survey","","2.1","300","5.02","W","3.23","WNW","CHOUTEAU","03/06/2026","2041","36.18","-95.44","36.192","-95.406","This is the second segment of a two-segment tornado. The tornado moved into Mayes County near the E 580 Road, where large tree limbs were snapped and several power poles were blown down. It moved across open country until it dissipated near the W 570 Road and S 427 Road. Based on this damage, maximum estimated wind in this segment of the tornado was 95 to 105 mph.","Severe thunderstorms developed into eastern Oklahoma during the late afternoon of the 6th, ahead of a surface dry line, and moved across the area through the evening hours. The atmosphere had become strongly unstable across eastern Oklahoma during the afternoon east of the dry line. This instability, combined with very strong low-level and deep-layer wind shear across the region, resulted in the evolution of several long-lived supercell thunderstorms. These supercells produced eleven tornadoes, a couple of which were strong and damaging, large hail up to quarter size, damaging wind gusts, and localized flash flooding.","OKLAHOMA"
"1320968","DELAWARE CO.","GROVE ARPT","03/06/2026","2155","Tornado","","EFU","0","0","0","0","CST-6","","211006","C","41","TSA","0","0","Storm Chaser","","0.5","150","3.45","S","3.37","SSE","GROVE ARPT","03/06/2026","2156","36.551","-94.718","36.554","-94.71","A storm chaser observed/recorded a brief tornado and observed power flashes. This location is estimated based on his observations and radar data. An NWS storm survey of the area found no damage.","Severe thunderstorms developed into eastern Oklahoma during the late afternoon of the 6th, ahead of a surface dry line, and moved across the area through the evening hours. The atmosphere had become strongly unstable across eastern Oklahoma during the afternoon east of the dry line. This instability, combined with very strong low-level and deep-layer wind shear across the region, resulted in the evolution of several long-lived supercell thunderstorms. These supercells produced eleven tornadoes, a couple of which were strong and damaging, large hail up to quarter size, damaging wind gusts, and localized flash flooding.","OKLAHOMA"
"1322683","TAYLOR CO.","POTOSI","03/10/2026","1600","Tornado","","EFU","0","0","0","0","CST-6","","211655","C","441","SJT","0","0","Storm Chaser","","0.25","200","0.9","NE","1.08","NE","POTOSI","03/10/2026","1602","32.33","-99.66","32.3315","-99.6574","A storm chaser reported a brief tornado touchdown near Potosi.","Strong to severe thunderstorms affected portions of west-central Texas from Crockett County, northeast to Throckmorton County, as well as areas in between.  Severe storms produced large to very large hail as well as a few isolated tornadoes.","TEXAS"
"1322688","CALLAHAN CO.","DENTON","03/10/2026","1618","Tornado","","EFU","0","0","0","0","CST-6","","211655","C","59","SJT","0","0","Storm Chaser","","0.96","200","1.17","E","1.98","ENE","DENTON","03/10/2026","1623","32.27","-99.51","32.2797","-99.4982","A storm chaser observed a tornado on the ground southeast of Potosi, TX.","Strong to severe thunderstorms affected portions of west-central Texas from Crockett County, northeast to Throckmorton County, as well as areas in between.  Severe storms produced large to very large hail as well as a few isolated tornadoes.","TEXAS"
"1322690","CALLAHAN CO.","DENTON","03/10/2026","1630","Tornado","","EFU","0","0","0","0","CST-6","","211655","C","59","SJT","0","0","Storm Chaser","","0.93","200","3.23","ESE","3.61","E","DENTON","03/10/2026","1633","32.25","-99.48","32.2599","-99.4693","A storm chaser video indicated a brief tornado touchdown south of Clyde.","Strong to severe thunderstorms affected portions of west-central Texas from Crockett County, northeast to Throckmorton County, as well as areas in between.  Severe storms produced large to very large hail as well as a few isolated tornadoes.","TEXAS"
"1323719","WILLACY CO.","LYFORD","03/08/2026","1435","Tornado","","EFU","0","0","0","0","CST-6","","211811","C","489","BRO","0","0","Broadcast Media","","0.01","10","0.93","SW","0.93","SW","LYFORD","03/08/2026","1435","26.41","-97.79","26.41","-97.79","KRGV Channel 5 news shared a video of a landspout tornado near East FM 1018, in the Lyford area.  Location estimated from distance from where the video was taken.","There was a report of a Landspout that developed in association with a few thundershowers or streamers in Coastal Willacy County during the afternoon of March 8.","TEXAS"
"1324856","DEWEY CO.","PUTNAM","03/05/2026","1922","Tornado","","EF0","0","0","0","0","CST-6","","210603","C","43","OUN","0","0","Broadcast Media","","0.5","50","6.02","W","6.02","W","PUTNAM","03/05/2026","1923","35.852","-99.077","35.852","-99.077","An OKC television storm chaser observed and photographed a tornado esimated to be about 6 miles west of Putnam. No damage was reported.","Scattered severe thunderstorms impacted portions of western and northern Oklahoma from the late evening of the 5th into early morning hours of the 6th. This activity developed in the vicinity of a dryline as a deep upper trough began to establish across the Four Coners. As a nocturnal low-level jet strengthened after sunset, a pair of cyclic tornadic thunderstorms emerged from the eastern Texas Panhandle into northern Oklahoma. In addition to several tornadoes, including a deadly tornado west of Fairview in Major County, large hail and eventually damaging wind gusts were observed with severe convection across the region.","OKLAHOMA"
"1324857","GRADY CO.","TUTTLE","03/10/2026","1736","Tornado","","EF0","0","0","10000","0","CST-6","","210606","C","51","OUN","0","0","Storm Chaser","","0.2","30","4.2","NW","4.2","NW","TUTTLE","03/10/2026","1736","35.33","-97.866","35.33","-97.866","Numerous storm chasers observed a brief tornado northwest of Tuttle. A television helicopter observed damage to chicken coops in the area, otherwise no other damage was reported.","As a closed upper low across the Baja Peninsula transitioned to an open wave and moved to the northeast, widespread convection developed from western-north Texas into much of Oklahoma during the evening of the 10th. Strong surface heating in the afternoon contributed to strong instability and, combined with increasing deep-layer wind shear, yielded an environment capable of organized thunderstorms. The most impactful storm of the event was a supercell thunderstorm that develop across west-central Oklahoma and tracked across the greater Oklahoma City metropolitan area, producing large to very large hail and a weak tornado. By mid-evening, a developing quasi-linear convective system (QLCS) produced sporadic (yet intense) thunderstorm wind damage across portions of far southern Oklahoma.","OKLAHOMA"
"1324858","SEMINOLE CO.","LITTLE","03/06/2026","1819","Tornado","","EF0","0","0","0","0","CST-6","","210604","C","133","OUN","0","0","Broadcast Media","","0.2","20","5","ENE","5","ENE","LITTLE","03/06/2026","1819","35.3777","-96.588","35.3777","-96.588","An OKC television storm chaser observed a brief tornado estimated to be approximately 5 miles east-northeast of Little. No damage was reported.","A deep upper trough, centered across the Four Corners, fostered multiple waves of strong-to-severe convection across the WFO Norman Forecast Area during the morning and early evening of the 6th, and again in the early morning of the 7th. Strong mid-tropospheric flow/wind shear and instability yielded a mix of semi-organized convection, including several supercells, during each storm period. Large hail, damaging wind gusts and a tornado (which occurred during the early evening) were reported.","OKLAHOMA"
"1324861","MAJOR CO.","DANE","03/05/2026","2008","Tornado","","EF2","2","0","50000","0","CST-6","","210603","C","93","OUN","0","0","NWS Storm Survey","","7.1","300","2.95","WSW","4.77","N","DANE","03/05/2026","2026","36.199","-98.676","36.288","-98.615","This tornado developed near or just southwest of the intersection of County Roads E0560 Road and N2430 Road in Major County where it damaged trees and power poles and twisted a stop sign. The tornado quickly intensified as it approached US-60 west of Fairview. A car along US-60 was hit by this tornado and rolled approximately 520 yards to the northeast. A woman and her daughter were killed in his car. Wooden transmission line poles and standard wooden power poles were broken along and north of US-60. The tornado continued northeast through rural areas of Major County damaging additional trees before dissipating east or southeast of the intersection of E0500 Road and N2460 Road approximately 7 miles west of Fairview.","Scattered severe thunderstorms impacted portions of western and northern Oklahoma from the late evening of the 5th into early morning hours of the 6th. This activity developed in the vicinity of a dryline as a deep upper trough began to establish across the Four Coners. As a nocturnal low-level jet strengthened after sunset, a pair of cyclic tornadic thunderstorms emerged from the eastern Texas Panhandle into northern Oklahoma. In addition to several tornadoes, including a deadly tornado west of Fairview in Major County, large hail and eventually damaging wind gusts were observed with severe convection across the region.","OKLAHOMA"
"1324863","MAJOR CO.","ORIENTA","03/05/2026","2041","Tornado","","EF1","0","0","50000","0","CST-6","","210603","C","93","OUN","0","0","NWS Storm Survey","","6.4","300","2.73","W","2.07","NNW","CLEO SPRINGS","03/05/2026","2055","36.36","-98.519","36.437","-98.456","This tornado developed just south of US-412 and west of N2520 Road. Along US-412, one home along suffered roof damage, two outbuildings and power poles were damaged. As it moved northeast, additional trees and power poles were damaged before the tornado crossed the Cimarron River. Another home suffered minor damage near the end of the tornado path near E0400 Road about 2 miles west of State Highway 8.","Scattered severe thunderstorms impacted portions of western and northern Oklahoma from the late evening of the 5th into early morning hours of the 6th. This activity developed in the vicinity of a dryline as a deep upper trough began to establish across the Four Coners. As a nocturnal low-level jet strengthened after sunset, a pair of cyclic tornadic thunderstorms emerged from the eastern Texas Panhandle into northern Oklahoma. In addition to several tornadoes, including a deadly tornado west of Fairview in Major County, large hail and eventually damaging wind gusts were observed with severe convection across the region.","OKLAHOMA"
"1324864","GRANT CO.","WAKITA","03/05/2026","2222","Tornado","","EF1","0","0","250000","0","CST-6","","210603","C","53","OUN","0","0","NWS Storm Survey","","6.1","150","7.4","S","4.32","SE","WAKITA","03/05/2026","2235","36.773","-97.925","36.842","-97.858","This tornado developed south of Wakita and a mobile home was unroofed and at least two buildings were destroyed along Harper Road. A number of power poles were damaged along State Highway 11 as the tornado moved northeast. Although the last damage was noted by the survey team along State Highway 11, a storm chaser observed the tornado at least a couple of miles farther northeast and the tornado is estimated to have dissipated about 5 miles southeast of Wakita.","Scattered severe thunderstorms impacted portions of western and northern Oklahoma from the late evening of the 5th into early morning hours of the 6th. This activity developed in the vicinity of a dryline as a deep upper trough began to establish across the Four Coners. As a nocturnal low-level jet strengthened after sunset, a pair of cyclic tornadic thunderstorms emerged from the eastern Texas Panhandle into northern Oklahoma. In addition to several tornadoes, including a deadly tornado west of Fairview in Major County, large hail and eventually damaging wind gusts were observed with severe convection across the region.","OKLAHOMA"
"1324907","GRANT CO.","WAKITA","03/05/2026","2309","Tornado","","EF0","0","0","5000","0","CST-6","","210603","C","53","OUN","0","0","Emergency Manager","","1.75","50","1.44","W","1","N","WAKITA","03/05/2026","2311","36.88","-97.946","36.8945","-97.92","A barn was damaged west of Wakita as a tornado moved northeast from west of Wakita to about 1 mile north of Wakita.","Scattered severe thunderstorms impacted portions of western and northern Oklahoma from the late evening of the 5th into early morning hours of the 6th. This activity developed in the vicinity of a dryline as a deep upper trough began to establish across the Four Coners. As a nocturnal low-level jet strengthened after sunset, a pair of cyclic tornadic thunderstorms emerged from the eastern Texas Panhandle into northern Oklahoma. In addition to several tornadoes, including a deadly tornado west of Fairview in Major County, large hail and eventually damaging wind gusts were observed with severe convection across the region.","OKLAHOMA"
"1324922","GRANT CO.","RENFROW","03/05/2026","2250","Tornado","","EF0","0","0","0","0","CST-6","","210603","C","53","OUN","0","0","Emergency Manager","","1.85","30","6.38","W","7.31","WNW","RENFROW","03/05/2026","2253","36.935","-97.774","36.961","-97.782","A tornado developed west of Renfrow and moved north-northwest. Tree damage was reported in the area, although the specific tornado path is estimated.","Scattered severe thunderstorms impacted portions of western and northern Oklahoma from the late evening of the 5th into early morning hours of the 6th. This activity developed in the vicinity of a dryline as a deep upper trough began to establish across the Four Coners. As a nocturnal low-level jet strengthened after sunset, a pair of cyclic tornadic thunderstorms emerged from the eastern Texas Panhandle into northern Oklahoma. In addition to several tornadoes, including a deadly tornado west of Fairview in Major County, large hail and eventually damaging wind gusts were observed with severe convection across the region.","OKLAHOMA"
"1325179","ALFALFA CO.","HELENA","03/05/2026","2112","Tornado","","EF2","0","0","400000","0","CST-6","","210603","C","3","OUN","0","0","NWS Storm Survey","","16.7","880","4.28","WSW","3.88","E","JET","03/05/2026","2147","36.524","-98.34","36.668","-98.11","This tornado developed about 4 miles west-southwest of Helena, or about a mile southeast of the community of McWillie. This tornado moved generally northeast although there was some variability in motion as it moved north of Helena and then south and east of Jet. Power poles were damaged as the tornado crossed State Highway 45 and areas west of Helena. Significant damage was observed along State Highway 58 north of Helena where a number of power poles were broken along a mile stretch of SH-58, and at least three barns were destroyed (EF2) both along SH-58 and east of SH-58 on E0300 Road. The tornado continued to produce tree and power pole damage as it moved northeast. Power poles were broken east of Jet along N2740 Road and along U.S. Highway 64 on both sides of the Alfalfa-Grant County line.  The tornado then moved into Grant County with the centerline crossing the county line just north of U.S. 64.","Scattered severe thunderstorms impacted portions of western and northern Oklahoma from the late evening of the 5th into early morning hours of the 6th. This activity developed in the vicinity of a dryline as a deep upper trough began to establish across the Four Coners. As a nocturnal low-level jet strengthened after sunset, a pair of cyclic tornadic thunderstorms emerged from the eastern Texas Panhandle into northern Oklahoma. In addition to several tornadoes, including a deadly tornado west of Fairview in Major County, large hail and eventually damaging wind gusts were observed with severe convection across the region.","OKLAHOMA"
"1325182","GRANT CO.","NASH","03/05/2026","2147","Tornado","","EF2","0","0","15000","0","CST-6","","210603","C","53","OUN","0","0","NWS Storm Survey","","2.44","800","3.33","W","3.12","NW","NASH","03/05/2026","2151","36.668","-98.11","36.7","-98.092","This tornado moved from Alfalfa County into Grant County west of Nash, along and north of U.S. Highway 64. A row of power poles was broken along U.S. 64 on both sides on the Alfalfa-Grant County line with damage consistent with an EF2 tornado The tornado was turning to the left and moving more north-northeast as it moved into Grant County. The tornado continued to damage trees and power poles between the county line and N2760 Road in areas south of E0220 Road. The tornado dissipated near or soon after crossing E0220 Road.","Scattered severe thunderstorms impacted portions of western and northern Oklahoma from the late evening of the 5th into early morning hours of the 6th. This activity developed in the vicinity of a dryline as a deep upper trough began to establish across the Four Coners. As a nocturnal low-level jet strengthened after sunset, a pair of cyclic tornadic thunderstorms emerged from the eastern Texas Panhandle into northern Oklahoma. In addition to several tornadoes, including a deadly tornado west of Fairview in Major County, large hail and eventually damaging wind gusts were observed with severe convection across the region.","OKLAHOMA"
"1325184","ROGER MILLS CO.","BERLIN","03/05/2026","2257","Tornado","","EFU","0","0","0","0","CST-6","","210603","C","129","OUN","0","0","Storm Chaser","","1","200","5.5","W","5.05","WNW","BERLIN","03/05/2026","2259","35.46","-99.727","35.471","-99.716","A storm chaser observed a tornado south of Cheyenne. No damage was reported and the location is estimated to be in southern Roger Mills County about 5 miles west-northwest of Berlin.","Scattered severe thunderstorms impacted portions of western and northern Oklahoma from the late evening of the 5th into early morning hours of the 6th. This activity developed in the vicinity of a dryline as a deep upper trough began to establish across the Four Coners. As a nocturnal low-level jet strengthened after sunset, a pair of cyclic tornadic thunderstorms emerged from the eastern Texas Panhandle into northern Oklahoma. In addition to several tornadoes, including a deadly tornado west of Fairview in Major County, large hail and eventually damaging wind gusts were observed with severe convection across the region.","OKLAHOMA"
"1325192","CREEK CO.","HILTON","04/14/2026","2052","Tornado","","EF1","0","0","500000","0","CST-6","","211938","C","37","TSA","0","0","NWS Storm Survey","","0.5","175","1.85","NNE","2.2","NNE","HILTON","04/14/2026","2053","36.045","-96.038","36.0471","-96.0296","This is the first segment of a two-segment tornado. The tornado developed south of W 81st Street S and just west of S 39th West Avenue. The tornado moved east-northeast damaging the roofs of several homes, some severely, destroying outbuildings, snapping or uprooting numerous trees, and snapping power poles before it crossed into Tulsa County near W 81st Street S. The tornado produced a tornadic debris signature from the KINX WSR-88D. Based on this damage, maximum estimated wind in this segment of the tornado was 100 to 110 mph.","Strong to severe thunderstorms developed over central Oklahoma during the early evening of the 14th, ahead of a dry line and an approaching upper level disturbance. The thunderstorms moved eastward into eastern Oklahoma during the late evening as they organized into a squall line. The line of thunderstorms produced several tornadoes and damaging wind.||Another round of strong to severe thunderstorms developed across portions of eastern Oklahoma during the afternoon and evening of the 15th. The strongest thunderstorms produced large hail up to two inches in diameter and damaging wind.","OKLAHOMA"
"1325197","TULSA CO.","BOZARTH","04/14/2026","2053","Tornado","","EF1","0","0","100000","0","CST-6","","211938","C","143","TSA","0","0","NWS Storm Survey","","1.2","225","2.34","SSW","1.9","SSE","BOZARTH","04/14/2026","2054","36.047","-96.0295","36.054","-96.009","This is the second segment of a two-segment tornado. The tornado crossed into Tulsa County near W 81st Street S. In Tulsa County, the tornado damaged several homes, uprooted numerous trees, snapped the trunks of some trees, and blew down power lines until it dissipated near Highway 75, north of W 78th Street S. Based on this damage, maximum estimated wind in this segment of the tornado was 95 to 105 mph.","Strong to severe thunderstorms developed over central Oklahoma during the early evening of the 14th, ahead of a dry line and an approaching upper level disturbance. The thunderstorms moved eastward into eastern Oklahoma during the late evening as they organized into a squall line. The line of thunderstorms produced several tornadoes and damaging wind.||Another round of strong to severe thunderstorms developed across portions of eastern Oklahoma during the afternoon and evening of the 15th. The strongest thunderstorms produced large hail up to two inches in diameter and damaging wind.","OKLAHOMA"
"1325200","MUSKOGEE CO.","MEYER","04/14/2026","2157","Tornado","","EF1","0","0","750000","0","CST-6","","211938","C","101","TSA","0","0","NWS Storm Survey","","14.3","1000","0.94","ENE","4.66","SE","FT GIBSON","04/14/2026","2213","35.676","-95.415","35.756","-95.187","This tornado developed just east of Highway 69, northeast of Summit, where trees were uprooted, homes were damaged, and power poles were snapped. The tornado moved northeast across Highway 64, damaging numerous homes, snapping and uprooting trees, and snapping power poles. It then crossed Highway 351 and turned to the east along Hancock Street, before crossing the Arkansas River and dissipating east of Highway 10. A few trees were uprooted and numerous large tree limbs were snapped in the path east of Highway 351. Based on this damage, maximum estimated wind in the tornado was 100 to 110 mph.","Strong to severe thunderstorms developed over central Oklahoma during the early evening of the 14th, ahead of a dry line and an approaching upper level disturbance. The thunderstorms moved eastward into eastern Oklahoma during the late evening as they organized into a squall line. The line of thunderstorms produced several tornadoes and damaging wind.||Another round of strong to severe thunderstorms developed across portions of eastern Oklahoma during the afternoon and evening of the 15th. The strongest thunderstorms produced large hail up to two inches in diameter and damaging wind.","OKLAHOMA"
"1325203","CHEROKEE CO.","ZEB","04/14/2026","2224","Tornado","","EF1","0","0","150000","0","CST-6","","211938","C","21","TSA","0","0","NWS Storm Survey","","7.7","1100","1.51","ESE","1.79","ENE","PARK HILL","04/14/2026","2233","35.81","-95.026","35.884","-94.923","This tornado developed west of the S 490 Road and south of the W 830 Road. It moved northeast toward Park Hill, crossed Highway 82 and Murrel Road. The tornado uprooted numerous trees, damaged outbuildings, snapped numerous large tree limbs, and blew down power poles. A few trees were uprooted as it moved across Willis Road, then crossed the Illinois River and dissipated after producing more tree damage on the E 785 Road. Based on this damage, maximum estimated wind in the tornado was 95 to 105 mph.","Strong to severe thunderstorms developed over central Oklahoma during the early evening of the 14th, ahead of a dry line and an approaching upper level disturbance. The thunderstorms moved eastward into eastern Oklahoma during the late evening as they organized into a squall line. The line of thunderstorms produced several tornadoes and damaging wind.||Another round of strong to severe thunderstorms developed across portions of eastern Oklahoma during the afternoon and evening of the 15th. The strongest thunderstorms produced large hail up to two inches in diameter and damaging wind.","OKLAHOMA"
"1325204","CHEROKEE CO.","ELDON","04/14/2026","2238","Tornado","","EF0","0","0","0","0","CST-6","","211938","C","21","TSA","0","0","NWS Storm Survey","","2.3","600","2.01","S","2.05","ESE","ELDON","04/14/2026","2240","35.901","-94.832","35.917","-94.797","This is the first segment of a three-segment tornado. The tornado developed south of Highway 51, southeast of Eldon, where numerous large tree limbs were snapped.  It moved northeast into Adair County, south of the 754 Road. Based on this damage, maximum estimated wind in this segment of the tornado was 80 to 85 mph.","Strong to severe thunderstorms developed over central Oklahoma during the early evening of the 14th, ahead of a dry line and an approaching upper level disturbance. The thunderstorms moved eastward into eastern Oklahoma during the late evening as they organized into a squall line. The line of thunderstorms produced several tornadoes and damaging wind.||Another round of strong to severe thunderstorms developed across portions of eastern Oklahoma during the afternoon and evening of the 15th. The strongest thunderstorms produced large hail up to two inches in diameter and damaging wind.","OKLAHOMA"
"1325206","ADAIR CO.","TITANIC","04/14/2026","2240","Tornado","","EF1","0","0","70000","0","CST-6","","211938","C","1","TSA","0","0","NWS Storm Survey","","16.4","800","1.51","NW","3.74","NNE","WESTVILLE","04/14/2026","2257","35.917","-94.797","36.028","-94.539","This is the second segment of a three-segment tornado. The tornado moved into Adair County south of the 754 Road, and into rugged terrain. Trees were uprooted as it moved across the 4630 Roads southwest of Christie, and the roof of a manufactured home was damaged. The tornado uprooted numerous trees and snapped numerous large tree limbs along Highway 62, with more trees uprooted along Cemetery Road and Highway 59, and along the 4750 Road before moving into Washington County, AR. Based on this damage, maximum estimated wind in this segment of the tornado was 90 to 100 mph.","Strong to severe thunderstorms developed over central Oklahoma during the early evening of the 14th, ahead of a dry line and an approaching upper level disturbance. The thunderstorms moved eastward into eastern Oklahoma during the late evening as they organized into a squall line. The line of thunderstorms produced several tornadoes and damaging wind.||Another round of strong to severe thunderstorms developed across portions of eastern Oklahoma during the afternoon and evening of the 15th. The strongest thunderstorms produced large hail up to two inches in diameter and damaging wind.","OKLAHOMA"
"1325210","ADAIR CO.","BARON","04/14/2026","2254","Tornado","","EF1","0","0","0","0","CST-6","","211938","C","1","TSA","0","0","NWS Storm Survey","","3","700","4.53","SE","5.84","ESE","BARON","04/14/2026","2257","35.876","-94.56","35.902","-94.518","This is the first segment of a two-segment tornado. The tornado developed just west of Piney Road, south of the 782 Road, where trees were uprooted. The tornado moved northeast uprooting trees along Piney Road and the 4765 Road, before crossing into Washington County, AR. Based on this damage, maximum estimated wind in this segment of the tornado was 90 to 100 mph.","Strong to severe thunderstorms developed over central Oklahoma during the early evening of the 14th, ahead of a dry line and an approaching upper level disturbance. The thunderstorms moved eastward into eastern Oklahoma during the late evening as they organized into a squall line. The line of thunderstorms produced several tornadoes and damaging wind.||Another round of strong to severe thunderstorms developed across portions of eastern Oklahoma during the afternoon and evening of the 15th. The strongest thunderstorms produced large hail up to two inches in diameter and damaging wind.","OKLAHOMA"
"1325214","PITTSBURG CO.","KIOWA","04/24/2026","1604","Tornado","","EF1","0","0","250000","0","CST-6","","211941","C","121","TSA","0","0","NWS Storm Survey","","2.3","650","1.87","WNW","0.45","ESE","KIOWA","04/24/2026","1608","34.729","-95.931","34.717","-95.893","This tornado developed north of Harper Valley Road and west of Poe Lane. It moved east-southeast across Harper Valley Road, where trees were uprooted and large tree limbs were snapped. The tornado then moved southeast across Kiowa, where numerous trees were uprooted or snapped, homes were damaged, outbuildings were destroyed, and power poles were snapped. It then dissipated just southeast of Kiowa. Based on this damage, maximum estimated wind in the tornado was 95 to 105 mph.","Strong thunderstorms developed into northeastern Oklahoma during the late evening of the 23rd, as a cold front moved into the area. The strongest thunderstorms produced hail up to nickel size. ||Another round of thunderstorms developed along the cold front over east central and southeastern Oklahoma during the afternoon of the 24th. The strongest thunderstorms produced large hail up to golf ball size and a tornado.","OKLAHOMA"
"1325216","CHOCTAW CO.","SPEER","04/28/2026","1554","Tornado","","EF1","0","0","150000","0","CST-6","","211947","C","23","TSA","0","0","NWS Storm Survey","","8.5","550","3.28","ENE","1.39","S","SPENCERVILLE","04/28/2026","1606","34.13","-95.494","34.11","-95.348","This tornado developed west of the 4240 Road, near Pinekke Road. It moved east-southeast snapping large tree limbs and uprooting small trees. The tornado crossed Highway 93 on the northern banks of Lake Hugo, where some trees were uprooted and large tree limbs were snapped. Numerous trees were uprooted and a few were snapped south of Apple, and a home was damaged. It continued to move east-southeast across the E2000 Road, and then crossed Highway 147 before dissipating over rugged terrain. Based on this damage, maximum estimated wind in the tornado was 95 to 105 mph.","A couple rounds of strong to severe thunderstorms developed across eastern Oklahoma on the 28th, as a warm front stretched across southeastern Oklahoma and an upper level disturbance approached from the west. The atmosphere across the area was moderately unstable with strong deep-layer wind shear, the combination of which supported the development of some supercell thunderstorms. A tornado, isolated damaging wind, and large hail up to two inches in diameter occurred with the strongest thunderstorms.","OKLAHOMA"
"1325218","OSAGE CO.","FORAKER","04/26/2026","1857","Tornado","","EF1","0","0","10000","0","CST-6","","211945","C","113","TSA","0","0","Broadcast Media","","1.4","400","2.12","WSW","1.3","SSW","FORAKER","04/26/2026","1902","36.853","-96.582","36.852","-96.557","This tornado was witnessed by numerous storm chasers and remained over mainly open country. Power poles were snapped by the tornado on Foraker Road, south of Foraker. Otherwise, no known damage occurred from this tornado. Based on this damage, maximum estimated wind in the tornado was 85 to 95 mph.","Severe thunderstorms developed across northeastern Oklahoma during the evening of the 26th, near a warm front as an upper level disturbance approached the region from the west. The atmosphere across eastern Oklahoma became very unstable during the afternoon and early evening and the deep-layer wind shear was strong with the approach of the upper level disturbance. Some of the thunderstorms were able to develop into supercells due to the favorable combination of instability and wind shear. Several tornadoes and large hail up to quarter size occurred with the strongest thunderstorms.","OKLAHOMA"
"1325220","OSAGE CO.","FORAKER","04/26/2026","1900","Tornado","","EFU","0","0","0","0","CST-6","","211945","C","113","TSA","0","0","Storm Chaser","","0.3","75","1.41","SSW","1.42","SSW","FORAKER","04/26/2026","1901","36.853","-96.564","36.851","-96.56","This was a satellite tornado that occurred simultaneously with a portion of the Foraker tornado, and was witnessed by numerous storm chasers. It remained over open country with no known damage.  The path details were based on the storm chaser observations and radar data.","Severe thunderstorms developed across northeastern Oklahoma during the evening of the 26th, near a warm front as an upper level disturbance approached the region from the west. The atmosphere across eastern Oklahoma became very unstable during the afternoon and early evening and the deep-layer wind shear was strong with the approach of the upper level disturbance. Some of the thunderstorms were able to develop into supercells due to the favorable combination of instability and wind shear. Several tornadoes and large hail up to quarter size occurred with the strongest thunderstorms.","OKLAHOMA"
"1325225","OSAGE CO.","PEARSONIA","04/26/2026","1942","Tornado","","EFU","0","0","0","0","CST-6","","211945","C","113","TSA","0","0","NWS Employee","","1.4","100","5.35","ENE","5.99","ENE","PEARSONIA","04/26/2026","1947","36.832","-96.362","36.818","-96.344","This tornado was observed and documented by research meteorologists. It remained over open country with no known damage. The path details were based on their observations and radar data.","Severe thunderstorms developed across northeastern Oklahoma during the evening of the 26th, near a warm front as an upper level disturbance approached the region from the west. The atmosphere across eastern Oklahoma became very unstable during the afternoon and early evening and the deep-layer wind shear was strong with the approach of the upper level disturbance. Some of the thunderstorms were able to develop into supercells due to the favorable combination of instability and wind shear. Several tornadoes and large hail up to quarter size occurred with the strongest thunderstorms.","OKLAHOMA"
"1325230","OSAGE CO.","BIGHEART","04/26/2026","1957","Tornado","","EFU","0","0","0","0","CST-6","","211945","C","113","TSA","0","0","Storm Chaser","","1.4","100","5.11","SW","4.34","SSW","BIGHEART","04/26/2026","2001","36.799","-96.287","36.797","-96.262","This tornado was observed by several storm chasers. It remained over open country with no known damage. The path details were based on the storm chaser observations and radar data.","Severe thunderstorms developed across northeastern Oklahoma during the evening of the 26th, near a warm front as an upper level disturbance approached the region from the west. The atmosphere across eastern Oklahoma became very unstable during the afternoon and early evening and the deep-layer wind shear was strong with the approach of the upper level disturbance. Some of the thunderstorms were able to develop into supercells due to the favorable combination of instability and wind shear. Several tornadoes and large hail up to quarter size occurred with the strongest thunderstorms.","OKLAHOMA"
"1326478","MCCURTAIN CO.","OAK HILL","03/10/2026","2330","Tornado","","EF2","0","1","500000","0","CST-6","","212105","C","89","SHV","0","0","NWS Storm Survey","","2.35","240","1.51","WNW","2.31","N","OAK HILL","03/10/2026","2337","34.0403","-94.8532","34.0628","-94.8223","A line of severe thunderstorms moved into McCurtain County, Oklahoma, late in the evening on March 10th. Circulations were embedded within this line of thunderstorms,  with one of which producing an EF2 tornado with estimated maximum winds near 118 mph that began on Old Golden Highway, resulting in snapped trees and the loss of shingles to a local residence. The tornado then continued east, reaching Thomas Road near the intersection of Old Golden Highway where more trees were snapped and uprooted and a barn/shed experienced damage to the roof. The tornado then began to pick up in intensity as it moved across Oak Hill Road where numerous trees were snapped and uprooted. As the tornado then continued northeast towards Rhoden Road, it caused significant damage to a family residence, resulting in the collapse of most exterior walls and an injury to the occupant who had to be airlifted to the hospital. Trees were then uprooted and fell onto this residence, causing additional damage. Next door to this home, significant damage was found to other structures as well as additional tree damage. Just before reaching Rhoden Road, another residence was damaged, where areas of the roof were uplifted, multiple trees were snapped and uprooted, and the neighboring barn experienced significant roof damage. The tornado then moved north/northeast of the road, pushing a small outbuilding off of its foundation and snapping and uprooting more trees before lifting as it crossed Highway 3.","Scattered strong to severe thunderstorms extended from Southeast Oklahoma down across Central Texas late in the evening on March 10th, with the most organized threat area over Northeast Texas into Southeast Oklahoma and Southwest Arkansas. Effective storm-relative helicity ahead of the prominent line of thunderstorms was quite favorable for low-level rotation, and instability was rather strong as well. The VAD wind profile from the Shreveport Doppler Radar indicated a very favorable hodograph for rotating storms with 0-1 km storm-relative helicity over 250 m2/s2. As a result, severe thunderstorms produced an isolated tornado and some damaging wind gusts in parts of McCurtain County just prior to midnight on March 10th.","OKLAHOMA"
"1326487","MARION CO.","BEREA","03/07/2026","309","Tornado","","EF2","0","2","500000","0","CST-6","","211845","C","315","SHV","0","0","NWS Storm Survey","","3.02","233","3.09","NE","2.63","WSW","LODI","03/07/2026","314","32.8345","-94.3661","32.8595","-94.3235","Early on the morning of March 7th, a severe thunderstorm produced an EF2 tornado with estimated maximum winds near 115 mph near the community of Prospect in Northern Marion County, Texas. The tornado initially touched down just west of U.S. Highway 59 where multiple snapped trunks of hardwood trees were noted. As the tornado continued east, it heavily damaged several structures. A residential home west of the highway was damaged by a fallen tree. Next to the home, a barn was completely destroyed, with only the wooden frame remaining. Debris from the barn along with the barn's contents were strewn across the front yard and into the highway median and onto the northbound side of the highway. Just to the east of U.S. Highway 59, another residential home experienced significant damage after being shifted feet away from its foundation. Several large hardwood trees were also uprooted and fell onto a nearby shed. Just north of this home, another home experienced tornado damage. In the backyard of this home, a small shed was completely destroyed, with contents strewn across the yard, along with damage to vehicles. At this residence, a camper was tossed and rolled into another nearby shed, where multiple occupants were thrown about and injured. The tornado continued east/northeast, snapping and uprooting numerous trees before moving into additional residential areas on East Prospect Road. Here, additional damage to several roofs was noted, sheds and barns experienced significant damage, along with major hardwood tree snaps and downed power lines. The tornado weakened as it moved northeast away from East Prospect Road and crossed Scotts Bayou. Some tree damage was found along Hall Road before the tornado then lifted as it moved east along East CC Road and toward the town of Lodi.","Strong to severe thunderstorms developed in advance of a cold front on the morning of March 7th from eastern Oklahoma into western Arkansas. Wind profiles were quite favorable for organized thunderstorms, with moderate deep-layer shear and effective storm-relative helicity near/above 250 m2/s2. Further analysis also indicated a modest increase in MLCAPE overnight into the early morning hours in the pre-frontal warm air regime, as rich low-level moisture was transported into the region from the southwest. Farther south, storms also increased in coverage and intensity across Northeast Texas, within the zone of deep and rich low-level moisture. This led to some intensification of convection prior to the arrival of the approaching cold front, with one thunderstorm producing a tornado near the Prospect community in central Marion County.","TEXAS"
"1329287","WILBARGER CO.","HARROLD","04/01/2026","1946","Tornado","","EF0","0","0","0","0","CST-6","","211762","C","487","OUN","0","0","Storm Chaser","","0.2","40","4","NNW","4","NNW","HARROLD","04/01/2026","1947","34.1335","-99.0568","34.1335","-99.0568","A storm chaser observed a tornado north-northwest of Harrold. No damage was reported and the location of the tornado is estimated.","An intensifying upper storm system instigated a period of severe thunderstorms across much of the WFO Norman Forecast area during the evening of the 1st. Storm development occurred both along a quasi-stationary boundary across northern Oklahoma and along an accelerating Pacific Front from far western Oklahoma into western-north Texas. A mix of supercells and a well-developed quasi-linear convective system (QLCS) yielded reports of large to very large hail and wind damage across portions of the area. A brief tornado was also documented in far eastern Wilbarger County in Texas.","TEXAS"
"1329297","OKLAHOMA CO.","(OKC)WILL ROGERS APT","04/03/2026","2002","Tornado","","EF1","0","0","50000","0","CST-6","","211763","C","109","OUN","0","0","NWS Storm Survey","","2.9","50","0.31","NE","3.01","E","(OKC)WILL ROGERS APT","04/03/2026","2007","35.393","-97.596","35.384","-97.547","A spotter, chaser and an Oklahoma Highway Patrol officer each reported seeing this tornado near Interstate 44 and Interstate 240 on the southwest side of Oklahoma City. This tornado likely developed on the airport grounds of Will Rogers International Airport, south or southeast of the terminal building and moved east southeast, although thunderstorm wind damage was also observed on the airport grounds. After passing over Portland Avenue and damaging a road sign on Interstate 44, the tornado then hit Oklahoma City Community College (OCCC) breaking a few windows on campus. Continuing east-southeast, the tornado damaged roofs and trees near SW 81st Street and Villa Avenue, and damaged a mobile home near SW 82nd Street and Pennsylvania Avenue.","A high-amplitude (closed) upper storm system moved eastward across the Rockies on the 3rd and fostered a severe convective episode across portions of Oklahoma and western-north Texas. Initial thunderstorm development during the afternoon focused along a cold front from southwest into north-central Oklahoma, with a mix of multicell and supercell storm modes producing hail. Later in the evening, an intense complex of thunderstorms moved from west-central into east-central Oklahoma, including across the Oklahoma City Metropolitan area. This cluster produced swaths of damaging winds and several tornadoes. By the late evening, increasing frontal thunderstorms moved towards the Red River, producing intermittent wind gusts/damage and flooding.","OKLAHOMA"
"1329301","POTTAWATOMIE CO.","DALE","04/03/2026","2047","Tornado","","EF0","0","0","20000","0","CST-6","","211763","C","125","OUN","0","0","NWS Storm Survey","","4.6","40","0.56","W","3.68","ENE","DALE","04/03/2026","2052","35.39","-97.06","35.411","-96.99","The first of two tornadoes in Pottawatomie County began west of Dale and north of I-40, near S3340 Road. This tornado produced sporadic damage between I-40 and Westech Road, just south of Dale. Damage to trees and a few power lines was noted |as the tornado curved to the northeast. A tree was uprooted just south |of Garretts Lake Road and US Highway 177 north of Shawnee. The tornado |dissipated a short time later.","A high-amplitude (closed) upper storm system moved eastward across the Rockies on the 3rd and fostered a severe convective episode across portions of Oklahoma and western-north Texas. Initial thunderstorm development during the afternoon focused along a cold front from southwest into north-central Oklahoma, with a mix of multicell and supercell storm modes producing hail. Later in the evening, an intense complex of thunderstorms moved from west-central into east-central Oklahoma, including across the Oklahoma City Metropolitan area. This cluster produced swaths of damaging winds and several tornadoes. By the late evening, increasing frontal thunderstorms moved towards the Red River, producing intermittent wind gusts/damage and flooding.","OKLAHOMA"
"1329304","POTTAWATOMIE CO.","AYDELOTTE","04/03/2026","2057","Tornado","","EF1","0","0","150000","0","CST-6","","211763","C","125","OUN","0","0","NWS Storm Survey","","3.5","150","2.69","WSW","3.39","S","AYDELOTTE","04/03/2026","2103","35.423","-96.953","35.391","-96.91","A few minutes after the tornado near Dale dissipated, a separate circulation was noted on radar, which tightened and moved to the south and southeast. This tornado likely began northwest of the Leo Avenue and Wolverine Road intersection. While moving to the southeast, sporadic EF0 damage to trees was noted on Leo Avenue, north of Garretts Lake Road. EF1 damage was assessed to a gas station awning along Oklahoma State Highway 18 and Westech Road.","A high-amplitude (closed) upper storm system moved eastward across the Rockies on the 3rd and fostered a severe convective episode across portions of Oklahoma and western-north Texas. Initial thunderstorm development during the afternoon focused along a cold front from southwest into north-central Oklahoma, with a mix of multicell and supercell storm modes producing hail. Later in the evening, an intense complex of thunderstorms moved from west-central into east-central Oklahoma, including across the Oklahoma City Metropolitan area. This cluster produced swaths of damaging winds and several tornadoes. By the late evening, increasing frontal thunderstorms moved towards the Red River, producing intermittent wind gusts/damage and flooding.","OKLAHOMA"
"1329305","SEMINOLE CO.","LITTLE","04/03/2026","2106","Tornado","","EF1","0","0","20000","0","CST-6","","211763","C","133","OUN","0","0","NWS Storm Survey","","4","200","5.1","W","3.54","NNW","LITTLE","04/03/2026","2112","35.358","-96.76","35.393","-96.704","This tornado began near the NS 3510 County Road and EW 1140 County Road intersection. The tornado produced tree and power line damage as it moved northeast. EF1 tree damage was noted along EW 1130 Road, just south of Interstate 40, where large tree limbs were broken off. The tornado then crossed Interstate 40 just east of the Seminole Rest Area and damage trees and fences near E1120 Road and S354 Road before dissipating.","A high-amplitude (closed) upper storm system moved eastward across the Rockies on the 3rd and fostered a severe convective episode across portions of Oklahoma and western-north Texas. Initial thunderstorm development during the afternoon focused along a cold front from southwest into north-central Oklahoma, with a mix of multicell and supercell storm modes producing hail. Later in the evening, an intense complex of thunderstorms moved from west-central into east-central Oklahoma, including across the Oklahoma City Metropolitan area. This cluster produced swaths of damaging winds and several tornadoes. By the late evening, increasing frontal thunderstorms moved towards the Red River, producing intermittent wind gusts/damage and flooding.","OKLAHOMA"
"1329594","OKLAHOMA CO.","VALLEY BROOK","04/03/2026","2015","Tornado","","EF0","0","0","20000","0","CST-6","","211763","C","109","OUN","0","0","Emergency Manager","","2.31","50","1.88","NE","1.49","WNW","(TIK)TINKER AFB","04/03/2026","2019","35.419","-97.456","35.417","-97.415","This tornado was embedded within a larger area of wind damage. Oklahoma City Emergency Management reported areas of tree damage from just southeast of SE 44th St and Bryant Road to along SE 48th Street and SE 47th Street east of Sooner Road, or just west of Tinker AFB. One tree near Southeast 48th Street and Royal Lane was blown onto a mobile home.","A high-amplitude (closed) upper storm system moved eastward across the Rockies on the 3rd and fostered a severe convective episode across portions of Oklahoma and western-north Texas. Initial thunderstorm development during the afternoon focused along a cold front from southwest into north-central Oklahoma, with a mix of multicell and supercell storm modes producing hail. Later in the evening, an intense complex of thunderstorms moved from west-central into east-central Oklahoma, including across the Oklahoma City Metropolitan area. This cluster produced swaths of damaging winds and several tornadoes. By the late evening, increasing frontal thunderstorms moved towards the Red River, producing intermittent wind gusts/damage and flooding.","OKLAHOMA"
"1329620","PONTOTOC CO.","ROFF","04/25/2026","1826","Tornado","","EF0","0","0","0","0","CST-6","","211773","C","123","OUN","0","0","Trained Spotter","","1","30","1.77","WSW","1.34","SSW","ROFF","04/25/2026","1829","34.616","-96.866","34.612","-96.849","Storm spotters including a research meteorologist observed a tornado southwest of Roff. No damage was reported and the path is estimated.","Another widespread thunderstorm and severe weather period impacted the southern one-half of Oklahoma and adjacent north Texas on the evening of the 25th. This event included several supercell thunderstorms across this area, including a cyclic tornadic supercell that moved in areas south of Wichita Falls, Texas into Archer and Clay Counties. Several other (generally brief) tornadoes occurred with storms across south-central and southeastern Oklahoma, though signal of residual inhibition and numerous storm interactions on the cool side of a quasi-stationary boundary generally limited low-level mesocyclone organization and longevity. Large hail and sporadic wind damage also occurred with storms across the region.","OKLAHOMA"
"1329622","GARVIN CO.","PAULS VALLEY","04/25/2026","1835","Tornado","","EF0","0","0","0","0","CST-6","","211773","C","49","OUN","0","0","Storm Chaser","","0.3","40","5","ESE","5","ESE","PAULS VALLEY","04/25/2026","1835","34.7123","-97.1387","34.7123","-97.1387","A storm chaser posted a photo on X/Twitter of a brief tornado northeast of Wynnewood, or estimated to be about 5 miles east-southeast of Pauls Valley. No damage was reported.","Another widespread thunderstorm and severe weather period impacted the southern one-half of Oklahoma and adjacent north Texas on the evening of the 25th. This event included several supercell thunderstorms across this area, including a cyclic tornadic supercell that moved in areas south of Wichita Falls, Texas into Archer and Clay Counties. Several other (generally brief) tornadoes occurred with storms across south-central and southeastern Oklahoma, though signal of residual inhibition and numerous storm interactions on the cool side of a quasi-stationary boundary generally limited low-level mesocyclone organization and longevity. Large hail and sporadic wind damage also occurred with storms across the region.","OKLAHOMA"
"1329627","GARVIN CO.","PAULS VALLEY","04/25/2026","1852","Tornado","","EFU","0","0","0","0","CST-6","","211773","C","49","OUN","0","0","Storm Chaser","","0.5","200","7","E","7","E","PAULS VALLEY","04/25/2026","1855","34.74","-97.0967","34.74","-97.0967","A storm chaser posted a photo on X/Twitter of a well-developed tornado estimated to be approximately 7 miles east of Pauls Valley. Despite the well-developed character of the tornado, no damage was reported. It is unknown how long this tornado lasted.","Another widespread thunderstorm and severe weather period impacted the southern one-half of Oklahoma and adjacent north Texas on the evening of the 25th. This event included several supercell thunderstorms across this area, including a cyclic tornadic supercell that moved in areas south of Wichita Falls, Texas into Archer and Clay Counties. Several other (generally brief) tornadoes occurred with storms across south-central and southeastern Oklahoma, though signal of residual inhibition and numerous storm interactions on the cool side of a quasi-stationary boundary generally limited low-level mesocyclone organization and longevity. Large hail and sporadic wind damage also occurred with storms across the region.","OKLAHOMA"
"1329630","GARVIN CO.","WYNNEWOOD","04/25/2026","1909","Tornado","","EFU","0","0","0","0","CST-6","","211773","C","49","OUN","0","0","NWS Employee","","0.5","75","8","E","8","E","WYNNEWOOD","04/25/2026","1911","34.658","-97.021","34.658","-97.021","An off duty Storm Prediction Center employee observed a tornado north of Highway 29 east of Wynnewood. No damage was reported and the specific location of the tornado is estimated.","Another widespread thunderstorm and severe weather period impacted the southern one-half of Oklahoma and adjacent north Texas on the evening of the 25th. This event included several supercell thunderstorms across this area, including a cyclic tornadic supercell that moved in areas south of Wichita Falls, Texas into Archer and Clay Counties. Several other (generally brief) tornadoes occurred with storms across south-central and southeastern Oklahoma, though signal of residual inhibition and numerous storm interactions on the cool side of a quasi-stationary boundary generally limited low-level mesocyclone organization and longevity. Large hail and sporadic wind damage also occurred with storms across the region.","OKLAHOMA"
"1329640","PONTOTOC CO.","ROFF","04/25/2026","1849","Tornado","","EFU","0","0","0","0","CST-6","","211773","C","123","OUN","0","0","Storm Chaser","","1.3","100","4.9","SSE","6.07","SE","ROFF","04/25/2026","1853","34.57","-96.794","34.559","-96.777","A number of storm chasers observed a dynamic tornado in southwestern Pontotoc County to the east of Hickory. No damage was reported and the path of the tornado is estimated.","Another widespread thunderstorm and severe weather period impacted the southern one-half of Oklahoma and adjacent north Texas on the evening of the 25th. This event included several supercell thunderstorms across this area, including a cyclic tornadic supercell that moved in areas south of Wichita Falls, Texas into Archer and Clay Counties. Several other (generally brief) tornadoes occurred with storms across south-central and southeastern Oklahoma, though signal of residual inhibition and numerous storm interactions on the cool side of a quasi-stationary boundary generally limited low-level mesocyclone organization and longevity. Large hail and sporadic wind damage also occurred with storms across the region.","OKLAHOMA"
"1329643","JOHNSTON CO.","TROY","04/25/2026","1913","Tornado","","EF0","0","0","0","0","CST-6","","211773","C","69","OUN","0","0","Storm Chaser","","0.5","20","2.27","WNW","2.27","WNW","TROY","04/25/2026","1914","34.344","-96.816","34.344","-96.816","Storm chasers captured video of a thin tornado a few miles south-southeast of Mill Creek. No damage was reported and the location of the tornado is estimated.","Another widespread thunderstorm and severe weather period impacted the southern one-half of Oklahoma and adjacent north Texas on the evening of the 25th. This event included several supercell thunderstorms across this area, including a cyclic tornadic supercell that moved in areas south of Wichita Falls, Texas into Archer and Clay Counties. Several other (generally brief) tornadoes occurred with storms across south-central and southeastern Oklahoma, though signal of residual inhibition and numerous storm interactions on the cool side of a quasi-stationary boundary generally limited low-level mesocyclone organization and longevity. Large hail and sporadic wind damage also occurred with storms across the region.","OKLAHOMA"
"1329645","JOHNSTON CO.","REAGAN","04/25/2026","1900","Tornado","","EF0","0","0","0","0","CST-6","","211773","C","69","OUN","0","0","Storm Chaser","","0.2","20","5","ESE","5","ESE","REAGAN","04/25/2026","1900","34.3223","-96.639","34.3223","-96.639","A storm chaser reported a very brief tornado near US-377 approximately 5 miles east-southeast of Reagan. No damage was reported and the location of the tornado is estimated.","Another widespread thunderstorm and severe weather period impacted the southern one-half of Oklahoma and adjacent north Texas on the evening of the 25th. This event included several supercell thunderstorms across this area, including a cyclic tornadic supercell that moved in areas south of Wichita Falls, Texas into Archer and Clay Counties. Several other (generally brief) tornadoes occurred with storms across south-central and southeastern Oklahoma, though signal of residual inhibition and numerous storm interactions on the cool side of a quasi-stationary boundary generally limited low-level mesocyclone organization and longevity. Large hail and sporadic wind damage also occurred with storms across the region.","OKLAHOMA"
"1329777","KAY CO.","PONCA CITY","04/17/2026","1755","Tornado","","EF0","0","0","10000","0","CST-6","","211769","C","71","OUN","0","0","NWS Storm Survey","","5.1","100","4.21","WSW","1.36","SE","PONCA CITY","04/17/2026","1801","36.683","-97.153","36.685","-97.064","An OKC television storm chaser observed this tornado develop southwest of the intersection of US-60 and SH-156 to the west of Ponca City. The tornado initially moved northeast crossing US-60, and then turned east-southeast after crossing Ranch Drive. Tree damage was noted just north and along the US-60 and US-60-Business interchange. The tornado continued east into the far southern portion of Ponca City. A power pole bent and a trees were damaged in far south Ponca City. The tornado crossed the Arkansas River into Osage County (see Storm Data from NWS Tulsa).","A severe weather episode, with widespread reports of large to very large hail and a tornado, impacted portions of northern Oklahoma during the afternoon and evening of the 17th. Numerous supercells developed along a trailing cold front, with strong wind shear and instability promoting hail sizes as large as tennis ball to just smaller than softball with multiple thunderstorms. A more organized supercell also produced a tornado on the south side of Ponca City, continuing into portions of Osage County (see NWS Tulsa writeup for more information). Additional thunderstorm activity continued into the late evening and early morning hours of the 18th, focusing along a southeastward advancing cold front. This portion of the event featured mainly occasional damaging wind gusts and small hail.","OKLAHOMA"
"1329784","KAY CO.","PONCA CITY","04/17/2026","1809","Tornado","","EFU","0","0","0","0","CST-6","","211769","C","71","OUN","0","0","NWS Storm Survey","","2","600","6.54","E","6.02","SW","KAW CITY","04/17/2026","1811","36.687","-96.963","36.692","-96.928","The tornado that began west of Ponca City moved back crossed a bend of the Arkansas River moving back into Kay County from Osage County. This tornado moved through a rural area of bottomlands along the Arkansas River. No known damage occurred in this area before the tornado crossed the Arkansas River again into Osage County. See Storm Data from NWS Tulsa for the documentation of this tornado in Osage County.","A severe weather episode, with widespread reports of large to very large hail and a tornado, impacted portions of northern Oklahoma during the afternoon and evening of the 17th. Numerous supercells developed along a trailing cold front, with strong wind shear and instability promoting hail sizes as large as tennis ball to just smaller than softball with multiple thunderstorms. A more organized supercell also produced a tornado on the south side of Ponca City, continuing into portions of Osage County (see NWS Tulsa writeup for more information). Additional thunderstorm activity continued into the late evening and early morning hours of the 18th, focusing along a southeastward advancing cold front. This portion of the event featured mainly occasional damaging wind gusts and small hail.","OKLAHOMA"
"1329788","KAY CO.","KAW CITY","04/17/2026","1811","Tornado","","EF1","0","0","100000","0","CST-6","","211769","C","71","OUN","0","0","NWS Storm Survey","","0.87","75","5.49","SW","5.49","SW","KAW CITY","04/17/2026","1813","36.709","-96.936","36.7","-96.925","While the tornado that formed west of Ponca City was passing to the south of Kaw Lake, observers witnessed a second tornado develop near the southwest portion of Kaw Lake. The witnesses watched the tornado develop on a hill just northwest of McFadden Cove, and then move southeast across Hideaway Marina causing damage to boat shelters and docks at the marina. The tornado continued southeast as a waterspout over the southwestern portion of Kaw Lake, then moved into Osage County just east of the dam. See the Storm Data report from the NWS office in Tulsa for details of this tornado in Osage County.","A severe weather episode, with widespread reports of large to very large hail and a tornado, impacted portions of northern Oklahoma during the afternoon and evening of the 17th. Numerous supercells developed along a trailing cold front, with strong wind shear and instability promoting hail sizes as large as tennis ball to just smaller than softball with multiple thunderstorms. A more organized supercell also produced a tornado on the south side of Ponca City, continuing into portions of Osage County (see NWS Tulsa writeup for more information). Additional thunderstorm activity continued into the late evening and early morning hours of the 18th, focusing along a southeastward advancing cold front. This portion of the event featured mainly occasional damaging wind gusts and small hail.","OKLAHOMA"
"1329791","MURRAY CO.","DOUGHERTY","04/28/2026","1335","Tornado","","EFU","0","0","0","0","CST-6","","211777","C","99","OUN","0","0","Storm Chaser","","0.5","100","4.91","ENE","4.91","ENE","DOUGHERTY","04/28/2026","1336","34.435","-96.975","34.435","-96.975","A storm chaser observed what was described as a brief, multiple-vortex tornado in an area east of Lake Of The Arbuckles and south of Sulphur. No damage was reported and the specific location of the tornado was estimated.","The final day of a prolonged stretch of severe weather potential (beginning on the 23rd) yielded another round of significant hail, winds and tornadoes across southern Oklahoma into portions of north Texas. A pair of intense supercells (one southeast of Wichita Falls, Texas and another from near Sulphur, Oklahoma to Atoka, Oklahoma) produced large to very large hail, damaging wind gusts and several tornadoes. This included a long-track significant (EF-2) tornado that impacted portions of southern Atoka County with the easternmost supercell.","OKLAHOMA"
"1329800","JOHNSTON CO.","COLEMAN","04/28/2026","1426","Tornado","","EF1","0","0","10000","0","CST-6","","211777","C","69","OUN","0","0","NWS Storm Survey","","1.4","200","1.88","NNW","1.63","NNE","COLEMAN","04/28/2026","1428","34.296","-96.43","34.291","-96.407","This tornado developed near Blue Spring Road just west of State Highway 48 north of Coleman where a barn lost part of its metal roof and trees were snapped. The tornado moved east-southeast damaging trees and another outbuilding at the county line as it crossed into Atoka County.","The final day of a prolonged stretch of severe weather potential (beginning on the 23rd) yielded another round of significant hail, winds and tornadoes across southern Oklahoma into portions of north Texas. A pair of intense supercells (one southeast of Wichita Falls, Texas and another from near Sulphur, Oklahoma to Atoka, Oklahoma) produced large to very large hail, damaging wind gusts and several tornadoes. This included a long-track significant (EF-2) tornado that impacted portions of southern Atoka County with the easternmost supercell.","OKLAHOMA"
"1329803","ATOKA CO.","BOGGY DEPOT STATE PARK","04/28/2026","1428","Tornado","","EF1","0","0","75000","0","CST-6","","211777","C","5","OUN","0","0","NWS Storm Survey","","6.4","200","5.89","WSW","1.45","SSE","BOGGY DEPOT STATE PARK","04/28/2026","1440","34.291","-96.407","34.302","-96.297","This tornado moved into Atoka County from Johnston County and continued moving east-southeast and then east. Tree and outbuilding damage occurred along Butterfield Crossing Road between Featherstone Road and Overland Trail. Crossing Overland Trail, the tornado turned east-northeast and snapped a few more trees near and west of Park Lane. The tornado dissipated near Boggy Depot Road east of Park Lane.","The final day of a prolonged stretch of severe weather potential (beginning on the 23rd) yielded another round of significant hail, winds and tornadoes across southern Oklahoma into portions of north Texas. A pair of intense supercells (one southeast of Wichita Falls, Texas and another from near Sulphur, Oklahoma to Atoka, Oklahoma) produced large to very large hail, damaging wind gusts and several tornadoes. This included a long-track significant (EF-2) tornado that impacted portions of southern Atoka County with the easternmost supercell.","OKLAHOMA"
"1329808","ATOKA CO.","BOGGY DEPOT STATE PARK","04/28/2026","1437","Tornado","","EF2","0","0","1000000","0","CST-6","","211777","C","5","OUN","0","0","NWS Storm Survey","","20.59","1500","4.53","S","5.24","SSE","LANE","04/28/2026","1508","34.255","-96.32","34.228","-95.961","A tornado began near South Bluebird Lane, where a few homes sustained minor roof damage and a large tank was knocked over and rolled. The tornado snapped several trees as it crossed South Park Lane, just north of the West Voca Road intersection. The tornado then paralleled West Voca Road where tree and minor roof damage was noted eastward towards U.S. Highway 69. The tornado then crossed U.S. Highway 69 and Old U.S. Highway 69 just north of Caney, where trees were snapped and uprooted. The tornado continued to the southeast, damaging trees and outbuildings along east Allison Road. The most significant damage occurred near the intersection of Allison Road and Forest Hill Road, where a mobile home was destroyed and other homes received varying degrees of roof damage. The tornado also bent several large metal high-tension power poles east of this intersection along Allison Road. Further to the east, a house along South Sawmill Road lost a significant portion of its roof. Another concentrated area of damage was noted near the East Cottonwood Road and South Iron Stob Road intersection, where several homes, barns and at least one camper were significantly damaged. Two additional residences along East Cottonwood Road experienced light damage as the tornado began to dissipate, just west of Oklahoma State Highway 109A. ||In addition to the tornado, very strong straight-line winds just south of the tornado path caused significant damage in and near Caney. In addition to widespread damage to trees, roofs and outbuildings, an anchored 20-ft storage unit was completely destroyed on the southwest side of town. Maximum wind speeds associated with this wind damage are estimated to be as high as 100-105 mph, similar to portions of the tornado track.","The final day of a prolonged stretch of severe weather potential (beginning on the 23rd) yielded another round of significant hail, winds and tornadoes across southern Oklahoma into portions of north Texas. A pair of intense supercells (one southeast of Wichita Falls, Texas and another from near Sulphur, Oklahoma to Atoka, Oklahoma) produced large to very large hail, damaging wind gusts and several tornadoes. This included a long-track significant (EF-2) tornado that impacted portions of southern Atoka County with the easternmost supercell.","OKLAHOMA"
"1330512","HALE CO.","ALLEY","05/22/2026","1726","Tornado","","EFU","0","0","0","0","CST-6","","212653","C","189","LUB","0","0","Storm Chaser","","0.39","100","2.8","NW","2.59","NW","ALLEY","05/22/2026","1728","33.9296","-101.8634","33.924","-101.8646","Numerous storm chasers reported a short lived dusty tornado just west of Interstate 27 north of Abernathy. The tornado remained in an open field and caused no known damage.","Scattered thunderstorms developed ahead of a dryline and cold front on the afternoon of the 22nd. Storms were initially transient and struggled to become organized due to a lack of deep layer shear across the region. However, numerous outflow boundary formed which initiated new convection and were able to take advantage of a moist and unstable atmosphere. Hail as large as tennis balls were observed in Hale County. The numerous outflow boundaries created enough shear to generate several landspout tornadoes across the area. None of the many landspout tornadoes caused any known damage. Additionally, merging storms in southeastern Hale County produced torrential rainfall which led to flash flooding of roads and fields north of Petersburg.","TEXAS"
"1330694","ARCHER CO.","SCOTLAND","04/25/2026","1704","Tornado","","EFU","0","0","2000","0","CST-6","","211774","C","9","OUN","0","0","Trained Spotter","","1.04","50","7.59","WNW","6.55","WNW","SCOTLAND","04/25/2026","1710","33.711","-98.587","33.704","-98.571","Numerous spotters and chasers observed a tornado east of State Highway 79 and near Coleman Road. The tornado occurred over open pastureland with the only known damage occurring to some cattle feeders near Coleman Road. Much of the tornado path is estimated.","Another widespread thunderstorm and severe weather period impacted the southern one-half of Oklahoma and adjacent north Texas on the evening of the 25th. This event included several supercell thunderstorms across this area, including a cyclic tornadic supercell that moved in areas south of Wichita Falls, Texas into Archer and Clay Counties. Several other (generally brief) tornadoes occurred with storms across south-central and southeastern Oklahoma, though signal of residual inhibition and numerous storm interactions on the cool side of a quasi-stationary boundary generally limited low-level mesocyclone organization and longevity. Large hail and sporadic wind damage also occurred with storms across the region.","TEXAS"
"1330695","ARCHER CO.","SCOTLAND","04/25/2026","1718","Tornado","","EFU","0","0","0","0","CST-6","","211774","C","9","OUN","0","0","Trained Spotter","","0.3","50","2","NW","2","NW","SCOTLAND","04/25/2026","1720","33.6805","-98.4946","33.6805","-98.4946","Spotters observed a tornado northwest of Scotland. No damage was reported and the location of the tornado is estimated.","Another widespread thunderstorm and severe weather period impacted the southern one-half of Oklahoma and adjacent north Texas on the evening of the 25th. This event included several supercell thunderstorms across this area, including a cyclic tornadic supercell that moved in areas south of Wichita Falls, Texas into Archer and Clay Counties. Several other (generally brief) tornadoes occurred with storms across south-central and southeastern Oklahoma, though signal of residual inhibition and numerous storm interactions on the cool side of a quasi-stationary boundary generally limited low-level mesocyclone organization and longevity. Large hail and sporadic wind damage also occurred with storms across the region.","TEXAS"
"1330703","CLAY CO.","BLUEGROVE","04/25/2026","1746","Tornado","","EFU","0","0","0","0","CST-6","","211774","C","77","OUN","0","0","Storm Chaser","","0.5","100","8.5","WSW","7.99","WSW","BLUEGROVE","04/25/2026","1749","33.618","-98.364","33.623","-98.357","Storm chasers observed a tornado northeast of Windthorst and west-southwest of Bluegrove. This tornado occurred over open rangeland and no specific damage was reported. The tornado path is estimated.","Another widespread thunderstorm and severe weather period impacted the southern one-half of Oklahoma and adjacent north Texas on the evening of the 25th. This event included several supercell thunderstorms across this area, including a cyclic tornadic supercell that moved in areas south of Wichita Falls, Texas into Archer and Clay Counties. Several other (generally brief) tornadoes occurred with storms across south-central and southeastern Oklahoma, though signal of residual inhibition and numerous storm interactions on the cool side of a quasi-stationary boundary generally limited low-level mesocyclone organization and longevity. Large hail and sporadic wind damage also occurred with storms across the region.","TEXAS"
"1330704","CLAY CO.","BLUEGROVE","04/25/2026","1752","Tornado","","EFU","0","0","0","0","CST-6","","211774","C","77","OUN","0","0","Storm Chaser","","2.7","440","9.22","WSW","7.97","WSW","BLUEGROVE","04/25/2026","1802","33.615","-98.376","33.622","-98.356","Soon after the previous tornado dissipated, storm spotters and chasers observed another tornado that developed in the same area. This tornado became a large tornado and moved very slowly. KFDR radar data suggests that it may have moved in a loop, but the tornado occurred over open rangeland and no specific damage was reported so the tornado path is estimated.","Another widespread thunderstorm and severe weather period impacted the southern one-half of Oklahoma and adjacent north Texas on the evening of the 25th. This event included several supercell thunderstorms across this area, including a cyclic tornadic supercell that moved in areas south of Wichita Falls, Texas into Archer and Clay Counties. Several other (generally brief) tornadoes occurred with storms across south-central and southeastern Oklahoma, though signal of residual inhibition and numerous storm interactions on the cool side of a quasi-stationary boundary generally limited low-level mesocyclone organization and longevity. Large hail and sporadic wind damage also occurred with storms across the region.","TEXAS"
"1330707","CLAY CO.","JOY","04/25/2026","1816","Tornado","","EF1","0","0","50000","0","CST-6","","211774","C","77","OUN","0","0","Storm Chaser","","1","200","3.22","S","3.75","NNE","SHANNON","04/25/2026","1818","33.534","-98.229","33.519","-98.232","This tornado destroyed a hay barn approximately 4 miles northeast of Shannon off of the Old Joy-Shannon Road and windows were broken at an adjacent farmstead. Except for this damage, the path of the tornado is estimated.","Another widespread thunderstorm and severe weather period impacted the southern one-half of Oklahoma and adjacent north Texas on the evening of the 25th. This event included several supercell thunderstorms across this area, including a cyclic tornadic supercell that moved in areas south of Wichita Falls, Texas into Archer and Clay Counties. Several other (generally brief) tornadoes occurred with storms across south-central and southeastern Oklahoma, though signal of residual inhibition and numerous storm interactions on the cool side of a quasi-stationary boundary generally limited low-level mesocyclone organization and longevity. Large hail and sporadic wind damage also occurred with storms across the region.","TEXAS"
"1330712","CLAY CO.","BELLEVUE","04/25/2026","1818","Tornado","","EFU","0","0","0","0","CST-6","","211774","C","77","OUN","0","0","Storm Chaser","","0.2","150","4","NNE","4","NNE","BELLEVUE","04/25/2026","1818","33.6835","-97.9934","33.6835","-97.9934","A well-developed satellite tornado was observed adjacent to the primary tornado north-northeast of Shannon. The specific location of this tornado is estimated.","Another widespread thunderstorm and severe weather period impacted the southern one-half of Oklahoma and adjacent north Texas on the evening of the 25th. This event included several supercell thunderstorms across this area, including a cyclic tornadic supercell that moved in areas south of Wichita Falls, Texas into Archer and Clay Counties. Several other (generally brief) tornadoes occurred with storms across south-central and southeastern Oklahoma, though signal of residual inhibition and numerous storm interactions on the cool side of a quasi-stationary boundary generally limited low-level mesocyclone organization and longevity. Large hail and sporadic wind damage also occurred with storms across the region.","TEXAS"
"1330938","GRANT CO.","DEER CREEK","04/23/2026","1742","Tornado","","EFU","0","0","0","0","CST-6","","211771","C","53","OUN","0","0","Broadcast Media","","0.94","50","4.99","N","4.91","N","DEER CREEK","04/23/2026","1744","36.881","-97.537","36.881","-97.52","Storm chasers with Oklahoma City television stations observed a tornado southeast of Renfrow and north of Deer Creek. No damage was reported and the path is estimated.","The first of several days of severe weather across the WFO Norman Forecast Area featured intense thunderstorms (supercells) across northern Oklahoma on the evening of the 23rd. An emerging upper trough and sharp dryline facilitated development of scattered intense supercell thunderstorms across portions of northern Oklahoma, with reports of large to very large hail, thunderstorm wind damage and several tornadoes. In addition to a family of well-documented tornadoes from east of Medford, Oklahoma (Grant County) to near Braman, Oklahoma (Kay County), a violent tornado impacted areas around Vance Air Force Base and the south/east extents of Enid, Oklahoma. This tornado prompted a rare Tornado Emergency, the first in the WFO Norman Forecast Area since May 19th, 2024.","OKLAHOMA"
"1330999","KAY CO.","NEWKIRK","04/23/2026","1913","Tornado","","EFU","0","0","0","0","CST-6","","211771","C","71","OUN","0","0","Broadcast Media","","0.6","50","1.26","SE","1.64","SE","NEWKIRK","04/23/2026","1918","36.865","-97.047","36.866","-97.036","An Oklahoma City television station meteorologist observed a tornado develop just southeast of the city limits of Newkirk. This tornado appears to have moved through an open landscape southeast of Newkirk and no damage was reported, so the specific path is estimated.","The first of several days of severe weather across the WFO Norman Forecast Area featured intense thunderstorms (supercells) across northern Oklahoma on the evening of the 23rd. An emerging upper trough and sharp dryline facilitated development of scattered intense supercell thunderstorms across portions of northern Oklahoma, with reports of large to very large hail, thunderstorm wind damage and several tornadoes. In addition to a family of well-documented tornadoes from east of Medford, Oklahoma (Grant County) to near Braman, Oklahoma (Kay County), a violent tornado impacted areas around Vance Air Force Base and the south/east extents of Enid, Oklahoma. This tornado prompted a rare Tornado Emergency, the first in the WFO Norman Forecast Area since May 19th, 2024.","OKLAHOMA"
"1331020","KAY CO.","BRAMAN","04/23/2026","1807","Tornado","","EF0","0","0","0","0","CST-6","","211771","C","71","OUN","0","0","Storm Chaser","","0.4","30","5.27","WSW","5.37","WSW","BRAMAN","04/23/2026","1808","36.9","-97.422","36.895","-97.422","Numerous videos from storm chasers documented a satellite tornado partially rotating around the Braman tornado approximately 5 miles west-southwest of Braman. The path is estimated but likely occurred east of 124th Street moving southwest then southeast crossing Earth Road. If this tornado produced damage, it was indistinguishable from damage caused by the Braman tornado.","The first of several days of severe weather across the WFO Norman Forecast Area featured intense thunderstorms (supercells) across northern Oklahoma on the evening of the 23rd. An emerging upper trough and sharp dryline facilitated development of scattered intense supercell thunderstorms across portions of northern Oklahoma, with reports of large to very large hail, thunderstorm wind damage and several tornadoes. In addition to a family of well-documented tornadoes from east of Medford, Oklahoma (Grant County) to near Braman, Oklahoma (Kay County), a violent tornado impacted areas around Vance Air Force Base and the south/east extents of Enid, Oklahoma. This tornado prompted a rare Tornado Emergency, the first in the WFO Norman Forecast Area since May 19th, 2024.","OKLAHOMA"
"1331038","KAY CO.","BRAMAN","04/23/2026","1815","Tornado","","EFU","0","0","0","0","CST-6","","211771","C","71","OUN","0","0","Storm Chaser","","2.9","50","2.24","WSW","1.71","WSW","BRAMAN","04/23/2026","1820","36.911","-97.369","36.914","-97.36","Numerous videos show a second satellite tornado rotating around the Braman tornado before it crossed Interstate 35. High-resolution research radar scans from the Doppler on Wheels project sampled this and the Braman tornado, and a good track of this tornado could be determined. This satellite tornado formed near or north of Fork Road west of 60th Street, initially moved north-northeast and rotated about 3/4 of the way around the Braman tornado before dissipating south of the Braman tornado. The path length was approximately 2.9 miles despite it dissipating only about 1/2 mile southwest of where it developed. Any damage produced by this satellite tornado was indistinguishable from the damage caused by the primary Braman tornado.","The first of several days of severe weather across the WFO Norman Forecast Area featured intense thunderstorms (supercells) across northern Oklahoma on the evening of the 23rd. An emerging upper trough and sharp dryline facilitated development of scattered intense supercell thunderstorms across portions of northern Oklahoma, with reports of large to very large hail, thunderstorm wind damage and several tornadoes. In addition to a family of well-documented tornadoes from east of Medford, Oklahoma (Grant County) to near Braman, Oklahoma (Kay County), a violent tornado impacted areas around Vance Air Force Base and the south/east extents of Enid, Oklahoma. This tornado prompted a rare Tornado Emergency, the first in the WFO Norman Forecast Area since May 19th, 2024.","OKLAHOMA"
"1331362","KAY CO.","NARDIN","04/23/2026","1800","Tornado","","EF1","0","0","200000","0","CST-6","","211771","C","71","OUN","0","0","NWS Storm Survey","","10.4","400","6.15","N","1.42","ESE","BRAMAN","04/23/2026","1832","36.899","-97.454","36.91","-97.3075","Braman Tornado: Numerous spotters and chasers observed this tornado develop in western Kay County. The initial damage occurred near 140th Street and Earth Road where a tree was uprooted and a farm house suffered roof damage. The tornado continued generally east breaking a power pole on 124th Street south of Earth Road and destroying a barn and damaging more power poles and trees near Earth Road east of 124th Street. The first of two satellite tornadoes developed in this area near Earth Road between 124th and 108th. The primary tornado moved north, then looped back around to an easterly movement as the motion of both the primary tornado and the satellite tornado was influenced by the Fujiwhara effect.||As the primary tornado moved east-northeast after this interaction, a barn was destroyed along Earth Road east of 108th Street, and a number of trees and power poles were damaged along 76th Street near Fork Road. As the tornado was crossing the Chickaskia River, a second satellite tornado developed and rotated around this primary tornado. The tornado continued east snapping power poles along 60th Street, and destroying two barns and more power poles along 44th Street just south of the city limits of Braman. The survey and mobile radar data from the Doppler on Wheels project show that the tornado made another loop just southeast of Braman and east of US-177, then moved southeast damaging trees along Fork Road east of 29th Street before dissipating.","The first of several days of severe weather across the WFO Norman Forecast Area featured intense thunderstorms (supercells) across northern Oklahoma on the evening of the 23rd. An emerging upper trough and sharp dryline facilitated development of scattered intense supercell thunderstorms across portions of northern Oklahoma, with reports of large to very large hail, thunderstorm wind damage and several tornadoes. In addition to a family of well-documented tornadoes from east of Medford, Oklahoma (Grant County) to near Braman, Oklahoma (Kay County), a violent tornado impacted areas around Vance Air Force Base and the south/east extents of Enid, Oklahoma. This tornado prompted a rare Tornado Emergency, the first in the WFO Norman Forecast Area since May 19th, 2024.","OKLAHOMA"
"1331433","JACK CO.","POSTOAK","04/25/2026","1843","Tornado","","EF0","0","0","1000","0","CST-6","","211971","C","237","FWD","0","0","NWS Storm Survey","","4.36","250","3.95","SW","5","S","POSTOAK","04/25/2026","1852","33.4112","-98.2002","33.3778","-98.1433","A tornado formed west of US Highway 148 at its intersection with Puddin Valley Road, in northern Jack County. This tornado tracked southeastward through open country, producing scattered tree damage and light structural damage to one residence. The tornado dissipated shortly after crossing Post Oak Road. The damage was consistent with high-end EF-0 windspeeds of 75-80 mph.","From April 24 to April 27, daily thunderstorms developed during the late afternoon and evening, triggered by a dryline and a meandering frontal boundary. These long-lasting supercells were fueled by a highly unstable and sheared environment, resulting in several tornadoes, damaging winds, and very large hail. Two fatalities occurred on April 25th.","TEXAS"
"1331438","JACK CO.","POSTOAK","04/25/2026","1852","Tornado","","EF1","0","0","10000","0","CST-6","","211971","C","237","FWD","0","0","NWS Storm Survey","","9.52","500","6.17","S","2.48","SE","MARVETTA","04/25/2026","1933","33.3614","-98.1633","33.2764","-98.0377","A second tornado formed in northern Jack County in association with the intense supercell which tracked across the county into Wise and Parker counties. This second tornado formed west of Post Oak Road, just north of its intersection with Campsey Road. The tornado moved southeast in open terrain producing substantial tree damage as it paralleled Campsey Road. Most of these trees exhibited damage consistent with high-end EF-0 winds on the order of 70-80 mph. However, a number of trees exhibited more significant snapping and twisting along this part of the track, commensurate with low end EF-1 wind speeds of approximately 90 mph. The tornado continued southeast for approximately 4-5 more miles producing additional high end EF-0 and low end EF-1 damage to trees, a couple of oil storage tanks, and a few homes and outbuildings. The tornado crossed State Highway 59 west of Cundiff, continued to track southeast and dissipated before reaching Coca Cola Ranch Road near the West Fork of the Trinity River.","From April 24 to April 27, daily thunderstorms developed during the late afternoon and evening, triggered by a dryline and a meandering frontal boundary. These long-lasting supercells were fueled by a highly unstable and sheared environment, resulting in several tornadoes, damaging winds, and very large hail. Two fatalities occurred on April 25th.","TEXAS"
"1331444","WISE CO.","BRIDGEPORT MUNI ARPT","04/25/2026","2003","Tornado","","EF2","1","6","5000000","0","CST-6","","211971","C","497","FWD","0","0","NWS Storm Survey","","1.41","650","3.16","W","4.49","SSW","LAKE BRIDGEPORT","04/25/2026","2007","33.163","-97.884","33.1634","-97.9081","An EF-2 tornado occurred on the southwest side of Runaway Bay with peak winds estimated at 130 mph. This tornado formed just south of Highway 380 near Port O Call Drive and Pinto Court where a 100 to 200 yard wide swath of EF-0 tree damage was observed. The tornado then continued towards the west, uprooting some trees and snapping large branches as it approached Cimmarron Trail. By this time the tornado was nearly a third of a mile wide, causing substantial tree damage and minor roof damage before moving into a residential area between Cimmarron Trail and Jasper Creek Road. Most homes in this neighborhood sustained high-end EF-0 and EF-1 damage with heavily damaged manufactured homes, broken windows, failed garage doors, uprooted trees, and substantial roof damage to single family homes. Within the broader area of EF-0/EF-1 damage, small vortices embedded in the tornado produced narrow corridors of EF-2 damage. The first instance was a two-floor residence on the northeast corner of the Cactus Canyon Drive and Brookview Drive intersection. Here, the home lost a substantial amount of roofing along with some exterior walls on the second floor. Two single-wide manufactured homes in the vicinity of this house were completely destroyed with debris displaced away from their original location. A second home in the northeast side of the neighborhood on Cactus Canyon Drive lost nearly all of its roofing. Wind estimates of this damage ranged from 120-125 mph. The most intense damage was observed with a double-wide manufactured home near the intersection of Overland Trail and Cumberland Trail. The metal frame was found 100 yards downwind of the original home site, with additional debris several hundred yards to the west. Severe tree damage was also noted just on the west side of Jasper Creek Road. This damage was consistent with a high-end EF-2 intensity tornado containing estimated wind speeds of up to 130 mph. A fatality occurred in this destroyed residence. The tornado was also at its peak width during this time, just over half a mile wide. The tornado continued into a forested area dissipating approximately 600 yards west of Jasper Creek Road, completing its 1.4 mile long path.","From April 24 to April 27, daily thunderstorms developed during the late afternoon and evening, triggered by a dryline and a meandering frontal boundary. These long-lasting supercells were fueled by a highly unstable and sheared environment, resulting in several tornadoes, damaging winds, and very large hail. Two fatalities occurred on April 25th.","TEXAS"
"1331448","PARKER CO.","SPRINGTOWN ARPT","04/25/2026","2042","Tornado","","EF1","0","0","100000","0","CST-6","","211971","C","367","FWD","0","0","NWS Storm Survey","","9.95","1150","1.08","S","3.33","SSW","LA JUNTA","04/25/2026","2110","32.9844","-97.7297","32.8758","-97.6227","An EF-1 tornado occurred in Parker County starting west-northwest of Springtown and tracking almost 10 miles southeast. The width of the tornado damage is listed as 2/3rd of a mile, but the distinction between the tornado track and nearby RFD winds of 80-90 mph is tough to determine; the actual tornado wasn't likely that wide. Damage along the path of the tornado was majority large tree limbs downed and damage to lightweight/metal buildings and roofs. Two homes sustained more significant damage to the second story of the home. These two homes were the justification for the 105 mph max winds.","From April 24 to April 27, daily thunderstorms developed during the late afternoon and evening, triggered by a dryline and a meandering frontal boundary. These long-lasting supercells were fueled by a highly unstable and sheared environment, resulting in several tornadoes, damaging winds, and very large hail. Two fatalities occurred on April 25th.","TEXAS"
"1331452","OSAGE CO.","APPERSON","04/17/2026","1801","Tornado","","EF1","0","0","0","0","CST-6","","211940","C","113","TSA","0","0","NWS Storm Survey","","5.6","900","16.89","WSW","11.54","WSW","APPERSON","04/17/2026","1809","36.685","-97.064","36.687","-96.963","This is the second segment of a four-segment tornado. This tornado moved east from Ponca City in Kay County into Osage County and across McCord, where numerous trees were uprooted, power poles were blown down, and homes and businesses were damaged. The tornado continued to move east, roughly paralleling the Arkansas River, and moved back into Kay County, south of McFadden Cove. Based on this damage, maximum estimated wind in this segment of the tornado was 95 to 105 mph.","Thunderstorms developed over north central Oklahoma during the early evening of the 17th, as a cold front moved into the area. The atmosphere became moderately unstable ahead of the cold front across northeastern Oklahoma and deep-layer wind shear increased during the afternoon and evening with the approach of an upper level disturbance. The resulting combination of instability and wind shear supported the evolution of a supercell thunderstorm that produced a couple tornadoes in Osage County. The thunderstorms also produced damaging wind. ||As the cold front progressed through eastern Oklahoma during the late evening of the 17th and early morning hours of the 18th, thunderstorms continued to develop across the area. The strongest thunderstorm produced golf ball size hail in Choctaw County.","OKLAHOMA"
"1331453","OSAGE CO.","APPERSON","04/17/2026","1811","Tornado","","EF1","0","0","0","0","CST-6","","211940","C","113","TSA","0","0","NWS Storm Survey","","6.9","1200","9.62","WSW","3.31","SW","APPERSON","04/17/2026","1819","36.692","-96.928","36.713","-96.808","This is the fourth segment of a four-segment tornado. This tornado moved back into Osage County from Kay County, south of McFadden Cove. It uprooted and snapped numerous trees and damaged homes southeast of McFadden Cove. The tornado moved east-northeast across Kaw Dam Road, Osage Cove Road, and Burbank Landing Road before dissipating over open terrain. Based on this damage, maximum estimated wind in this segment of the tornado was 95 to 105 mph.","Thunderstorms developed over north central Oklahoma during the early evening of the 17th, as a cold front moved into the area. The atmosphere became moderately unstable ahead of the cold front across northeastern Oklahoma and deep-layer wind shear increased during the afternoon and evening with the approach of an upper level disturbance. The resulting combination of instability and wind shear supported the evolution of a supercell thunderstorm that produced a couple tornadoes in Osage County. The thunderstorms also produced damaging wind. ||As the cold front progressed through eastern Oklahoma during the late evening of the 17th and early morning hours of the 18th, thunderstorms continued to develop across the area. The strongest thunderstorm produced golf ball size hail in Choctaw County.","OKLAHOMA"
"1331454","OSAGE CO.","APPERSON","04/17/2026","1813","Tornado","","EF1","0","0","0","0","CST-6","","211940","C","113","TSA","0","0","NWS Storm Survey","","0.3","75","9.25","WSW","9.18","WSW","APPERSON","04/17/2026","1814","36.7","-96.925","36.697","-96.922","This is the second segment of a two-segment tornado. This tornado crossed into Osage County from Kay County, after damaging boat docks at the marina. In Osage County, a few trees were uprooted south of Kaw Dam Road. Based on this damage, maximum estimated wind in this segment of the tornado was 85 to 95 mph.","Thunderstorms developed over north central Oklahoma during the early evening of the 17th, as a cold front moved into the area. The atmosphere became moderately unstable ahead of the cold front across northeastern Oklahoma and deep-layer wind shear increased during the afternoon and evening with the approach of an upper level disturbance. The resulting combination of instability and wind shear supported the evolution of a supercell thunderstorm that produced a couple tornadoes in Osage County. The thunderstorms also produced damaging wind. ||As the cold front progressed through eastern Oklahoma during the late evening of the 17th and early morning hours of the 18th, thunderstorms continued to develop across the area. The strongest thunderstorm produced golf ball size hail in Choctaw County.","OKLAHOMA"
"1331794","GARFIELD CO.","(END)VANCE AFB ENID","04/23/2026","1911","Tornado","","EF4","0","1","0","0","CST-6","","211771","C","47","OUN","0","0","NWS Storm Survey","","9.5","600","1.06","SSW","0.74","W","(WDG) WOODRING ARPT","04/23/2026","1948","36.326","-97.928","36.378","-97.803","The Enid Tornado initially developed near or on the southwest portion of Vance Air Force Base and moved east-northeast crossing over the southern edge of the runway complex, but remaining south of the majority of structures on the base. However as the tornado crossed US-81, it moved through the Gray Ridge Estates neighborhood where most of the houses in the neighborhood sustained damage, and many destroyed or receiving significant damage. Damage to at least three homes in this neighborhood was rated EF4. ||After moving northeast out of this neighborhood, the tornado moved through open land. Although the tornado continued moving through areas without structures, damage done to trees east of Leona Mitchell Blvd and north of Fox Drive was significant. At least one tree was debarked, and a hardwood tree was pulled from the ground and displaced 20 feet to the east. Farther northeast, significant ground scouring and severe tree damage was observed as the tornado crossed E0455 Road and South 16th Street. At Southgate Road, a number of structures were destroyed including two metal buildings, a warehouse and an outbuilding. An RV parked in this area was picked up and the chassis of this RV was found about 305-310 yards northeast of its origination point. Damage was rated EF4 in this area as well.||The tornado moved through more open land damaging trees as it approached S 30th Street. Radar and damage patterns indicate that the tornado moved in a loop briefly just southwest of South 30th Street and Rupe Road. A home was destroyed (EF4) and a number of other structures and trees were destroyed or heavily damaged along South 30th Street. Coming out of the loop, the tornado moved southeast across S 30th Street thereby continuing in relatively open land as opposed to moving northeast toward a d neighborhood on the southeast side of Enid. A farmstead was hit at S 42nd Street and Rupe Road destroying a barn, damaging the house and trees on the property.||Crossing Rupe Road, radar indicated the tornado likely moved in a loop again northeast of Rupe Road and S 42nd Street, before moving southeast and east and dissipating near Boggy Creek just west of Woodring Airport.||Despite the intensity of this tornado, there was only one injury that required transport.||Scientific notes: Researchers at the National Severe Storms Laboratory and the University of Illinois performed a variety of calculations to estimate the potential wind speed of the tornado. Two researchers performed a treefall pattern analysis to match the observed pattern of treefall to a simulated pattern from a vortex model. One researcher used this method to determine a probabilistic wind speed distribution from treefall near Southgate Road using six different sets of constraints. The calculated median maximum 3-second velocity in all of these six experiments was over 205 mph, and the interquartile range of two of these six experiments was completely over 200 mph. ||A second researcher also performed a treefall analysis with a Monte Carlo simulation slightly adjusting the input variables. Taking the runs with the lowest 0.5% error, a median estimated maximum wind velocity of 94 m/s (210 mph) was calculated.||A third researcher made calculations of the 300 yard displacement of the RV near Southgate Road using simulations with a 3-dimensional vortex model that does include modeled vertical motion of the tornado, again using a Monte Carlo simulation. Of the simulations that provided the closest match the displacement of the RV, the maximum winds of these simulations were 91-97 m/s (204-217 mph).||Based on these engineering calculations that included both 3-dimensional vortex modeling (including vertical motions) and 3-second averaging wind speed averaging consistent with the EF-scale values, it is very highly likely that this tornado produced winds that would be classified as an EF5 tornado in the vicinity of Southgate Road.","The first of several days of severe weather across the WFO Norman Forecast Area featured intense thunderstorms (supercells) across northern Oklahoma on the evening of the 23rd. An emerging upper trough and sharp dryline facilitated development of scattered intense supercell thunderstorms across portions of northern Oklahoma, with reports of large to very large hail, thunderstorm wind damage and several tornadoes. In addition to a family of well-documented tornadoes from east of Medford, Oklahoma (Grant County) to near Braman, Oklahoma (Kay County), a violent tornado impacted areas around Vance Air Force Base and the south/east extents of Enid, Oklahoma. This tornado prompted a rare Tornado Emergency, the first in the WFO Norman Forecast Area since May 19th, 2024.","OKLAHOMA"
"1331970","PALO PINTO CO.","MINERAL WELLS","04/28/2026","1600","Tornado","","EF3","0","5","300000","0","CST-6","","211972","C","363","FWD","0","0","NWS Storm Survey","","2.07","800","2.86","NE","2.7","ENE","MINERAL WELLS","04/28/2026","1605","32.8339","-98.0717","32.82","-98.06","The tornado touched down north of Mineral Wells near Sundown Road and FM 1821, producing minor tree and fence damage. The tornado then continued southeast crossing Ellis White Road before moving into the Country Club Estates neighborhood. Multiple trees were uprooted, multiple carports collapsed, and multiple homes were damaged in this neighborhood. The most notable was a home that had its entire roof and truss structure removed and displaced approximately 200 feet, consistent with 120 mph winds. The tornado continued southeast from here into Parker County where it did considerable damage in the same area.","A shortwave trough, slow moving cold front, and continued presence of a dryline resulted in additional severe thunderstorm development on April 28 and 29. Large hail was the primary severe weather occurrence. Destructive hail damaged several locations in North and Central Texas with hail sizes ranging up to 3.5-4 inch hail in Johnson County. On April 28th 4 tornadoes occurred including an EF-3 tornado in Mineral Wells.","TEXAS"
"1331972","MONTAGUE CO.","BOWIE","04/28/2026","1354","Tornado","","EF0","0","0","0","0","CST-6","","211972","C","337","FWD","0","0","NWS Storm Survey","","0.41","30","6.37","WSW","6.06","WSW","BOWIE","04/28/2026","1355","33.5251","-97.9466","33.524","-97.9396","Video evidence confirms a brief tornado developed east of Highway 59 near the Montague/Clay County line. Tree damage can be seen in the video.","A shortwave trough, slow moving cold front, and continued presence of a dryline resulted in additional severe thunderstorm development on April 28 and 29. Large hail was the primary severe weather occurrence. Destructive hail damaged several locations in North and Central Texas with hail sizes ranging up to 3.5-4 inch hail in Johnson County. On April 28th 4 tornadoes occurred including an EF-3 tornado in Mineral Wells.","TEXAS"
"1331974","PARKER CO.","COOL","04/28/2026","1605","Tornado","","EF3","0","0","2000000","0","CST-6","","211972","C","367","FWD","0","0","NWS Storm Survey","","2.59","800","3.48","W","2.46","SW","COOL","04/28/2026","1610","32.82","-98.06","32.794","-98.029","This is a continuation of the EF-3 tornado that began in Palo Pinto County. The tornado continued damaging homes and businesses southeast of Country Club Parkway producing damage consistent with 100 to 130 mph winds. A commercial building with a personal weather station measured 100 mph winds before the sensor failed. The tornado then intensified as it moved through the Fort Wolters Historical Park and Holiday Hills Estates. Multiple homes in Holiday Hills Estates had significant roof and window damage, producing damage consistent with 130 mph winds.||Significant damage was observed to numerous World War II era warehouse structures in the Fort Wolters Historical area. Several warehouses fully collapsed, while others only partially collapsed. All of the warehouses were built similarly with wood frames and large open spaces. The roofs were initially built similar to a residential home with plywood decking and asphalt shingles and covered with either tar and single-ply roofing membrane or sheet metal. Two warehouses also contained a brick parapet wall within the structure. One of these walls remained standing despite the entire structure around it being blown off the foundation while the other wall collapsed with the structure. Due to these factors and others surrounding the construction and structural integrity of the warehouses, it is most likely that the damage to the warehouses is consistent with 120 to 145 mph winds.||The tornado continued southeast, producing tree damage along US-180 from Washington Road to High Point Road. It then moved south of US-180 and lifted at an unknown location south of Cool.","A shortwave trough, slow moving cold front, and continued presence of a dryline resulted in additional severe thunderstorm development on April 28 and 29. Large hail was the primary severe weather occurrence. Destructive hail damaged several locations in North and Central Texas with hail sizes ranging up to 3.5-4 inch hail in Johnson County. On April 28th 4 tornadoes occurred including an EF-3 tornado in Mineral Wells.","TEXAS"
"1332019","JOHNSON CO.","GODLEY","04/28/2026","1717","Tornado","","EF0","0","0","0","0","CST-6","","211972","C","251","FWD","0","0","NWS Storm Survey","","1.12","300","7.43","NW","6.36","NW","GODLEY","04/28/2026","1719","32.5374","-97.6042","32.5222","-97.5976","A brief tornado was captured on video on the east side of Cresson. A drone flyover of the area allowed us to determine a path based on damage to crops and vegetation in areas the survey team could not access. Maximum estimated winds were 80 mph.","A shortwave trough, slow moving cold front, and continued presence of a dryline resulted in additional severe thunderstorm development on April 28 and 29. Large hail was the primary severe weather occurrence. Destructive hail damaged several locations in North and Central Texas with hail sizes ranging up to 3.5-4 inch hail in Johnson County. On April 28th 4 tornadoes occurred including an EF-3 tornado in Mineral Wells.","TEXAS"
"1332020","JOHNSON CO.","LAKE PAT CLEBURNE","04/28/2026","1750","Tornado","","EF0","0","0","1000","0","CST-6","","211972","C","251","FWD","0","0","NWS Storm Survey","","3.49","150","1.88","WNW","1.63","SSE","LAKE PAT CLEBURNE","04/28/2026","1800","32.3311","-97.4494","32.2986","-97.4082","A tornado formed in Byron Stewart Park, west of Cleburne, crossed onto Lake Pat Cleburne, and exited the lake on the southeast side. Tree damage was observed in the park and video evidence shows the tornado over the lake. On the southeast side of the lake along Lakeshore Dr, a small porch was damaged and overhead doors were damaged in an RV storage garage. This tornado was rated EF-0 with maximum winds of 80 mph.","A shortwave trough, slow moving cold front, and continued presence of a dryline resulted in additional severe thunderstorm development on April 28 and 29. Large hail was the primary severe weather occurrence. Destructive hail damaged several locations in North and Central Texas with hail sizes ranging up to 3.5-4 inch hail in Johnson County. On April 28th 4 tornadoes occurred including an EF-3 tornado in Mineral Wells.","TEXAS"
"1332021","JOHNSON CO.","RIO VISTA","04/28/2026","1810","Tornado","","EF1","0","0","50000","0","CST-6","","211972","C","251","FWD","0","0","NWS Storm Survey","","2.03","100","1.77","NNE","2.65","ENE","RIO VISTA","04/28/2026","1815","32.2524","-97.3654","32.2376","-97.3355","A second tornado from the same storm that produced an EF-0 tornado near Lake Pat Cleburne, and impacted a small area east of Rio Vista. Mostly scattered tree damage and damage to lightweight metal objects was observed along the path of the tornado. The tornado started near Hill Ct northeast of Rio Vista. One manufactured home off CR 1205 lost most of its roof covering, and the roof of a nearby home on CR 1107 was also partially removed. The tornado continued southeast crossing FM 916 and dissipating near CR 1204 and 1104. This tornado was rated a low-end EF-1 with winds of 90 mph.","A shortwave trough, slow moving cold front, and continued presence of a dryline resulted in additional severe thunderstorm development on April 28 and 29. Large hail was the primary severe weather occurrence. Destructive hail damaged several locations in North and Central Texas with hail sizes ranging up to 3.5-4 inch hail in Johnson County. On April 28th 4 tornadoes occurred including an EF-3 tornado in Mineral Wells.","TEXAS"
"1332219","VICTORIA CO.","DACOSTA","05/01/2026","1302","Tornado","","EF1","0","0","500000","0","CST-6","","212742","C","469","CRP","0","0","NWS Storm Survey","","1.1","400","3","WNW","3","WNW","DACOSTA","05/01/2026","1306","28.7366","-96.9158","28.7366","-96.9158","Evidence of a high-end EF-1 (110mph) tornado was found in south- central Victoria County. Drone footage showed a scour track that began over farmland between Crouch Rd and HWY-185, and ended near Crouch Rd east of York Rd along with a track of debris. In between, several manufactured homes on Jared Rd, Lexie Ln, and York Rd suffered significant roof damage, broken windows, and scattered debris correlated to circulation of a tornado. One manufactured home was completely destroyed along Jared Rd. The tornado track was found to be around 1.1 miles long and a width of around 400 yards, spanning from 2:02-2:06pm CDT.","On May 1, 2026, severe weather developed across South Texas as a shortwave trough moved eastward out of northern Mexico and interacted with a quasi-stationary frontal boundary draped across South Texas and the middle Texas coast. North of the front, a very moist air mass characterized by dewpoints in the lower to middle 70s combined with moderate instability to support widespread showers and thunderstorms. As the upper-level disturbance approached, increasing large-scale ascent and strengthening mid-level winds enhanced deep-layer shear, allowing some storms to become better organized and rotate. Despite extensive cloud cover and ongoing convection, sufficient instability remained in place for stronger updrafts capable of producing large hail. The combination of strengthening shear and organized storm structures also supported isolated severe wind gusts. Additionally, the development of a surface low along the Texas coast locally enhanced low-level wind fields and directional shear near the frontal boundary, creating a favorable environment for a brief, isolated tornado.","TEXAS"
"1332650","SMITH CO.","LINDALE","04/04/2026","920","Tornado","","EF1","0","0","500000","0","CST-6","","212831","C","423","SHV","0","0","NWS Storm Survey","","2.48","32","1.05","ESE","2.78","NE","LINDALE","04/04/2026","928","32.5131","-95.3839","32.5434","-95.3612","A mini-supercell developed and produced a short-lived, small, but intense EF1 tornado east and northeast of Lindale, TX. The tornado began in a field just south of FM Road 16 West, downing some small tree limbs and snapping the trunk of a pecan tree. At this same location, significant roof damage, consisting of shingle and roof decking loss, occurred to a single-family residence, resulting in a rating of EF1. The tornado downed a few more tree limbs before crossing FM Road 16 West. A couple of homes in the Woodcrest subdivision sustained minor shingle damage. Home security cameras in this|subdivision recorded the tornado's passage. The tornado continued northeast and crossed Legion Hills Road. In this location, a second single-family home sustained significant roof damage corresponding to a rating of EF1. A large oak tree was also uprooted on this property. The tornado continued northeast sporadically downing large tree limbs. A few more tree limbs were downed before the tornado lifted near the intersection of FM Road 2710 and County Road 4107. The tornado had estimated maximum wind speeds of 97 mph, a path length of approximately 2.5 miles, and a path width of 32 yards.","Despite considerable cloud cover across East Texas ahead of a cold front, relatively modest surface heating was ongoing by late morning on April 4th. A very moist air mass characterized by dew points in the upper 60s to lower 70s preceded the front. This environment supported scattered thunderstorm development along and ahead of the cold front, further aided by being on the southern fringe of the stronger mid-level winds helping propel the front. Additionally, MLCAPE values increasing to 1500+ J/kg and 25-35 knots of effective shear supported marginally organized storms capable of wind damage, flash flooding, and isolated tornadoes. However, poor mid-level lapse rates and a linear mode limited hail potential. As a result, one severe thunderstorm with quasi-supercell structure produced a brief tornado near Lindale in Smith County while a separate cluster of thunderstorms led to isolated flash flooding in Longview in Gregg County.","TEXAS"
"1333528","LEE CO.","SERBIN","04/02/2026","935","Tornado","","EF0","0","0","0","0","CST-6","","213053","C","287","EWX","0","0","Emergency Manager","","7.69","50","1.51","SSW","1.38","N","GIDDINGS","04/02/2026","955","30.13","-97.03","30.2","-96.93","The National Weather Service determined an EF-0 tornado touched down in Lee County this morning based on photos and drone footage received by the Lee County office of emergency management, combined with radar analysis. The tornado formed roughly six miles southwest of Giddings, roughly near the CR 208 and FM 2239, and moved northeast into Giddings before dissipating. Sporadic damage was observed to power lines, tree limbs, and tin sheds, as well as some small sections of tin roofs and eaves peeled back. Peak winds of 70 mph were estimated.","An upper-level trough moved across a dryline northwest of South-Central Texas and generated thunderstorms that moved into our area. Storm motion was toward the east-northeast while the low-level flow was from the southeast. This vertical wind shear in one of the storms was enough to produce a tornado.","TEXAS"
"1334350","SHACKELFORD CO.","IBEX","04/11/2026","2238","Tornado","","EFU","0","0","0","0","CST-6","","213151","C","417","SJT","0","0","NWS Storm Survey","","2.24","20","2","SW","1","SE","IBEX","04/11/2026","2240","32.6595","-99.1443","32.6698","-99.1078","A delayed report: There was a tornadic debris signature form the Dyess weather radar from 11:38 to 11:40 pm.","There were a few rounds of thunderstorms through this period. A few storms were severe with large hail and damaging winds and an isolated tornado.","TEXAS"
"1336011","WISE CO.","COTTONDALE","04/28/2026","1533","Tornado","","EF0","0","0","20000","0","CST-6","","211972","C","497","FWD","0","0","NWS Storm Survey","","1.55","250","1.3","NE","1.31","E","COTTONDALE","04/28/2026","1535","33.0851","-97.7065","33.0666","-97.6977","A tornado formed near the intersection of Spring Valley Road and Wise County Road 3355.  This tornado initially moved south, producing scattered tree, shingle, and outbuilding roof damage consistent with high end EF-0 winds.  The tornado crossed FM 2123, just east of its intersection with Wise County Road 3355 in the Cottondale community, and dissipated shortly thereafter.  Maximum estimated winds were 80 mph.","A shortwave trough, slow moving cold front, and continued presence of a dryline resulted in additional severe thunderstorm development on April 28 and 29. Large hail was the primary severe weather occurrence. Destructive hail damaged several locations in North and Central Texas with hail sizes ranging up to 3.5-4 inch hail in Johnson County. On April 28th 4 tornadoes occurred including an EF-3 tornado in Mineral Wells.","TEXAS"
"1336015","LAMAR CO.","ROCKFORD","04/24/2026","1939","Tornado","","EF0","0","0","1000","0","CST-6","","211971","C","277","FWD","0","0","Emergency Manager","","0.71","100","1.45","WNW","1.03","W","ROCKFORD","04/24/2026","1940","33.4893","-95.4726","33.4799","-95.4678","The County EM reported a path of damage near FM 1497 and CR 15600 in the southeast part of the county. Tree damage was observed in a twisted manner and along a convergent path, a shipping container was moved, and a boat dock was displaced out of a pond to the south along the track.","From April 24 to April 27, daily thunderstorms developed during the late afternoon and evening, triggered by a dryline and a meandering frontal boundary. These long-lasting supercells were fueled by a highly unstable and sheared environment, resulting in several tornadoes, damaging winds, and very large hail. Two fatalities occurred on April 25th.","TEXAS"
"1339920","PUSHMATAHA CO.","ANTLERS","05/27/2026","1407","Tornado","","EF1","0","0","50000","0","CST-6","","213568","C","127","TSA","0","0","Public","","0.7","100","0.31","E","0.8","NNE","ANTLERS","05/27/2026","1408","34.2306","-95.6147","34.2414","-95.6171","This tornado damaged the hospital, damaged a few homes, uprooted a tree, and snapped numerous large tree limbs. Based on this damage, maximum estimated wind in the tornado was 85 to 90 mph.","Thunderstorms increased across eastern Oklahoma during the afternoon of the 27th, as an upper level low pressure system approached the region. The air mass became moderately unstable during the afternoon, and wind shear northeast of the surface low pressure center across southeastern Oklahoma became supportive of rotating storms. Two tornadoes developed from these thunderstorms.","OKLAHOMA"
"1339922","CHOCTAW CO.","GOODLAND","05/27/2026","1745","Tornado","","EFU","0","0","0","0","CST-6","","213568","C","23","TSA","0","0","Public","","0.1","50","0.94","N","0.94","N","GOODLAND","05/27/2026","1745","33.9935","-95.5518","33.9935","-95.5518","This brief tornado was observed by several people. It produced no known damage.","Thunderstorms increased across eastern Oklahoma during the afternoon of the 27th, as an upper level low pressure system approached the region. The air mass became moderately unstable during the afternoon, and wind shear northeast of the surface low pressure center across southeastern Oklahoma became supportive of rotating storms. Two tornadoes developed from these thunderstorms.","OKLAHOMA"
"1340662","GUADALUPE CO.","NEW BERLIN","05/26/2026","920","Tornado","","EF1","0","0","0","0","CST-6","","213963","C","187","EWX","0","0","NWS Storm Survey","","2.91","70","2.43","N","3.73","NE","NEW BERLIN","05/26/2026","925","29.5052","-98.0991","29.5029","-98.0508","The National Weather Service conducted a damage survey of a line of thunderstorms that impacted portions of southern Guadalupe County during the late night hours of May 26th. The survey team found damage that supported the existence of a short-lived EF-1 tornado. A tornadic debris signature was seen on radar just north of where the most extensive damage was surveyed. The tornado may have started just east of Linne Rd. The most significant damage occurred north of Kunde Rd. with widespread tree damage surveyed. The circulation continued east where more tree damage was noted. The tornado may have traveled farther southeast, but the team was not able to access the property where there may have been additional damage. The damage was rated as EF-1 with maximum winds estimated at 105 mph.","An upper shortwave trough moved across Texas and generated thunderstorms. Some storms formed along a dryline over the western edge of South-Central Texas. Other storms formed east of the dryline in a conditionally unstable, moist airmass. Storms produced all severe hazards and locally heavy rain.","TEXAS"
"1340663","MAVERICK CO.","QUEMADO","05/26/2026","1619","Tornado","","EF0","0","0","0","0","CST-6","","213963","C","323","EWX","0","0","Storm Chaser","","0.52","25","5.64","N","5.14","N","QUEMADO","05/26/2026","1622","29.0314","-100.6361","29.0243","-100.6335","The National Weather Service received reports of a brief tornado across rural portions of Maverick County several miles north of Quemado. Several storm chasers had reported that a funnel cloud moved across US Highway 277 and briefly fully condensed to the ground just east of the highway for a short time. Small broken tree branches were noted off the highway, supporting EF-0 damage. Maximum winds were estimated at 65 mph.","An upper shortwave trough moved across Texas and generated thunderstorms. Some storms formed along a dryline over the western edge of South-Central Texas. Other storms formed east of the dryline in a conditionally unstable, moist airmass. Storms produced all severe hazards and locally heavy rain.","TEXAS"
"1341339","IRION CO.","BARNHART","05/19/2026","1519","Tornado","","EFU","0","0","0","0","CST-6","","214064","C","235","SJT","0","0","Storm Chaser","","0.31","20","11.88","N","12.12","N","BARNHART","05/19/2026","1521","31.3","-101.15","31.3031","-101.1462","There was a brief tornado touchdown reported.","A few severe thunderstorms produced large hail across the Concho Valley and Northern Edwards Plateau. Also, a lightning strike destroyed a hotel in Brady.","TEXAS"